cve_ageb,POBTOT,POB0_14,POB15_64,POB65_MAS,P_15A17,P_18A24,VPH_AUTOM,VIVPAR_HAB
1500500010164,1104,175,762,167,47,111,190,313
1500500010361,951,220,642,89,62,94,145,246
1500500010450,966,201,686,79,49,124,134,245
1500500040215,7929,2094,5447,388,457,991,642,1895
1500500160431,5123,1626,3263,234,322,657,321,1148
1500500180287,3060,876,2050,134,159,385,308,681
1500500320145,9373,2250,6410,576,509,1123,990,2075
1500500320376,1105,271,778,56,67,141,137,256
1500500320484,4222,1177,2915,130,266,501,604,1215
1500500340380,5054,1370,3391,293,277,629,412,1154
1500500350499,3877,1194,2504,179,202,487,244,835
1500500370395,3595,904,2469,222,218,449,306,830
1500500410287,2527,710,1704,113,149,299,261,551
1500500440338,3997,1295,2557,145,237,515,192,923
1500500450342,11746,2340,8964,435,453,1312,550,1796
1500500750323,2615,750,1767,98,168,319,226,614
1500501430501,2632,600,1881,151,137,330,503,751
1500501650516,3227,894,2241,92,230,418,368,897
1500501650520,5636,1638,3856,142,367,651,588,1325
1500501650535,1381,412,942,27,79,131,165,281
1500501650554,918,298,596,22,62,72,98,145
1500501670304,2887,932,1868,84,142,268,382,715
1500501680573,5503,1709,3646,148,275,502,780,1271
1500501680588,2576,779,1710,87,136,267,336,625
1501800010124,5939,1575,3998,366,287,810,554,1262
1501800010139,6044,1561,4036,447,341,726,586,1282
1501800010162,524,180,327,17,42,74,30,106
1501800010177,330,90,227,13,19,48,35,77
1501800010209,201,50,138,13,12,26,18,46
1501800050088,3095,890,2045,160,205,358,295,693
1501800060196,3758,945,2565,236,216,466,392,860
1501800080035,6832,1625,4559,494,372,783,692,1614
1501800100143,3919,1064,2616,239,237,497,375,976
1501800100158,1980,555,1278,147,115,226,196,484
1501800100213,42,9,31,*,*,12,5,9
1501800100228,134,42,88,4,11,23,14,26
1501800110232,2713,597,2010,106,107,190,912,915
1501800110247,2191,486,1600,105,100,161,716,731
1501800360251,3676,1096,2490,76,196,395,483,1152
1501800400266,2639,675,1857,107,132,200,767,760
1502200010042,3549,907,2380,262,201,376,301,884
1502200010057,3466,765,2351,350,173,366,328,881
1502200010061,2767,590,1929,245,138,324,313,738
1502200010076,9,3,5,*,0,0,3,3
1502200010080,82,24,55,3,3,6,8,25
1502200010095,103,29,73,*,5,14,12,26
1502200010108,23,*,18,3,*,4,*,6
1502200010112,291,73,197,21,13,31,30,81
1505100010186,402,122,274,6,28,15,105,93
1505100010241,3364,580,2482,302,136,396,588,896
1505100010256,2394,478,1657,239,90,284,383,676
1505100010260,5692,1288,4089,312,309,654,893,1558
1505100010275,10627,2558,7489,573,561,1167,1731,2940
1505100010453,4307,1145,3016,146,173,291,1268,1237
1505100010468,6380,1724,4403,238,305,792,1053,1612
1505100010472,0,0,0,0,0,0,0,0
1505100070294,2142,572,1414,156,105,258,262,499
1505100080167,2621,731,1691,199,155,327,171,594
1505100120152,3191,914,2095,182,174,386,333,766
1505100170400,3980,1063,2613,299,202,453,307,920
1505100200330,4561,1093,3078,326,237,517,424,1087
1505100200449,41,13,27,*,*,6,*,10
1505100210078,5361,1381,3606,374,276,603,392,1250
1505100220364,2498,636,1671,191,147,314,173,568
1505100230148,3033,828,2022,183,171,362,245,664
1505100240379,3196,842,2190,164,189,438,369,652
1505100240383,6532,1614,4519,394,417,914,682,1362
1505100240398,5288,1260,3662,310,304,751,447,1158
1505100240491,36,6,27,3,*,4,7,11
1505100260307,3287,878,2204,205,187,433,364,768
1505100260311,6176,1502,4179,495,366,749,726,1483
1505100260326,4912,1072,3353,487,278,582,535,1209
1505100260345,1051,224,739,88,46,106,151,280
1505100260434,60,19,38,3,*,3,7,16
1505100270148,3146,776,2105,265,165,386,362,778
1505100280415,3856,1028,2575,253,240,471,321,847
1505100280504,96,24,68,4,6,11,*,23
1505100300148,2522,724,1642,156,177,280,179,552
1505100860487,7240,1813,5254,167,280,646,2021,2245
1505100890152,4975,1392,3381,202,307,610,477,1158
1505100920152,2806,820,1875,111,201,374,247,610
1505400010258,3329,679,2366,283,160,411,563,826
1505400010281,1352,295,958,99,66,151,208,377
1505400010332,1040,178,733,129,47,108,258,297
1505400010351,663,139,480,44,33,76,165,178
1505400010510,1141,180,868,93,58,135,299,333
1505400010563,3231,628,2238,326,151,366,417,791
1505400010578,3378,615,2404,359,150,397,437,822
1505400010703,174,40,119,15,10,16,17,36
1505400010718,1409,293,1007,109,42,160,278,452
1505400010722,6482,1377,4511,593,298,762,895,1396
1505400010737,8004,1753,5548,703,376,891,1206,1977
1505400320031,8091,2087,5428,550,447,975,670,1765
1505400320760,1437,433,944,60,82,170,91,308
1505400320794,3255,750,2383,122,183,311,933,956
1505400340826,5027,863,3620,544,188,519,1131,1476
1505400340830,3242,534,2279,429,122,384,637,851
1505400340845,1345,179,919,247,59,159,226,346
1505400340864,1653,241,1084,328,62,170,274,430
1505400340879,4933,719,3712,502,178,576,1366,1346
1505400340883,2716,386,2015,315,111,322,861,847
1505400340898,2523,489,1856,177,132,279,525,666
1505400340900,1021,110,607,304,39,53,361,311
1505400350402,828,232,539,57,44,108,87,173
1505400350417,1260,343,855,62,82,172,124,267
1505400350633,2796,734,1904,158,138,345,300,633
1505400350648,4006,1037,2713,252,227,462,413,902
1505400350811,2111,582,1424,105,144,303,251,461
1505400370915,4699,836,3187,654,195,481,948,1216
1505400370934,4540,847,3055,632,198,464,867,1164
1505400370949,1608,345,1173,90,82,144,210,418
1505400370953,1639,273,1168,198,81,165,279,396
1505400370968,3990,846,2835,309,184,442,703,958
1505400370972,3553,737,2539,277,160,425,580,873
1505400370987,3429,810,2389,230,182,374,640,872
1505400370991,3240,863,2225,151,163,406,388,753
1505400381006,2972,388,2258,326,121,355,689,896
1505400381010,2062,272,1467,323,67,187,562,645
1505400381025,2594,473,1905,214,109,301,588,801
1505400381044,1279,202,799,273,52,126,255,375
1505400381059,2497,433,1779,285,112,280,555,712
1505400381063,1241,194,805,236,52,82,290,383
1505400381078,1163,156,791,216,43,93,301,370
1505400381082,4235,873,3031,318,163,476,855,1270
1505400381097,3789,901,2669,219,218,501,605,832
1505400410756,4140,909,2886,339,225,493,642,968
1505400430741,5042,1339,3360,343,280,555,531,1095
1505400431256,1087,332,715,40,79,127,117,261
1505400470652,4086,891,2882,313,218,476,474,1002
1505400470667,5064,1246,3465,328,247,625,560,1227
1505400491114,3635,723,2583,326,167,367,505,981
1505400491129,1924,298,1359,267,78,175,436,597
1505400491133,2861,410,1856,593,107,272,659,828
1505400491148,1690,241,1092,357,52,142,412,515
1505400491152,4410,726,3224,460,191,445,1015,1341
1505400491167,2603,488,1671,444,104,262,341,745
1505400491171,1925,337,1216,372,85,200,208,523
1505400491186,3122,591,2127,404,150,327,399,916
1505400491190,4445,951,3091,401,205,423,513,1247
1505400491203,6892,1393,4969,530,347,803,1715,1711
1505400491218,12090,2506,8853,731,514,1305,2057,3596
1505400491222,2301,311,1614,371,84,194,722,673
1505400491237,12930,3041,9254,634,752,1462,2971,3254
1505400491241,9185,1915,6647,618,454,1105,1910,2257
1505400550506,7558,1883,5155,519,418,909,910,1706
1505400550775,0,0,0,0,0,0,0,0
1505401061260,3832,930,2714,188,166,298,1160,1096
1505500010043,4883,1179,3349,355,239,594,677,1193
1505500010058,4349,1016,2956,377,230,551,552,1056
1505500010062,1622,470,1087,65,100,188,230,374
1506200010118,1533,447,1032,54,72,192,166,371
1506200010175,5279,1188,3633,458,281,602,543,1317
1506200010194,4285,1031,2851,403,193,488,491,1034
1506200010207,4243,979,2846,418,225,446,490,1005
1506200010211,3245,816,2199,230,156,376,342,780
1506200010226,3145,784,2156,204,140,381,340,720
1506200010230,3060,839,2052,169,179,407,241,660
1506200010245,601,152,412,36,35,66,88,155
1506200010264,600,144,430,26,39,79,73,140
1506200010298,233,69,156,8,15,40,20,52
1506200140300,159,49,108,*,14,20,21,40
1506200140315,201,59,128,14,11,22,28,55
1506200200048,4685,1074,3266,345,241,546,393,978
1506200200122,73,15,54,4,8,11,9,18
1506200200137,274,68,194,12,14,31,33,71
1506200200279,213,60,142,11,15,20,21,45
1506200220067,3628,835,2471,322,150,436,356,910
1506200220141,460,135,299,26,26,50,33,109
1506200220160,229,57,162,10,12,26,22,58
1506200220283,218,52,157,9,8,25,23,55
1506200230033,9757,2320,6781,656,558,1294,829,2028
1506700010190,6507,1562,4457,488,362,816,774,1548
1506700010203,6356,1607,4317,432,376,840,560,1387
1506700020133,2762,735,1850,177,158,339,312,653
1506700050218,4323,1108,3007,208,247,560,452,1010
1506700050222,511,133,347,31,36,61,50,123
1506700080129,3776,1105,2483,188,238,500,338,868
1506700090114,4728,1140,3233,355,288,601,553,1132
1506700120186,2854,887,1842,122,185,381,113,570
1506700130260,5102,1317,3503,282,304,684,462,1067
1506700140148,6701,1750,4561,373,407,800,729,1626
1506700150275,5454,1410,3748,296,293,746,501,1202
1506700220133,3154,932,2105,117,218,398,289,700
1506700280133,2578,753,1733,92,184,360,214,562
1506700450114,3942,1276,2509,157,260,557,209,814
1506700520167,2854,809,1980,61,101,241,617,748
1507200010059,4145,1042,2789,314,205,482,360,953
1507200010063,4710,1211,3174,325,280,571,441,1108
1507200010078,175,50,122,3,12,19,16,41
1507200010082,186,49,132,5,14,21,17,46
1507200010097,81,22,55,4,5,8,4,20
1507200170114,2837,803,1923,111,168,407,275,668
1507600010058,11545,3358,7615,572,652,1487,976,2286
1507600010062,10468,2797,7051,620,522,1190,1306,2319
1507600010077,6471,1790,4318,329,374,832,452,1289
1507600010096,4041,1067,2714,227,218,542,346,850
1507600010109,4860,1185,3358,316,297,636,423,1013
1507600010113,5729,1508,3916,305,328,668,612,1329
1507600010128,4367,1246,2907,209,246,568,296,886
1507600010132,3922,1035,2682,201,212,502,398,910
1507600010147,4628,745,3131,742,209,413,1098,1383
1507600010185,4699,1229,3217,249,309,588,513,1172
1507600010202,1971,612,1295,62,153,309,120,348
1507600010240,1173,367,780,26,77,158,47,235
1507600010306,3162,794,2095,193,151,396,348,773
1507600010310,4473,1202,3060,186,265,597,599,1067
1507600010325,3144,800,2172,172,186,405,359,698
1507600010359,4904,1190,3341,369,292,669,430,1025
1507600010363,3396,872,2389,135,172,362,480,719
1507600010378,868,235,580,53,50,125,98,167
1507600010382,296,83,204,9,12,40,21,51
1507600010414,4093,1071,2830,192,216,532,463,982
1507600120397,7681,2032,5246,337,392,842,1326,1774
1508700010070,3630,946,2413,261,187,402,409,860
1508700080121,2774,875,1770,129,167,342,255,577
1508700110117,3965,1276,2434,255,262,462,202,850
1508700170314,5119,1493,3373,253,324,668,469,1079
1508700210136,3849,943,2589,317,193,456,393,917
1508700230155,2707,799,1789,119,146,343,191,566
1508700270278,6852,1913,4620,319,450,988,407,1425
1508700290282,1350,421,849,80,73,152,98,299
1508700290297,4085,1319,2547,217,273,536,279,852
1508700300085,2001,669,1216,116,128,248,120,413
1508700300174,927,295,584,48,53,133,63,194
1508700300189,1132,373,720,39,94,173,49,227
1508700300329,362,121,223,18,25,52,6,69
1508700320102,3321,996,2166,159,188,431,359,735
1508700400155,2765,783,1844,138,169,390,221,604
1508700790333,4411,1216,3083,112,294,464,866,1055
1508700790348,2353,704,1576,73,108,209,488,628
1508700800352,4393,1376,2921,96,231,375,801,1128
1508900010060,354,78,244,32,14,44,45,85
1508900010075,175,41,121,13,5,15,13,50
1508900010111,2088,555,1393,140,105,225,190,528
1508900010126,2097,547,1371,179,109,245,166,525
1508900010130,1525,383,1023,119,69,174,113,374
1508900010145,64,16,47,*,6,9,6,14
1508900040037,2776,730,1859,187,152,332,232,651
1509000010146,4394,1183,3003,208,232,536,570,1083
1509000010150,4758,1030,3380,348,216,501,356,873
1509000010165,2472,559,1682,231,144,292,283,580
1509000010199,5382,1330,3593,455,301,618,590,1309
1509000010201,6095,1533,4085,477,346,708,665,1439
1509000010273,288,56,216,16,17,51,36,64
1509000010362,252,74,168,10,22,37,25,59
1509000060216,3069,971,1903,195,145,346,279,710
1509000060220,2789,824,1750,215,158,339,229,660
1509000060292,103,35,67,*,6,16,5,20
1509000060305,32,8,20,4,*,*,*,7
1509000060324,827,278,520,29,63,95,60,195
1509000060339,310,125,177,8,18,31,27,67
1509000060381,73,27,46,0,6,9,9,18
1509000270288,3351,979,2154,218,175,415,333,794
1509000280269,3548,1021,2308,219,197,437,366,825
1509000290112,2562,714,1703,145,150,313,271,624
1509000350127,3982,1241,2530,211,252,499,390,902
1509000350235,1170,353,766,51,70,140,160,274
1509000350254,882,288,555,39,48,114,78,185
1509000350343,271,102,158,11,13,36,34,64
1509000350358,99,35,62,*,8,12,12,24
1509000360023,5508,1897,3356,255,287,762,282,1202
1509000360377,777,290,467,20,47,118,46,162
1509000370076,5988,1433,4020,535,318,699,672,1559
1509000380184,3036,771,1973,292,154,379,224,713
1509000390057,6329,1520,4346,463,331,825,703,1559
1510600010307,4263,681,2966,616,178,502,813,1185
1510600010330,3278,541,2298,429,125,368,587,884
1510600010345,3682,465,2460,747,143,342,911,1175
1510600010379,6762,1243,4672,845,327,749,743,1848
1510600010383,1924,398,1310,216,101,174,203,461
1510600010398,3406,468,2358,580,134,420,612,946
1510600010400,2306,359,1635,312,86,312,347,659
1510600010415,2073,315,1475,283,75,230,430,642
1510600010434,3199,378,2135,667,90,360,740,979
1510600010449,4413,635,2972,803,156,406,1017,1440
1510600010453,1529,211,1101,217,52,147,285,475
1510600010468,3152,466,2247,436,106,360,645,992
1510600010472,733,73,469,191,25,67,222,245
1510600010487,3114,427,2141,546,104,312,603,931
1510600010491,3196,414,2210,572,100,313,642,965
1510600010504,3168,430,2231,497,110,330,565,964
1510600010519,1420,168,963,289,46,137,345,475
1510600010523,2551,294,1669,588,89,250,630,808
1510600010538,1764,213,1217,330,49,182,366,538
1510600010542,2231,308,1512,403,76,223,515,680
1510600010557,3932,686,2620,598,174,372,694,1105
1510600010561,4517,740,3175,578,184,550,710,1183
1510600010576,3946,463,2654,829,122,408,916,1215
1510600010580,1469,131,858,480,35,100,452,461
1510600010595,1254,156,877,221,40,208,243,376
1510600010608,2701,444,1921,336,99,364,392,760
1510600010631,2056,317,1364,372,70,214,418,539
1510600010646,5435,954,3815,666,255,640,768,1389
1510600010769,1352,163,846,343,49,117,346,418
1510600010773,1338,175,804,359,53,112,348,424
1510600011023,2494,444,1853,197,130,310,598,753
1510600011061,3738,730,2760,248,168,397,779,1145
1510600011678,1059,196,779,84,29,139,197,263
1510600011682,350,63,252,35,13,48,76,98
1510600011697,1083,165,708,210,30,75,292,343
1510600011926,3261,591,2303,367,155,432,474,816
1510600011930,3747,841,2648,252,166,437,437,958
1510600011945,3433,796,2403,234,160,381,504,868
1510600011979,819,158,570,91,33,90,124,194
1510600011983,2698,529,1899,270,126,318,420,671
1510600011998,6315,1418,4343,527,333,782,741,1527
1510600012017,3729,848,2563,318,195,413,514,919
1510600012021,3557,742,2529,286,188,408,517,929
1510600012036,2805,505,2008,292,124,325,464,793
1510600012040,2887,522,2051,314,127,347,418,737
1510600012055,5609,1107,3921,581,222,641,927,1505
1510600012074,4315,905,2962,362,177,467,580,1076
1510600012089,4011,680,2967,364,142,506,817,1184
1510600012106,3841,813,2599,427,147,444,484,828
1510600012110,2433,476,1663,294,98,258,332,704
1510600012125,906,167,649,90,29,115,150,220
1510600012144,2869,485,2019,357,158,321,456,737
1510600012159,1880,269,1344,267,87,188,357,442
1510600012214,4495,1041,3206,237,223,557,685,1095
1510600012411,0,0,0,0,0,0,0,0
1510600012426,1171,193,802,176,48,119,231,314
1510600012430,1134,139,731,264,32,112,318,350
1510600012445,2475,509,1822,144,121,361,377,652
1510600012816,1400,335,1011,54,66,221,230,409
1510600013104,4595,806,3437,345,180,504,972,1285
1510600013195,1932,387,1297,248,87,205,259,473
1510600013208,3047,472,2120,449,127,325,528,929
1510600013212,2069,371,1486,212,87,239,352,601
1510600013227,3059,590,2299,170,133,305,883,989
1510600013231,3575,553,2782,240,112,416,1038,1312
1510600013246,2130,450,1564,116,87,293,353,559
1510600013320,3808,942,2652,154,193,514,470,869
1510600013335,3297,874,2243,174,173,405,368,775
1510600013354,5539,1416,3809,301,322,706,607,1398
1510600013369,2788,800,1875,97,166,368,288,672
1510600013373,3487,793,2467,210,155,456,511,891
1510600013388,3004,639,2181,176,138,389,481,826
1510600434884,4019,862,2778,379,207,425,383,920
1510600434899,2700,564,1897,239,97,352,381,629
1510600434901,5383,1388,3703,292,299,663,440,1106
1510600441748,3617,793,2496,328,185,422,352,850
1510600441752,4638,1050,3168,413,245,544,472,1145
1510600442765,1141,301,791,49,56,139,160,283
1510600464812,1524,388,1051,85,97,157,279,381
1510600464827,2273,568,1612,93,120,294,351,554
1510600464831,2575,586,1841,148,142,308,387,639
1510600464846,4592,953,3226,413,229,482,665,1201
1510600464850,6297,1302,4308,687,291,669,769,1582
1510600464865,3442,669,2579,194,159,398,1037,1097
1510600495100,4721,1397,3116,207,292,549,443,1006
1510600501184,7820,2109,5219,456,421,917,649,1786
1510600502708,457,135,313,9,28,54,55,126
1510600503636,841,260,558,23,46,103,92,228
1510600512731,3558,1043,2348,130,229,450,329,768
1510600512746,5651,1717,3659,270,339,704,523,1261
1510600553655,5399,1749,3455,177,301,725,425,1228
1510600621767,5399,1546,3532,283,329,683,461,1111
1510600621771,7571,2198,4996,377,429,942,618,1627
1510600622407,1449,429,972,48,81,180,123,295
1510600622680,3761,1146,2449,166,231,488,305,831
1510600630241,5758,1241,3997,518,263,727,661,1310
1510600644916,0,0,0,0,0,0,0,0
1510600644920,4792,1071,3416,305,222,662,598,1156
1510600644935,2022,464,1452,106,101,284,274,505
1510600644954,4693,986,3311,396,212,533,652,1198
1510600644969,2757,581,1985,189,140,365,380,677
1510600644973,2966,598,2132,236,152,376,521,819
1510600644988,2729,718,1937,74,151,396,367,698
1510600644992,1059,266,761,32,57,133,190,301
1510600652977,1544,371,1110,63,75,254,192,432
1510600652981,2110,577,1443,90,116,311,212,524
1510600653458,334,93,225,16,14,53,38,88
1510600664668,728,242,461,25,47,94,56,173
1510600664672,749,232,494,23,54,85,76,181
1510600664687,1471,435,976,60,96,186,137,340
1510600664691,2032,632,1312,88,113,256,176,449
1510600664704,4845,1388,3227,230,316,607,422,1045
1510600664719,5443,1650,3585,208,321,681,462,1178
1510600664723,2115,652,1395,68,132,253,191,470
1510600664738,3204,1085,2016,103,221,369,280,683
1510600664742,4969,1482,3297,190,297,647,402,1085
1510600664757,6396,2000,4160,233,357,758,488,1372
1510600664761,4670,1449,3046,175,228,537,426,1068
1510600664776,5698,1816,3709,173,347,686,447,1288
1510600682500,3943,1267,2526,150,244,439,307,835
1510600683744,6949,2194,4494,261,417,858,510,1487
1510600701786,4986,1061,3439,459,276,573,635,1273
1510600701790,3081,679,2114,261,137,351,502,823
1510600702252,908,212,641,55,43,116,130,227
1510600703034,97,13,70,14,6,16,21,28
1510600703477,275,63,203,9,17,34,46,77
1510600704780,1141,278,802,61,58,156,228,305
1510600704795,825,159,623,43,37,122,142,226
1510600704808,1064,238,782,44,61,154,174,287
1510600715149,3206,850,2210,146,200,425,369,707
1510600722178,7984,2430,5280,274,501,1038,651,1634
1510600730294,5289,1423,3454,412,236,615,451,1173
1510600731574,1711,392,1175,144,104,229,189,407
1510600732750,679,216,437,26,37,95,42,146
1510600732869,292,65,199,28,15,32,52,81
1510600732943,1424,434,934,56,82,215,86,282
1510600754102,3764,908,2600,256,218,414,447,928
1510600754117,4884,1103,3427,354,236,579,616,1289
1510600754121,1595,240,1131,224,41,157,409,531
1510600754136,2897,566,2006,325,119,314,452,753
1510600754140,1297,289,917,91,55,167,178,341
1510600754155,2988,605,2140,243,111,289,462,868
1510600754174,4445,920,3154,371,242,475,678,1171
1510600754189,5463,1217,3815,431,289,631,790,1357
1510600754193,426,46,293,87,18,43,94,138
1510600754206,4660,821,3529,310,175,523,1080,1445
1510600775011,3043,752,2100,191,164,362,256,707
1510600775026,3207,848,2207,152,152,408,250,758
1510600781339,2738,667,1889,182,152,307,316,687
1510600791502,7525,2058,5061,401,421,876,744,1700
1510600792271,7455,2111,4971,373,446,935,715,1633
1510600792695,3892,1216,2538,138,231,523,279,786
1510600803814,2857,595,2080,167,150,352,495,769
1510600803829,2897,636,2095,166,145,375,508,755
1510600803833,2179,533,1533,113,98,275,339,558
1510600803848,2083,432,1454,197,125,230,323,550
1510600803852,2395,492,1654,249,124,279,306,602
1510600803867,1614,222,1240,152,66,210,503,553
1510600803871,1533,283,1104,143,80,163,370,447
1510600803886,2470,426,1795,249,99,265,618,764
1510600803890,1361,279,941,141,57,171,256,391
1510600803903,2021,446,1431,144,93,265,229,479
1510600822182,8406,2604,5504,297,458,1106,729,1749
1510600831517,7578,2237,4983,358,458,913,567,1643
1510600831521,4327,1132,2943,252,230,541,363,971
1510600831589,3060,913,1997,150,182,382,249,664
1510600831659,3208,860,2210,137,211,413,289,712
1510600832286,2469,694,1654,118,132,326,217,537
1510600832394,161,47,104,10,10,19,14,35
1510600832712,8681,2459,5809,413,491,1156,676,1910
1510600832727,8896,2577,5928,391,529,1163,656,1983
1510600832892,609,197,381,31,34,64,40,132
1510600833918,1622,487,1056,74,105,206,118,366
1510600833922,4493,1364,2970,159,261,577,319,1019
1510600841803,4878,1124,3411,343,247,634,488,1139
1510600842905,4441,1111,3066,214,229,540,592,1143
1510600843509,1083,309,729,45,52,143,111,250
1510600844598,4033,904,2780,296,211,487,432,947
1510600844600,2811,622,1999,185,164,334,568,702
1510600844615,5128,1246,3654,227,263,668,774,1365
1510600864210,2639,667,1858,114,155,334,363,663
1510600864225,669,157,479,33,36,76,79,179
1510600864244,4956,1165,3433,358,243,584,673,1184
1510600864259,4454,1023,3110,321,215,508,600,1144
1510600864263,5089,1102,3576,411,262,658,696,1195
1510600864278,4979,1124,3475,380,229,587,624,1231
1510600864282,5956,1333,4220,399,332,700,758,1397
1510600873960,150,41,104,5,8,14,17,36
1510600873975,27,5,21,*,*,3,5,5
1510600873994,2020,406,1458,156,92,240,406,503
1510600874009,1596,323,1149,124,64,194,288,469
1510600874013,2635,571,1832,232,131,293,240,656
1510600874028,2519,535,1735,249,120,276,283,656
1510600874032,2605,601,1874,130,131,321,389,689
1510600874047,1646,255,1317,74,68,238,390,565
1510600882479,3822,1082,2522,218,224,473,344,872
1510600904297,4178,1071,2888,219,245,566,494,936
1510600904314,1558,359,1140,59,85,218,307,442
1510600904329,3737,693,2840,204,137,464,950,1245
1510600904333,5907,1529,4065,313,295,804,641,1337
1510600904348,5047,1166,3630,248,256,546,1096,1411
1510600904352,5957,1334,4439,184,311,784,1311,1828
1510600904367,2516,626,1778,112,121,359,284,568
1510600924051,1480,365,1050,65,87,188,217,381
1510600924066,1062,217,763,82,51,129,183,346
1510600924070,2858,665,2062,131,150,382,506,777
1510600924085,4557,933,3209,415,233,504,551,1260
1510600933937,2819,666,1959,194,157,375,288,671
1510600933941,2764,716,1882,166,160,297,292,671
1510600933956,595,113,442,40,31,62,118,178
1510600951396,3687,926,2511,250,195,440,328,950
1510600971837,6913,1779,4662,472,408,804,609,1558
1510600971841,6354,1794,4178,374,353,736,535,1388
1510600972267,5095,1385,3388,322,219,584,529,1125
1510600975007,1382,422,910,50,71,172,123,298
1510600982515,4215,1219,2801,195,224,535,320,854
1510600992197,6778,2197,4297,281,439,871,681,1371
1510601122483,7890,2225,5340,325,501,1025,853,1874
1510601124653,2,*,*,*,*,*,*,*
1510601131451,3188,973,2111,104,204,396,394,733
1510601141269,2577,841,1622,114,162,332,191,534
1510601273621,640,195,421,24,45,110,40,129
1510601315115,2959,776,2115,68,85,118,963,961
1510601343439,2545,893,1565,85,146,278,200,505
1510601451288,3300,1097,2077,126,192,437,206,743
1510601885030,1766,555,1145,66,112,230,140,370
1510601885045,868,267,567,34,55,109,66,195
1510602115064,3090,956,2065,69,191,319,374,866
1510602203778,4090,1285,2685,118,232,408,512,1088
1510602215079,3746,1177,2483,86,193,372,544,1083
1510602285134,4257,1300,2879,78,241,407,544,1327
1510602305083,3765,1008,2659,98,128,215,1178,1307
1510602305098,1464,344,1087,33,39,95,468,491
1510602334371,3160,910,2105,143,179,409,297,684
1510602334386,791,178,575,38,31,81,111,226
1510602334390,983,242,699,42,41,99,141,262
1510602334403,3302,701,2269,332,133,305,531,954
1510602334418,5316,1567,3562,187,319,703,640,1232
1510602334422,2230,545,1624,61,119,253,548,674
1510602334437,1359,333,983,43,54,139,275,438
1510602334441,4909,1213,3550,146,272,564,1128,1441
1510602334456,5767,1135,4412,220,310,789,1266,1757
1510602334460,2626,549,1942,135,127,279,638,833
1510602334475,1864,405,1415,44,109,318,324,489
1510602344494,2568,652,1774,142,156,337,297,602
1510602354507,6685,1293,5117,272,262,877,1506,2196
1510602354511,1366,251,1049,63,59,197,329,422
1510602354526,3347,635,2539,173,183,463,727,961
1510602354530,1186,274,853,59,75,129,321,354
1510602354545,2043,436,1510,97,127,251,468,604
1510602354564,4354,1094,3099,159,234,390,1185,1340
1510602354579,2758,714,1928,116,110,244,743,807
1511500010043,11023,2759,7510,754,596,1359,1087,2484
1511500010058,11930,2970,8143,806,648,1371,1163,2795
1511500050062,5492,1588,3592,312,332,697,593,1380
1511500060081,5718,1490,3871,357,340,651,457,1382
1511500060096,5004,1242,3415,347,280,548,386,1172
1511500060109,502,133,332,37,33,44,34,120
1511500060113,57,19,35,3,*,7,11,17
1511500070062,2620,841,1659,120,176,315,291,577
1511800010079,3365,727,2312,326,162,374,413,845
1511800010083,6393,1277,4471,645,296,749,803,1593
1511800010134,5820,1264,4089,467,308,738,920,1474
1511800010149,5624,1298,3939,361,311,681,677,1312
1511800010219,1421,312,1014,95,81,171,220,362
1511800010280,1109,259,784,66,55,145,156,277
1511800010331,2398,632,1639,110,138,275,288,579
1511800010399,1422,351,1020,51,79,203,199,337
1511800010505,2369,521,1710,138,157,311,419,592
1511800010685,771,211,532,28,42,120,85,188
1511800010859,2046,473,1473,100,105,282,351,504
1511800250539,3100,827,2077,196,169,372,374,700
1511800390191,2634,722,1754,158,148,351,246,633
1511800530153,10704,2870,7260,574,597,1371,859,2295
1511800530276,6138,1881,3975,226,355,832,375,1234
1511800530454,514,133,359,22,28,68,56,131
1511800530581,353,87,250,16,30,49,30,75
1511800540863,6372,1643,4318,407,357,740,663,1418
1511800540878,2578,612,1781,185,132,330,279,600
1511800540882,681,219,439,23,37,76,73,143
1511800540897,2773,746,1918,109,136,349,374,665
1511800580242,2352,585,1545,177,139,288,198,522
1511800580257,416,119,277,20,18,57,33,90
1511800580261,971,246,670,55,56,125,113,225
1511800590416,6314,1841,4246,227,408,821,687,1419
1511800600740,3359,904,2312,143,209,459,344,781
1511800600755,2111,517,1474,120,96,245,223,462
1511800600774,3771,869,2586,314,173,448,371,805
1511800600789,2458,585,1722,151,125,287,279,546
1511800600793,1534,378,1092,64,85,198,205,366
1511800600806,3013,733,2156,124,155,378,433,749
1511800600810,2872,583,2093,196,146,391,581,736
1511800600825,2578,508,1849,221,117,326,494,679
1511800600844,3620,933,2552,135,179,311,1065,1088
1511800640350,3847,972,2586,289,203,425,362,857
1511800640365,3914,1080,2572,262,237,470,309,844
1511800640651,525,168,344,13,34,70,41,121
1511800640702,113,40,66,7,*,7,24,28
1511800640717,227,69,152,6,9,40,15,53
1511800670168,1769,435,1202,132,114,217,214,430
1511800670204,671,201,449,21,41,102,54,150
1511800670543,1242,347,839,56,89,150,114,276
1511800670596,638,217,407,14,39,94,33,133
1511800750420,3610,1096,2358,156,171,491,333,797
1511800850647,2588,715,1731,142,152,384,189,625
1511800870435,3980,1327,2506,147,272,599,66,857
1511800870609,3413,1010,2287,116,207,473,124,840
1511800870613,115,39,72,4,11,24,*,23
1511800870628,761,268,464,29,50,99,9,178
1511801150539,5289,1415,3655,219,368,794,504,1131
1511801340721,4960,1456,3392,112,249,499,946,1569
1511801340736,4240,1100,3017,123,210,524,901,1346
