cve_ageb,POBTOT,POB0_14,POB15_64,POB65_MAS,P_15A17,P_18A24
1400200000000,25250,7487,15866,1893,1728,2874
1400200010000,11110,2899,7299,908,580,1333
1400200010030,3574,870,2299,405,171,426
1400200010064,4853,1281,3179,389,245,557
1400200010079,1079,292,736,51,61,143
1400200010083,143,27,98,18,12,22
1400200010098,50,9,34,7,4,4
1400200010115,268,80,183,5,15,43
140020001012A,927,277,622,28,56,112
1400200010134,4,*,*,*,*,*
1400200010168,16,3,13,0,*,4
1400200010191,68,23,44,*,3,8
1400200010280,99,29,66,4,8,9
1400200010295,2,*,*,*,*,*
1400200010308,18,7,11,0,*,*
1400200010312,9,*,*,*,*,*
1400200020000,7802,2157,5064,581,429,942
1400200020045,4496,1156,2938,402,241,553
140020002005A,1139,268,763,108,67,111
1400200020100,1199,390,755,54,65,160
1400200020149,32,15,17,0,*,*
1400200020153,338,110,220,8,19,44
1400200020172,0,0,0,0,0,0
1400200020204,231,90,140,*,6,27
1400200020219,21,4,17,0,*,*
1400200020223,78,26,48,4,5,7
1400200020238,56,17,35,4,*,13
1400200020242,4,*,*,*,*,*
1400200020257,65,26,39,0,4,9
1400200020261,96,39,57,0,12,10
1400200020276,8,*,*,*,*,*
1400200020327,39,11,28,0,5,4
1400200020331,0,0,0,0,0,0
1400200040000,3039,836,1943,260,156,389
1400200040187,3039,836,1943,260,156,389
1403900000000,1385629,272081,940751,168417,61120,162854
1403900010000,1385621,272078,940746,168417,61120,162852
1403900010026,1433,144,1052,237,41,207
1403900010030,3440,484,2401,553,70,328
140390001005A,1538,170,1016,352,55,140
1403900010064,2647,293,1829,525,93,293
1403900010083,5123,920,3458,745,214,561
1403900010115,3304,419,2248,637,106,369
1403900010134,3236,565,2179,491,135,354
1403900010149,3170,360,2113,697,113,320
1403900010153,3944,550,2680,714,153,425
1403900010191,2777,535,1901,341,153,322
1403900010204,2702,614,1818,270,123,355
1403900010223,2945,666,1966,313,131,355
1403900010238,4875,1136,3255,484,229,629
1403900010261,5440,1373,3533,534,268,676
1403900010276,7097,1757,4710,630,352,859
1403900010280,2440,251,1819,370,72,286
1403900010295,2694,321,1765,608,73,233
1403900010308,497,63,348,86,12,66
1403900010312,2380,343,1657,380,79,255
1403900010327,1331,159,872,300,35,126
1403900010346,3132,507,2149,476,113,326
1403900010350,3820,674,2633,513,143,389
1403900010365,2444,313,1609,522,73,271
140390001037A,1895,214,1263,418,59,187
1403900010384,2419,330,1628,461,82,252
1403900010399,3486,453,2431,602,101,420
1403900010401,2118,300,1423,395,82,235
1403900010416,1597,187,1110,300,58,159
1403900010435,7566,1299,5130,1137,328,854
140390001044A,7371,1489,4923,959,380,889
1403900010454,7289,1401,4907,981,310,854
1403900010469,6148,1119,4235,794,274,801
1403900010473,5848,1162,3921,765,274,681
1403900010492,5650,1263,3770,617,259,681
1403900010505,5858,1143,4152,559,259,749
140390001051A,7354,1511,4913,926,340,853
1403900010524,5163,1112,3420,630,267,570
1403900010539,4087,844,2744,499,193,492
1403900010543,3991,912,2629,450,197,482
1403900010562,4180,291,1684,306,63,362
1403900010577,1432,107,1083,242,43,190
1403900010596,1774,163,1262,349,53,187
1403900010609,1844,172,1317,355,43,208
1403900010613,1648,155,1207,286,42,270
1403900010632,3396,467,2357,570,120,311
1403900010647,3054,514,2101,439,109,340
1403900010651,3971,704,2740,524,177,456
1403900010666,5070,860,3552,658,179,638
1403900010670,689,95,538,56,18,100
1403900010685,1913,207,1339,367,67,210
140390001069A,1975,277,1401,297,47,242
1403900010702,1836,286,1251,299,68,187
1403900010717,2799,429,1908,462,96,314
1403900010721,2864,479,2029,356,113,389
1403900010736,2327,333,1612,382,84,269
1403900010740,2571,302,1794,475,66,319
1403900010755,2956,309,2086,561,93,450
1403900010774,3189,554,2204,428,126,364
1403900010789,4767,860,3293,614,205,568
1403900010793,5805,1212,3859,732,243,672
1403900010806,5315,1040,3558,710,231,628
1403900010810,5299,1088,3588,623,233,650
1403900010825,3680,698,2637,345,176,485
140390001083A,5450,1101,3825,524,262,656
1403900010844,3105,628,2101,376,155,354
1403900010859,4308,927,2874,507,192,533
1403900010863,4771,1044,3211,516,244,601
1403900010878,3822,870,2554,398,228,465
1403900010882,4771,1000,3241,530,241,616
1403900010897,7285,1691,4875,719,365,918
140390001090A,6708,1716,4385,607,338,810
1403900010929,2565,217,1858,490,43,356
1403900010933,2127,185,1465,477,63,235
1403900010948,959,108,632,219,23,93
1403900010952,3251,475,2255,521,109,381
1403900010967,3438,607,2356,475,130,339
1403900010971,2335,367,1651,316,88,220
1403900010986,2000,297,1396,307,64,215
1403900010990,2212,379,1548,285,69,268
1403900011005,1664,260,1172,232,57,203
140390001101A,1340,208,933,199,61,151
1403900011024,2230,414,1533,283,82,307
1403900011039,2707,528,1872,307,108,369
1403900011043,2187,262,1513,412,77,249
1403900011062,1023,78,658,287,20,89
1403900011077,847,85,555,207,21,89
1403900011081,2681,360,1855,466,75,296
1403900011096,2001,253,1394,354,58,184
1403900011109,2210,302,1562,345,70,237
1403900011113,1954,491,1205,258,63,199
1403900011128,1632,206,1193,233,66,186
1403900011132,1680,191,1245,244,66,265
1403900011147,3002,439,2132,431,100,372
1403900011151,2172,376,1513,283,101,275
1403900011166,2417,401,1697,314,106,299
1403900011170,4531,741,3209,581,190,543
1403900011185,5210,937,3586,687,196,571
140390001119A,2055,337,1327,391,80,202
1403900011202,2008,394,1363,251,104,243
1403900011217,5444,1088,3712,644,253,654
1403900011221,3057,618,2068,371,142,369
1403900011236,3834,845,2571,418,183,451
1403900011274,2716,157,1051,361,46,142
1403900011289,1719,182,1238,299,32,183
1403900011293,886,87,616,183,11,69
1403900011306,617,60,426,131,11,65
1403900011310,981,62,755,164,20,74
1403900011325,2359,250,1766,343,58,229
140390001133A,1300,178,944,178,48,141
1403900011344,1167,152,882,133,29,137
1403900011359,754,78,540,136,29,84
1403900011363,1226,211,862,153,41,134
1403900011378,1543,231,1073,236,70,168
1403900011382,2849,514,1997,332,105,375
1403900011397,5120,920,3495,704,205,560
140390001140A,4485,840,3017,620,179,526
1403900011414,3951,753,2683,515,166,439
1403900011429,1902,363,1316,223,89,231
1403900011433,5008,972,3386,650,234,598
1403900011448,2753,594,1856,303,128,342
1403900011452,4217,922,2830,465,202,509
1403900011467,4745,1101,3103,541,221,572
1403900011471,4458,973,2989,472,218,539
1403900011490,5529,1304,3620,605,278,663
1403900011518,2605,597,1704,304,134,323
1403900011537,7726,1870,5299,557,417,982
1403900011556,1636,132,1231,273,49,231
1403900011560,822,53,612,157,21,82
1403900011575,449,42,346,61,5,47
140390001158A,270,13,235,22,4,38
1403900011594,227,15,181,31,5,23
1403900011607,688,63,546,79,6,52
1403900011626,513,77,358,77,14,30
1403900011630,386,57,284,45,8,52
1403900011645,1828,305,1274,249,75,181
140390001165A,5944,1129,3983,832,264,691
1403900011664,2178,396,1480,302,100,256
1403900011679,1848,338,1274,236,81,223
1403900011683,3329,688,2294,347,179,383
1403900011698,2957,575,2030,352,134,380
1403900011700,4300,925,2901,474,203,537
1403900011715,4773,959,3323,489,251,557
140390001172A,4658,950,3201,507,227,589
1403900011734,5234,1153,3602,479,264,615
1403900011753,2171,210,1565,396,50,198
1403900011768,2337,232,1706,399,52,244
1403900011787,507,42,378,87,9,43
1403900011791,408,44,314,50,5,36
1403900011804,424,37,339,48,7,44
1403900011819,469,32,365,72,5,29
1403900011823,486,49,334,103,15,38
1403900011838,533,48,405,80,10,48
1403900011842,1147,135,859,153,35,134
1403900011857,3322,442,2382,498,93,370
1403900011861,1324,219,953,150,55,140
1403900011876,911,179,614,118,35,103
1403900011880,1826,357,1235,234,74,194
1403900011895,1933,390,1300,243,96,234
1403900011908,3317,640,2244,433,137,413
1403900011912,2808,597,1854,357,126,303
1403900011927,2553,499,1734,320,105,323
1403900011931,1639,232,1140,267,79,215
1403900011946,2222,380,1482,359,92,290
1403900011950,2286,365,1577,344,98,315
1403900011965,2593,456,1822,315,127,260
140390001197A,2728,446,1839,443,103,383
1403900011984,2146,463,1401,282,90,225
1403900011999,1739,271,1210,258,81,205
1403900012003,2235,456,1500,279,93,256
1403900012018,2060,359,1418,283,83,262
1403900012022,4065,826,2732,507,196,476
1403900012037,2760,608,1808,343,127,317
1403900012041,1670,309,1111,250,55,205
1403900012056,3305,659,2296,350,169,391
1403900012107,614,104,414,96,21,64
1403900012111,2316,418,1595,303,115,284
1403900012126,1229,234,859,136,51,154
1403900012130,1943,95,659,94,20,62
1403900012145,1224,136,834,254,29,119
140390001215A,799,90,604,105,17,98
1403900012164,844,130,598,116,27,83
1403900012179,762,105,529,125,14,83
1403900012183,931,116,796,19,12,165
1403900012200,1191,209,831,151,57,131
1403900012215,2270,370,1604,296,97,304
1403900012249,3183,451,2270,462,115,468
1403900012253,3334,516,2267,551,136,417
1403900012268,3930,631,2680,617,177,421
1403900012272,2353,402,1589,362,102,266
1403900012287,3086,604,2128,354,135,343
1403900012291,3561,678,2436,447,166,406
1403900012304,4087,663,2772,652,126,354
1403900012319,4397,656,2969,772,183,486
1403900012342,2027,395,1351,281,77,236
1403900012357,2874,585,1947,342,115,343
1403900012361,1590,308,1075,207,68,198
1403900012376,1750,326,1189,235,59,196
1403900012380,1603,314,1106,183,72,213
1403900012395,2027,342,1392,293,84,221
1403900012408,1913,327,1337,249,81,212
1403900012427,1837,269,1249,319,55,174
1403900012431,1033,154,726,153,57,104
1403900012446,2051,352,1415,284,79,217
1403900012501,3267,550,2238,479,143,392
1403900012516,1807,327,1244,236,52,232
1403900012520,1593,291,1103,199,80,178
1403900012535,3821,572,2650,599,167,424
140390001254A,5415,721,3637,1057,195,571
1403900012554,11,0,10,*,0,*
1403900012569,3196,476,2160,550,115,324
1403900012573,0,0,0,0,0,0
1403900012588,3636,678,2480,478,156,453
1403900012592,3696,684,2422,590,146,423
1403900012605,444,75,301,68,24,42
140390001261A,1880,255,1359,266,57,232
1403900012624,4749,793,3364,591,200,528
1403900012639,4945,850,3381,714,210,599
1403900012662,2011,342,1358,311,82,239
1403900012677,1696,296,1177,222,59,191
1403900012681,4038,595,2648,795,133,371
1403900012696,6406,863,4264,1279,245,694
1403900012709,5623,773,3719,1131,184,563
1403900012713,3393,448,2328,617,148,403
1403900012728,3828,636,2480,712,140,391
1403900012785,5136,1059,3476,601,258,594
140390001279A,4961,1117,3241,603,236,574
1403900012802,8937,1843,5986,1108,442,1043
140390001286A,2400,574,1618,208,129,309
1403900013001,2282,594,1590,97,123,305
1403900013016,5380,1304,3698,347,307,726
1403900013020,4278,1033,2983,262,223,521
1403900013088,7760,1584,5272,904,358,923
1403900013143,2655,359,1812,484,113,289
1403900013177,7661,2129,5047,485,413,1017
1403900013209,5999,1294,4162,543,329,756
1403900013317,2911,264,2075,572,62,420
1403900013321,923,104,675,144,23,102
1403900013336,6612,1203,4781,628,218,735
1403900013340,7256,1322,5164,763,272,769
1403900013374,6111,1437,4064,610,303,842
1403900013406,4762,1136,3246,380,224,571
1403900013482,4455,1309,2852,294,263,573
140390001350A,2929,628,1919,382,131,335
1403900013514,2921,629,1924,365,116,299
1403900013529,3016,591,2044,381,118,346
1403900013533,1844,300,1246,298,75,230
1403900013548,1383,390,908,85,82,161
1403900013552,1826,409,1215,202,95,242
1403900013567,2867,654,1926,287,133,354
1403900013586,4397,904,3091,402,198,512
1403900013590,3233,805,2126,302,188,392
1403900013603,4489,903,3292,294,231,598
1403900013618,2845,678,1885,282,130,358
1403900013637,932,185,630,117,35,136
1403900013641,870,146,583,141,33,122
1403900013656,3096,446,2048,602,105,354
1403900013660,5426,1194,3626,606,255,587
140390001368A,1946,344,1327,275,77,187
1403900013694,1439,250,965,224,41,165
1403900013707,3663,696,2466,500,166,401
1403900013711,3070,574,2040,455,144,334
1403900013726,2382,460,1657,265,91,314
1403900013730,1089,228,739,122,47,150
1403900013745,3343,831,2271,241,158,388
1403900013764,2516,611,1742,163,143,296
1403900013783,5133,1148,3591,394,209,555
1403900013798,5737,1344,3875,516,300,649
1403900013800,5229,1009,3442,775,226,557
1403900013815,5972,1379,3945,648,320,677
140390001382A,4065,667,2789,609,174,448
1403900013834,3120,435,2074,611,121,331
1403900013849,1656,244,1134,278,61,191
1403900013853,1911,286,1278,347,63,297
1403900013868,4200,939,2853,408,206,527
1403900013872,6219,1394,4389,436,279,711
1403900013891,3644,836,2462,346,180,486
1403900013904,3454,727,2346,381,162,410
1403900013919,3541,693,2464,384,172,476
1403900013923,4286,994,3032,260,196,513
1403900013938,2667,717,1745,204,158,334
1403900013942,3436,934,2234,267,180,416
1403900013957,1171,169,875,127,26,132
1403900013961,2017,246,1398,373,66,206
1403900013976,2378,469,1679,230,88,303
1403900013980,1286,237,871,178,50,172
1403900013995,4225,717,2842,666,173,495
140390001400A,2960,520,2039,401,103,348
1403900014014,3969,980,2601,388,185,386
1403900014029,3376,758,2272,346,162,379
1403900014033,2004,289,1333,382,88,200
1403900014048,5939,1355,3906,677,278,711
1403900014052,5240,917,3718,605,183,580
1403900014067,2600,599,1761,237,117,257
1403900014071,2395,357,1661,377,99,251
1403900014086,2420,392,1685,343,87,271
1403900014090,2730,489,1841,397,113,333
1403900014103,3343,616,2336,391,164,407
1403900014118,3680,568,2498,614,137,431
1403900014122,3179,487,2244,447,147,339
1403900014141,1427,266,952,209,52,147
1403900014156,1891,405,1291,195,92,206
1403900014160,2479,590,1730,159,138,291
1403900014175,4696,954,3048,694,248,556
140390001418A,4537,1004,3052,481,199,464
1403900014194,3732,869,2511,352,224,441
1403900014207,4817,1202,3196,419,277,583
1403900014211,4952,1299,3235,418,252,581
1403900014226,4502,1156,2949,397,253,564
1403900014230,4112,1043,2728,341,221,512
1403900014245,4483,1195,2947,341,238,533
140390001425A,5144,1246,3464,434,244,643
1403900014264,2866,672,1967,227,151,411
1403900014279,3870,975,2573,322,227,537
1403900014283,5592,1172,4056,364,272,831
1403900014298,6517,1515,4281,719,347,753
1403900014300,5081,1127,3330,624,273,608
1403900014349,2021,360,1342,319,97,220
1403900014353,2928,538,1934,456,120,310
1403900014368,3033,620,2007,406,123,340
1403900014387,6168,1374,4505,289,298,983
1403900014391,4151,1059,2736,356,225,484
1403900014404,4369,1213,2825,331,233,552
1403900014423,6471,1450,4540,480,334,760
1403900014438,4428,1067,2948,413,225,534
1403900014442,4063,925,2717,421,200,472
1403900014457,1807,187,1319,301,39,385
1403900014461,2681,263,1920,498,76,329
1403900014476,7476,1636,5013,801,377,925
1403900014480,5137,1294,3446,396,234,581
1403900014495,4349,1032,2896,420,217,539
1403900014508,2403,404,1665,334,93,256
1403900014512,4757,988,3138,629,231,534
1403900014527,3204,566,2112,526,114,338
1403900014531,657,169,460,28,38,62
1403900014546,462,29,371,62,0,54
1403900014550,777,89,564,124,29,74
1403900014565,67,0,60,2,0,7
140390001457A,869,170,578,121,46,97
1403900014584,2297,299,1589,409,83,200
1403900014599,3297,404,2274,619,85,279
1403900014601,3520,769,2327,424,173,436
1403900014616,3942,921,2592,429,180,482
1403900014620,2986,691,2058,237,131,366
1403900014635,2896,693,1971,232,122,316
140390001464A,5227,1088,3806,333,293,687
1403900014654,4659,1074,3269,316,197,487
1403900014669,2308,388,1456,464,114,231
1403900014673,4058,817,2693,548,222,470
1403900014705,2177,351,1470,356,81,235
140390001471A,3040,656,2052,332,130,337
1403900014724,3284,675,2305,304,138,369
1403900014743,3042,528,1998,516,141,380
1403900014762,2342,285,1536,521,62,215
1403900014777,2679,344,1883,452,88,278
1403900014781,2986,666,1975,345,162,344
1403900014796,3178,785,2076,317,180,404
1403900014809,4279,713,3017,549,140,449
1403900014813,3428,574,2328,526,137,372
1403900014828,5053,1082,3455,501,291,653
1403900014832,3312,614,2226,472,138,364
1403900014847,4413,970,2977,466,221,593
1403900014851,2928,661,1965,302,153,372
1403900014866,2702,332,1924,446,80,281
1403900014870,1678,203,1211,264,54,172
1403900014885,3109,636,2088,385,127,388
140390001489A,2999,568,2030,401,130,329
1403900014902,2033,243,1454,336,48,205
1403900014917,2107,189,1496,422,46,208
1403900014921,2664,586,1800,276,137,332
1403900014936,2345,425,1586,334,89,286
1403900014940,893,167,653,73,33,115
1403900014955,2607,491,1948,168,105,313
140390001496A,2980,444,2179,357,120,371
1403900014974,2159,403,1570,186,85,244
1403900014989,2858,568,1827,463,152,304
1403900014993,3081,630,2005,446,157,392
1403900015008,4449,1119,2899,431,226,548
1403900015012,5358,1244,3574,540,283,692
1403900015027,3829,584,2514,731,160,368
1403900015031,3099,473,2028,598,121,303
1403900015046,4361,1187,2762,412,223,511
1403900015050,2497,674,1593,230,135,332
1403900015065,4763,1088,3178,497,250,598
140390001507A,3529,743,2344,442,162,434
1403900015084,3838,806,2629,383,212,452
1403900015099,2598,609,1737,252,127,325
1403900015101,4789,1160,3301,328,238,612
1403900015116,4326,1085,2914,327,238,542
1403900015120,3491,724,2412,354,165,427
1403900015135,3361,689,2288,384,150,417
140390001514A,4366,1004,2925,437,190,540
1403900015154,2653,613,1791,249,123,326
1403900015169,2394,509,1627,256,97,296
1403900015173,3324,726,2274,324,178,386
1403900015188,3913,933,2624,356,178,501
1403900015192,3526,879,2342,305,168,411
1403900015205,5156,1138,3678,340,237,573
140390001521A,3418,557,2274,587,142,392
1403900015224,6832,1359,4983,490,333,839
1403900015243,3622,815,2306,501,185,414
1403900015258,3767,995,2478,294,229,441
1403900015262,5739,1434,4082,223,300,668
1403900015277,5148,1397,3364,387,284,523
1403900015281,3133,543,2020,570,147,358
1403900015296,3129,568,2038,523,147,331
1403900015309,755,65,508,182,24,83
1403900015313,2173,339,1541,293,75,257
1403900015328,1120,149,767,204,49,108
1403900015332,1552,237,1047,268,70,171
1403900015347,3339,881,2204,254,177,434
1403900015351,1225,234,867,124,57,127
1403900015366,15,*,13,*,0,*
1403900015370,1587,189,1092,306,59,179
1403900015385,4544,1042,2978,524,212,511
140390001539A,3696,846,2439,411,174,448
1403900015402,2478,596,1660,222,110,274
1403900015417,3837,938,2518,381,238,455
1403900015421,3707,869,2474,364,193,475
1403900015436,3812,975,2498,339,197,466
1403900015440,4067,1053,2604,410,214,472
140390001546A,2692,708,1725,259,141,321
1403900015474,3387,785,2238,364,177,401
1403900015489,1073,268,682,123,54,121
1403900015493,3692,902,2442,348,183,474
1403900015506,4440,1225,2873,342,244,551
1403900015510,2659,656,1797,206,147,344
1403900015525,4780,1310,3055,415,248,567
140390001553A,3719,1050,2419,250,192,485
1403900015544,2653,763,1656,234,139,306
1403900015559,2617,625,1782,210,109,308
1403900015563,3227,634,2317,276,125,369
1403900015578,5104,1359,3461,284,239,681
1403900015582,3,*,*,*,*,*
1403900015597,2948,734,2037,177,162,390
140390001560A,2420,537,1733,150,119,309
1403900015614,2645,711,1786,148,151,328
1403900015629,4321,1106,2830,385,226,541
1403900015633,0,0,0,0,0,0
1403900015648,1687,249,1200,238,53,173
1403900015652,2202,190,1620,392,39,225
1403900015667,5008,972,3804,232,297,712
1403900015671,3934,925,2828,181,222,562
1404400000000,67969,20689,43982,3295,3821,8146
1404400010000,9561,2530,6174,857,544,1126
1404400010064,284,92,177,15,24,21
1404400010079,131,29,85,17,6,15
1404400010083,627,178,409,40,41,69
1404400010098,3326,841,2149,336,174,398
1404400010100,1954,484,1255,215,103,235
1404400010280,1544,474,984,86,79,188
1404400010295,1128,304,743,81,77,146
1404400010308,90,22,60,8,6,3
1404400010312,187,36,131,20,14,22
1404400010327,170,35,110,25,11,17
1404400010331,114,34,66,14,7,11
1404400010365,6,*,*,*,*,*
1404400020000,6794,1641,4585,568,375,906
140440002005A,311,64,222,25,12,56
1404400020115,1972,385,1334,253,87,248
140440002012A,2462,588,1659,215,149,344
1404400020134,1198,352,801,45,64,144
1404400020149,16,4,12,0,*,5
1404400020153,69,16,46,7,*,12
1404400020168,58,18,40,0,5,4
1404400020172,116,33,77,6,11,14
1404400020187,383,114,260,9,27,57
1404400020346,90,32,55,3,6,8
1404400020350,119,35,79,5,11,14
1404400050000,2637,713,1703,221,142,341
1404400050257,360,113,225,22,15,43
1404400050261,2046,546,1322,178,114,265
1404400050276,231,54,156,21,13,33
1404400100000,9753,3086,6400,267,577,1175
1404400100223,3500,1110,2276,114,212,407
1404400100238,2689,822,1784,83,172,306
1404400100242,2554,764,1729,61,140,338
140440010037A,1010,390,611,9,53,124
1404400540000,15279,5300,9681,295,887,1724
1404400540401,5087,1806,3188,90,313,548
1404400540416,3439,1104,2240,95,190,400
1404400540420,4154,1502,2592,60,210,488
1404400540435,2599,888,1661,50,174,288
1404401700000,3318,1156,2110,52,157,389
1404401700219,983,334,632,17,48,114
1404401700384,933,357,569,7,31,120
1404401700399,1402,465,909,28,78,155
1405100000000,30855,9832,19492,1526,1549,3533
1405100010000,9626,2472,6324,830,535,1216
140510001004A,1615,432,1089,94,99,224
1405100010054,3562,864,2328,370,180,391
1405100010069,2229,509,1456,264,121,290
1405100010073,823,231,556,36,39,132
1405100010088,61,23,37,*,*,6
1405100010092,282,71,187,24,22,34
1405100010105,0,0,0,0,0,0
140510001011A,17,5,11,*,*,*
1405100010124,21,4,11,6,0,*
1405100010139,341,114,218,9,29,56
1405100010143,185,64,113,8,11,20
1405100010158,136,37,93,6,10,17
1405100010162,334,108,215,11,21,42
1405100010177,20,10,10,0,*,0
1405100020000,16635,6011,10326,293,778,1775
1405100020181,3748,1325,2335,83,212,361
1405100020196,4540,1695,2775,70,185,436
1405100020209,3501,1201,2232,68,165,423
1405100020213,4846,1790,2984,72,216,555
1407000000000,232852,65557,157211,9906,12893,30189
1407000010000,27876,7444,18604,1799,1520,3444
1407000010030,1816,321,1202,293,85,198
1407000010045,2546,525,1657,364,115,255
1407000010098,1971,431,1381,159,87,251
1407000010100,2763,669,1871,203,146,351
1407000010115,2349,561,1627,161,129,322
140700001012A,1866,502,1284,80,116,257
1407000010134,3428,845,2392,185,195,418
140700001037A,273,82,175,16,11,21
1407000010384,1222,353,819,50,79,153
1407000010399,710,197,488,25,37,100
1407000010539,142,30,95,17,11,21
1407000010581,85,9,60,16,4,9
1407000010685,300,99,191,10,18,34
140700001069A,51,14,34,3,*,7
1407000010702,2580,817,1679,84,161,329
1407000010717,826,247,542,34,63,98
1407000010914,250,75,167,8,16,28
1407000010929,92,24,64,4,8,19
1407000011043,61,22,33,6,*,9
1407000011058,1176,393,763,20,73,127
1407000011062,26,5,20,*,*,3
1407000011217,75,36,34,5,5,5
1407000011240,232,66,153,13,12,33
1407000011274,40,13,23,4,0,*
1407000011289,41,14,24,3,3,*
1407000011503,2955,1094,1826,35,142,392
1407000130000,42576,12541,27780,2251,2550,5879
140700013005A,1352,341,890,121,68,197
1407000130083,2845,776,1864,205,160,346
1407000130238,1123,297,783,43,73,177
1407000130327,3550,918,2444,188,212,514
1407000130350,3463,1112,2209,138,198,467
1407000130365,2953,867,1933,153,168,436
1407000130401,520,125,337,58,21,62
1407000130416,3614,1048,2405,161,206,582
1407000130420,2546,778,1670,98,162,353
1407000130435,2487,814,1583,90,174,367
1407000130596,443,137,282,24,32,59
1407000131429,3317,1019,2156,142,194,424
1407000131433,1663,499,1074,90,88,222
1407000131448,3780,1213,2354,213,235,495
1407000131452,2965,968,1892,105,209,408
1407000131471,2192,561,1449,182,123,262
1407000131486,3763,1068,2455,240,227,508
1407000140000,29445,8019,19635,1777,1719,4040
1407000140219,1547,375,1065,107,92,208
1407000140223,2129,544,1419,166,100,265
1407000140276,3007,783,2018,206,213,420
1407000140280,1558,391,1075,92,68,210
1407000140346,1948,523,1331,94,112,274
140700014044A,2379,742,1533,104,136,284
1407000140454,68,27,37,4,*,7
1407000140469,1273,352,859,62,80,181
1407000140473,468,142,311,15,36,65
1407000140488,2035,652,1287,83,148,271
1407000140543,603,195,383,25,35,82
1407000140558,668,72,525,71,33,112
1407000140609,691,210,454,27,40,103
1407000140774,1094,323,720,51,65,175
1407000140810,1164,351,776,37,82,184
1407000140825,3050,828,2002,219,154,418
140700014083A,2095,565,1364,166,119,273
1407000140844,1915,467,1301,147,116,269
1407000140859,1698,462,1136,100,85,237
1407000140948,32,8,23,*,3,*
1407000141077,23,7,16,0,*,0
1407000200000,39246,12145,26023,1072,2139,4963
1407000200079,3579,940,2407,230,206,441
1407000200191,2953,773,2026,154,168,416
1407000200204,1859,468,1206,185,106,221
1407000200242,1052,287,722,43,69,160
1407000200257,0,0,0,0,0,0
1407000200261,520,132,351,37,21,34
1407000200613,458,149,296,13,32,59
1407000200789,7365,2391,4879,92,422,940
1407000200793,62,18,38,6,*,8
1407000200933,397,116,269,12,35,46
1407000201221,25,4,19,*,3,5
1407000201236,3667,1113,2462,92,238,422
1407000201255,1558,503,1024,31,81,168
140700020126A,2755,873,1854,28,144,469
1407000201382,3999,1327,2630,42,175,404
1407000201397,8997,3051,5840,105,437,1170
1407000210000,21834,6502,14291,935,1265,2947
1407000210721,632,174,432,26,41,81
1407000210736,2541,702,1725,113,152,300
1407000210740,409,145,251,13,24,48
1407000210755,496,149,331,16,35,81
140700021076A,489,135,322,32,26,61
1407000210967,912,322,544,23,39,103
1407000211005,1887,540,1201,81,99,233
140700021101A,3646,1078,2370,198,214,457
1407000211096,1917,580,1246,91,104,273
1407000211109,1680,472,1131,60,92,304
1407000211113,2252,656,1497,99,154,304
1407000211128,2543,784,1654,105,141,342
1407000211151,1677,520,1101,56,103,262
1407000211185,496,164,319,13,25,66
140700021119A,257,81,167,9,16,32
1407000430000,21215,6398,13750,1048,1288,2856
1407000430295,4098,1162,2698,238,218,545
1407000430308,2588,809,1645,134,149,357
1407000430492,1333,426,856,51,93,175
1407000430505,662,192,433,37,44,88
1407000430628,48,15,31,*,*,7
1407000430632,37,14,19,4,*,*
1407000430647,110,39,69,*,10,7
1407000430651,260,80,164,16,19,29
1407000430666,25,3,21,*,*,7
1407000430806,819,234,545,40,60,114
1407000430897,2773,840,1808,123,181,373
140700043090A,1296,397,832,67,66,179
1407000430971,243,71,160,12,11,31
1407000430986,23,10,13,0,*,*
1407000430990,75,26,47,*,4,10
1407000431024,1847,568,1194,85,90,275
1407000431039,1259,383,816,60,88,155
1407000431081,92,30,60,*,*,19
1407000431132,1023,312,648,63,63,120
1407000431147,1853,566,1209,78,135,268
1407000431202,751,221,482,31,49,94
1407000640000,4619,1366,3130,123,288,661
1407000641293,1556,476,1035,45,100,207
1407000641306,3063,890,2095,78,188,454
1407001110000,20381,6832,13193,356,1308,2580
1407001111310,1995,600,1347,48,149,283
1407001111325,3531,1093,2353,85,250,452
140700111133A,7492,2585,4800,107,466,1035
1407001111344,1579,494,1052,33,107,185
1407001111359,2000,633,1329,38,162,274
1407001111363,3506,1340,2123,43,158,316
1407001111378,0,0,0,0,0,0
1407001111490,278,87,189,*,16,35
1407001160000,11505,32,11348,125,11,1205
1407001161467,11505,32,11348,125,11,1205
1407001210000,3949,1258,2606,85,281,495
1407001211518,3949,1258,2606,85,281,495
1407001340000,3103,1166,1909,28,130,342
1407001341467,3103,1166,1909,28,130,342
1409700000000,727750,215808,485534,26105,42020,87350
1409700010000,44103,13062,29006,2027,2706,5517
1409700010195,1950,566,1289,95,113,267
1409700010208,953,286,631,36,72,120
1409700010212,2295,685,1511,99,143,268
1409700010513,106,35,70,*,3,11
1409700010528,1345,482,857,6,70,108
1409700010532,2209,670,1486,53,131,321
1409700010566,1,*,*,*,*,*
1409700010636,429,106,295,28,22,59
1409700010918,3178,840,2022,314,186,370
1409700010922,3406,904,2223,279,184,413
1409700010937,3051,799,1996,256,172,369
1409700010941,3656,912,2459,285,209,433
1409700011085,60,18,42,0,4,5
140970001109A,204,57,139,8,11,23
1409700011102,545,192,346,7,37,58
1409700011117,169,38,123,8,8,26
1409700011121,1,*,*,*,*,*
1409700011136,152,54,95,3,8,27
1409700011371,142,29,108,5,10,17
1409700011386,88,18,62,8,*,20
1409700012098,4226,1205,2902,119,309,648
1409700012100,3243,982,2158,103,230,448
1409700012115,7359,2410,4773,174,466,868
140970001212A,915,280,607,28,55,116
1409700012134,2047,729,1258,58,129,245
1409700012331,615,162,437,16,28,65
1409700012346,372,129,236,7,17,50
1409700012488,0,0,0,0,0,0
1409700013096,28,4,22,*,*,3
1409700013109,38,13,23,*,4,3
1409700013113,260,89,161,10,20,37
1409700013128,147,51,93,3,10,17
1409700013132,913,317,581,13,52,102
1409700013626,0,0,0,0,0,0
1409700050000,17818,5541,11575,702,1066,2084
1409700050335,2887,755,1884,248,193,335
140970005034A,2110,570,1354,186,117,233
1409700050640,0,0,0,0,0,0
1409700050655,253,84,160,9,17,24
140970005066A,27,8,18,*,*,4
1409700051314,11,*,9,0,0,0
1409700051329,47,14,29,4,5,6
1409700052581,37,13,23,*,4,3
1409700053147,2783,882,1853,48,163,349
1409700053151,1064,369,672,23,62,122
1409700053166,3796,1229,2476,91,200,471
1409700053170,0,0,0,0,0,0
1409700053503,1782,569,1174,39,120,190
1409700053518,1961,706,1226,29,101,207
1409700053575,896,281,597,18,75,127
1409700053768,164,59,100,5,7,13
1409700090000,20078,6340,13224,513,1170,2183
1409700092810,3599,1089,2378,131,193,431
1409700092825,2063,603,1407,53,120,236
140970009283A,2016,634,1335,47,133,221
1409700092844,2893,920,1904,69,173,326
1409700092859,1390,462,906,22,72,130
1409700092863,2962,966,1942,54,149,331
1409700092878,1705,554,1102,49,117,163
1409700092882,2210,702,1443,65,149,223
1409700092897,1240,410,807,23,64,122
1409700150000,8102,2293,5239,561,514,1074
1409700150227,1487,431,986,61,123,190
1409700150674,584,172,383,29,42,72
1409700150689,12,*,9,*,0,0
1409700150693,17,7,9,*,*,0
1409700150706,21,7,12,*,0,4
1409700150710,187,62,118,7,11,29
1409700150725,159,58,96,5,7,17
1409700150956,2030,505,1313,212,117,284
1409700150960,2617,712,1695,210,156,355
1409700151333,55,19,35,*,5,*
1409700151348,4,*,*,*,*,*
1409700151723,26,8,17,*,*,6
1409700151738,4,*,*,*,*,*
1409700152064,827,282,516,29,47,105
1409700152492,5,*,*,*,*,*
1409700152539,54,22,31,*,*,7
1409700153185,1,*,*,*,*,*
140970015319A,12,*,11,0,*,3
1409700200000,6159,1337,4383,438,266,634
1409700201013,6159,1337,4383,438,266,634
1409700210000,3238,756,2389,93,102,223
1409700213838,706,160,521,25,35,36
1409700213842,1160,272,854,34,32,101
1409700213857,1372,324,1014,34,35,86
1409700230000,4762,1474,3125,163,310,583
1409700232755,1144,316,751,77,75,143
140970023276A,2245,688,1491,66,152,287
1409700233202,1373,470,883,20,83,153
1409700250000,49402,11822,34574,2971,2495,5435
1409700250299,3940,1052,2691,197,259,549
1409700250354,3205,668,2113,408,165,355
1409700250369,4410,969,3023,411,252,524
1409700250458,629,144,429,56,27,61
1409700250462,1774,416,1245,113,104,231
1409700250477,3119,671,2275,173,169,411
140970025073A,43,9,34,0,0,*
1409700250759,30,10,18,*,3,*
1409700250763,4446,932,3267,245,222,451
1409700250778,133,37,87,9,7,16
1409700250782,293,66,205,22,14,29
1409700250797,1351,319,956,76,36,107
140970025080A,3241,740,2333,162,119,283
1409700250814,2537,616,1838,81,111,251
1409700250994,862,178,616,68,41,89
1409700251193,18,*,16,0,*,3
1409700251206,770,225,528,17,59,93
1409700251210,729,140,557,32,44,97
1409700251225,40,8,27,5,3,10
1409700251297,276,64,181,31,6,20
140970025130A,965,241,669,55,40,113
1409700251390,1285,322,852,111,59,133
1409700251403,209,46,149,14,12,19
1409700251418,970,229,669,72,51,92
1409700251422,166,44,116,6,3,23
1409700251456,2372,671,1649,52,163,351
1409700251460,179,46,124,9,13,19
1409700251988,536,186,340,10,29,72
1409700252191,106,14,81,11,6,16
1409700252204,973,255,667,51,46,84
1409700252223,2081,518,1419,144,89,176
1409700252295,185,32,130,23,9,17
1409700252399,1321,399,869,53,69,171
1409700252420,76,22,47,7,0,3
1409700252543,472,126,329,17,22,46
1409700252558,2,*,*,*,*,*
1409700252562,134,25,103,6,8,19
1409700252609,908,256,613,39,61,111
1409700253005,614,154,441,19,30,61
140970025301A,3,*,*,*,*,*
1409700253024,11,3,5,3,*,*
1409700253039,11,5,6,0,*,0
1409700253560,1650,377,1180,91,65,164
1409700253787,1203,340,838,25,38,79
1409700253791,283,73,196,14,11,23
1409700253819,841,172,641,28,26,59
1409700310000,2980,975,1819,186,186,377
1409700312774,1924,633,1186,105,127,257
1409700312789,1017,326,613,78,57,114
1409700313630,39,16,20,3,*,6
1409700320000,28770,8267,19075,1428,1924,3760
1409700320053,5417,1420,3630,367,354,650
1409700320180,3866,1089,2535,242,244,509
1409700320265,2909,895,1871,143,187,349
140970032027A,1973,588,1260,125,144,256
1409700320284,4148,1273,2671,204,281,542
1409700320481,54,13,38,3,5,6
1409700320496,128,39,85,4,15,25
1409700320509,544,193,334,17,36,60
1409700320829,2570,687,1762,121,140,334
1409700320833,134,37,92,5,9,17
1409700321140,395,123,253,19,21,45
1409700321155,111,29,74,8,8,20
140970032116A,1707,476,1198,33,123,274
1409700321174,141,40,95,6,12,17
1409700321189,1887,539,1309,39,140,291
1409700321437,2102,635,1407,60,147,280
1409700321441,103,19,81,3,14,21
1409700321831,348,104,235,9,27,40
1409700321846,57,14,42,*,7,5
1409700321850,31,9,19,3,0,4
1409700323217,145,45,84,16,10,15
1409700340000,12233,3210,8210,813,643,1505
1409700340250,4102,1220,2735,147,225,556
1409700340373,2906,676,1915,315,150,340
1409700340388,2369,590,1571,208,136,284
1409700340547,284,85,187,12,15,40
1409700340848,59,15,40,4,0,9
1409700341352,267,79,177,11,20,40
1409700341367,27,4,23,0,*,5
1409700342079,1940,460,1378,102,75,204
1409700342350,176,51,121,4,11,21
1409700342505,28,8,18,*,3,0
1409700343221,43,13,24,6,5,*
1409700343236,7,*,*,*,*,*
1409700343645,25,8,15,*,*,*
1409700350000,30849,9609,20128,1098,1658,3778
1409700350138,8676,2421,5773,480,462,1014
1409700350231,4077,1206,2662,209,256,562
1409700350246,1363,419,877,67,93,152
1409700350551,2259,699,1473,87,133,298
1409700350867,440,146,274,19,29,59
1409700352435,200,64,127,9,12,27
1409700353240,167,50,114,3,7,29
1409700353448,0,0,0,0,0,0
1409700353556,660,201,437,22,44,97
1409700353734,7181,2341,4702,137,318,738
1409700353772,5746,2034,3641,61,299,796
1409700353823,80,28,48,4,5,6
1409700380000,6072,1691,4079,300,372,745
1409700381795,1255,297,842,116,68,147
1409700381808,1517,449,973,95,74,183
1409700381812,91,21,65,5,8,16
1409700381827,172,48,117,7,13,22
1409700382242,1332,370,926,36,91,174
1409700382257,146,47,93,6,12,19
1409700382261,0,0,0,0,0,0
1409700382384,450,148,293,9,29,42
1409700382524,257,70,174,13,28,34
1409700383255,852,241,596,13,49,108
1409700410000,7529,2013,5019,497,441,924
1409700411009,781,226,514,41,45,92
1409700411259,3031,791,2042,198,197,342
1409700411263,3411,886,2275,250,184,458
1409700412149,77,25,50,*,7,12
140970041326A,10,*,*,*,*,*
1409700413274,39,14,25,0,*,5
1409700413289,35,13,20,*,*,*
1409700413293,5,*,*,*,*,*
1409700413306,24,9,13,*,*,4
1409700413310,55,20,34,*,*,4
1409700413325,54,20,34,0,*,3
140970041333A,7,*,*,*,*,*
1409700413344,0,0,0,0,0,0
1409700430000,2779,726,1819,234,183,358
1409700432613,1394,332,928,134,92,180
1409700432628,1385,394,891,100,91,178
1409700460000,5434,1910,3442,82,301,656
1409700463861,3310,1178,2077,55,183,397
1409700463876,2124,732,1365,27,118,259
1409700930000,1642,232,1089,321,57,187
1409700931028,1642,232,1089,321,57,187
1409701150000,11394,3456,7486,451,693,1442
1409701150871,927,299,590,38,61,120
1409701150886,1528,425,1013,89,82,205
1409701150890,2555,682,1693,180,156,350
1409701151278,252,63,183,6,17,31
1409701151511,1429,396,990,43,75,180
1409701151992,2509,832,1620,57,166,293
1409701152007,10,*,*,*,*,*
1409701152596,1790,601,1159,30,122,230
1409701153359,0,0,0,0,0,0
1409701153363,5,*,*,*,*,*
1409701153429,359,146,207,6,13,26
1409701153433,30,11,19,0,*,0
1409701800000,6459,1000,4736,651,298,801
1409701800301,2584,332,2007,245,122,364
1409701801047,113,28,78,7,7,7
140970180123A,1415,165,1023,227,64,163
1409701801244,2032,406,1398,156,88,234
1409701802577,315,69,230,16,17,33
1409704240000,16176,3815,11360,977,822,1895
1409704240443,186,34,128,16,6,34
1409704240570,1177,260,851,66,71,131
1409704240975,2346,546,1574,210,107,305
140970424098A,4353,1177,2959,217,224,591
1409704241761,6169,1407,4452,310,299,604
1409704241776,1945,391,1396,158,115,230
1409704390000,2654,976,1635,43,113,261
1409704393880,847,298,533,16,34,74
1409704393895,1807,678,1102,27,79,187
1409705600000,5131,1406,3531,191,252,666
1409705601032,2866,705,2022,139,130,366
1409705601282,17,3,10,*,*,*
1409705601719,458,116,321,20,24,67
1409705603467,1227,392,814,21,70,150
1409705603683,563,190,364,9,27,81
1409706130000,11182,3684,7304,194,555,1409
1409706133927,3788,1203,2524,61,198,485
1409706133931,3896,1302,2522,72,182,478
1409706133946,3498,1179,2258,61,175,446
1409706660000,2672,866,1748,58,195,318
1409706663950,2672,866,1748,58,195,318
1409707770000,10883,3234,7380,269,688,1437
1409707771780,4522,1149,3244,129,243,714
1409707772365,5277,1724,3434,119,368,596
140970777237A,0,0,0,0,0,0
140970777244A,1084,361,702,21,77,127
1409708220000,139174,43977,91946,3207,9128,18074
1409708221526,5561,1530,3807,209,359,810
1409708221530,12802,3783,8682,337,830,1650
1409708221545,5032,1442,3407,183,314,722
140970822155A,3676,1074,2472,130,274,500
1409708221564,6001,1562,4265,174,454,929
1409708221579,3884,1130,2624,130,273,522
1409708221583,5124,1576,3391,157,401,683
1409708221598,4906,1431,3329,146,361,690
1409708221600,3127,959,2104,64,197,415
1409708221615,2385,709,1620,56,156,311
1409708221899,2346,718,1558,70,157,297
1409708221901,1907,598,1265,44,132,267
1409708221916,3696,1182,2417,78,279,494
1409708221920,3386,1128,2188,70,245,413
1409708221935,3817,1223,2514,80,278,489
140970822194A,3911,1248,2578,85,291,496
1409708221954,3621,1203,2342,76,245,449
1409708221969,4456,1484,2884,88,338,572
1409708221973,3639,1227,2337,75,260,457
1409708222153,881,286,567,26,69,117
1409708222168,4183,1344,2746,90,279,512
1409708222172,4003,1361,2561,80,256,509
1409708222219,3099,959,2073,67,245,358
1409708222469,7728,2579,5017,132,467,919
140970822251A,156,63,89,4,6,18
1409708223043,3216,1046,2113,57,174,404
1409708223058,5933,1952,3883,97,389,706
1409708223062,1917,692,1183,42,78,200
1409708223077,4356,1468,2806,82,224,506
1409708223081,1594,565,1001,28,109,180
1409708223452,141,48,89,4,8,11
1409708223471,2516,781,1712,23,113,364
1409708223486,667,217,430,20,43,80
1409708223490,1283,464,807,12,93,139
140970822358A,1329,479,826,24,64,164
1409708223698,1467,461,991,15,79,208
1409708223700,3308,1204,2052,49,164,434
1409708223715,1736,562,1145,29,81,240
140970822372A,2164,757,1372,35,118,256
1409708223749,4220,1482,2699,39,225,583
1409708230000,6787,2351,4303,133,386,755
1409708234003,2368,842,1496,30,122,281
1409708234041,2700,874,1753,73,165,285
140970823422A,1719,635,1054,30,99,189
1409708270000,2891,654,2061,176,172,277
1409708274130,2891,654,2061,176,172,277
1409708310000,20465,5533,14218,712,1247,2167
1409708311634,4006,1069,2763,174,283,418
1409708311649,1617,376,1173,68,103,217
1409708311653,4111,1078,2887,146,269,459
1409708312011,2199,597,1527,75,126,244
1409708312026,2426,649,1687,90,139,262
1409708312030,0,0,0,0,0,0
1409708312045,1336,359,942,35,80,140
140970831205A,1291,376,861,52,67,120
1409708312187,0,0,0,0,0,0
1409708312971,878,243,613,22,48,99
1409708312986,7,*,*,*,*,*
1409708312990,2594,782,1762,50,132,207
1409708330000,28276,8613,18938,723,1507,3126
1409708331475,1644,478,1117,49,131,216
140970833148A,1937,518,1373,46,160,269
1409708331494,2014,587,1335,92,107,260
1409708331507,1681,415,1211,55,120,250
140970833162A,2035,589,1389,57,157,254
1409708331865,3607,1122,2375,109,192,358
1409708332276,2418,788,1565,65,116,227
1409708332280,506,168,325,13,22,51
1409708332454,1710,547,1109,54,71,144
1409708332933,5755,1833,3836,86,227,632
1409708332948,0,0,0,0,0,0
1409708333537,340,127,205,7,14,20
1409708333594,1164,353,791,20,49,95
1409708333607,2053,653,1346,54,89,193
1409708333753,1412,435,961,16,52,157
1409708350000,11758,3648,7855,240,704,1636
1409708352721,2546,755,1740,51,190,373
1409708352736,3035,967,1975,78,166,387
1409708352740,1791,479,1266,46,130,256
1409708353378,2946,995,1912,39,151,426
1409708353522,538,185,344,9,21,74
140970835365A,902,267,618,17,46,120
1409708360000,8602,2738,5642,222,554,959
1409708362793,2810,832,1893,85,208,287
1409708362806,4856,1601,3148,107,303,570
1409708363382,936,305,601,30,43,102
1409708370000,4597,1318,3166,113,250,541
1409708374198,2357,701,1611,45,109,281
1409708374200,2240,617,1555,68,141,260
1409708430000,37146,11951,24357,825,2349,4346
1409708432632,3314,1078,2150,84,232,362
1409708432647,3684,1228,2379,77,251,379
1409708432651,4195,1345,2769,81,272,503
1409708432666,4498,1327,3068,99,293,632
1409708432670,6311,2124,4067,114,342,700
1409708432685,2357,766,1532,59,148,321
140970843269A,3696,1058,2533,105,267,500
1409708432702,1961,629,1289,43,143,221
1409708432717,2775,899,1807,69,178,332
1409708432952,4094,1425,2583,85,210,367
1409708432967,261,72,180,9,13,29
1409708440000,14616,3659,10485,455,858,2015
1409708440744,137,37,95,5,*,10
1409708441687,4047,1028,2890,129,237,591
1409708441691,2777,725,1962,73,173,417
1409708441704,4797,1241,3411,145,333,762
1409708443397,15,5,9,*,*,0
1409708443611,0,0,0,0,0,0
1409708443804,2843,623,2118,102,113,235
1409708520000,3534,1218,2242,73,216,436
140970852415A,230,75,141,14,16,20
1409708524164,488,173,307,7,20,79
1409708524179,1704,600,1075,29,98,199
1409708524183,1112,370,719,23,82,138
1409708530000,13037,3972,8800,264,813,1691
1409708531668,3036,818,2148,70,221,466
1409708531672,3610,1000,2536,74,239,516
140970853187A,936,311,610,14,51,103
1409708531884,619,185,417,17,42,78
1409708532083,99,29,68,*,8,12
1409708532238,4737,1629,3021,87,252,516
1409708610000,3026,1063,1903,59,150,245
1409708614075,3026,1063,1903,59,150,245
1409708620000,17163,5428,11395,340,921,1831
140970862290A,3553,1124,2360,69,238,367
1409708622914,2600,858,1685,57,162,303
1409708622929,2998,1005,1935,58,154,353
140970862340A,3032,909,2063,60,144,300
1409708623414,4980,1532,3352,96,223,508
1409708630000,6769,2279,4401,85,285,835
1409708634111,2633,962,1627,44,142,310
1409708634126,3001,947,2025,25,102,398
1409708634145,1135,370,749,16,41,127
1409708700000,2522,651,1780,91,96,159
140970870408A,2522,651,1780,91,96,159
1409708710000,8529,3031,5331,167,401,844
1409708714056,4519,1597,2841,81,211,435
1409708714060,4010,1434,2490,86,190,409
1409708740000,23735,7922,15358,450,1230,2660
1409708743999,4907,1616,3197,94,243,508
1409708744018,8687,2873,5662,151,461,975
1409708744022,5218,1754,3342,122,263,571
1409708744037,4923,1679,3157,83,263,606
1409708820000,4384,1355,2949,80,164,469
1409708823984,2384,730,1605,49,91,238
1409708824215,2000,625,1344,31,73,231
1409708840000,9009,2806,6076,121,408,1123
1409708843965,5870,1817,3976,75,271,795
140970884397A,3139,989,2100,46,137,328
1409709030000,3631,910,2656,65,100,298
1409709033908,1149,285,848,16,41,104
1409709033912,2482,625,1808,49,59,194
1409800000000,687127,175311,464129,43111,36177,85689
1409800010000,650123,165865,439328,40894,34168,81510
1409800010031,1907,325,1256,326,79,202
1409800010046,6418,1191,4152,1069,284,655
1409800010050,4143,667,2689,787,183,429
140980001007A,3215,509,2169,537,128,363
1409800010084,3607,698,2468,441,182,470
1409800010101,5623,1034,3743,846,243,655
1409800010116,2668,549,1768,351,133,317
1409800010120,7377,1404,5072,901,291,863
1409800010262,4882,1415,3138,329,294,625
1409800010281,2209,496,1432,281,110,250
1409800010296,3102,798,2065,239,167,437
1409800010347,2180,287,1433,460,67,252
1409800010351,2359,329,1526,504,76,254
1409800010370,5858,1648,3913,297,280,779
1409800010385,6325,1756,4108,461,322,811
1409800010474,5452,1153,3928,371,270,681
1409800010506,4972,1126,3537,309,276,716
1409800010525,4780,1137,3152,491,267,593
140980001053A,3592,954,2477,161,150,280
1409800010597,8295,2404,5350,529,449,1096
1409800010671,9082,2599,6040,443,455,1037
1409800010690,5013,1250,3366,397,257,591
1409800010718,4399,1188,2954,257,226,583
1409800010775,3527,988,2309,230,183,404
1409800010794,4668,1402,3016,250,249,573
1409800010807,5347,1411,3651,285,274,734
140980001085A,5041,1411,3347,283,270,629
1409800010879,5,*,*,*,*,*
1409800010953,7942,2114,5497,326,399,875
1409800010968,9108,2972,5871,265,634,1183
1409800010972,2459,747,1612,100,144,337
1409800010987,5383,1581,3491,307,269,765
1409800010991,1349,331,923,95,88,189
140980001103A,4634,1109,3227,298,256,656
1409800011044,5696,1485,3810,401,338,744
1409800011059,3354,838,2209,307,182,396
1409800011063,4496,1121,3011,361,281,597
1409800011078,4885,1472,3166,247,309,630
1409800011082,5436,1530,3606,300,316,713
1409800011097,6042,1423,4241,378,287,743
140980001110A,4582,1122,3078,382,225,496
1409800011152,5590,1379,3715,496,291,725
1409800011167,3473,886,2362,225,204,444
1409800011171,3880,1181,2533,166,246,521
1409800011186,2773,899,1769,105,155,351
1409800011190,5754,1594,3784,371,329,728
1409800011203,4500,1252,2968,276,254,593
1409800011218,5166,1324,3499,343,270,692
1409800011222,5625,1563,3705,357,320,733
1409800011237,4965,1473,3293,199,320,693
1409800011241,2289,660,1488,141,125,304
1409800011256,1055,252,671,132,45,136
1409800011260,2173,524,1410,239,113,251
1409800011294,3231,865,2160,206,155,455
1409800011330,2330,371,1658,301,104,251
1409800011345,3224,588,2220,400,147,387
140980001135A,7229,2171,4751,307,392,962
1409800011364,3422,922,2230,270,182,425
1409800011379,5648,1551,3832,265,326,741
1409800011383,3466,1014,2264,188,205,500
1409800011398,3901,1057,2592,252,221,560
140980001142A,1587,376,1071,140,103,209
1409800011434,1685,418,1105,162,94,209
1409800011449,4273,1121,2849,300,219,543
1409800011453,2744,808,1787,147,171,364
1409800011468,4073,1226,2675,169,233,560
1409800011491,2491,546,1645,300,119,282
1409800011504,2451,481,1627,343,116,249
1409800011519,4658,1029,3385,244,226,679
1409800011538,5197,1143,3506,548,237,661
1409800011542,2526,521,1784,221,106,342
1409800011576,4298,1277,2805,215,250,600
1409800011595,2693,708,1843,142,160,353
1409800011608,2140,579,1437,124,106,271
1409800011631,2896,744,1952,200,168,343
1409800011646,3259,891,2153,215,201,403
1409800011650,492,123,357,12,6,37
1409800011665,677,180,486,11,44,64
140980001167A,20,6,11,3,0,*
1409800011684,1082,285,741,56,55,107
1409800011699,1291,331,949,11,52,191
1409800011716,908,269,600,39,44,69
1409800011720,101,27,70,4,9,14
1409800011735,4784,1403,3213,168,302,664
1409800011769,4091,1141,2733,209,239,550
1409800011773,1720,501,1136,83,92,261
1409800011788,100,28,65,7,9,13
1409800011792,68,14,49,5,*,14
1409800011805,457,153,295,9,36,71
140980001181A,527,155,354,17,30,77
1409800011824,808,293,480,35,53,101
1409800011839,4538,1376,2888,274,263,575
1409800011843,3451,1009,2217,225,200,400
1409800011858,56,16,38,*,0,13
1409800011862,1854,621,1173,60,118,250
1409800011877,1410,474,876,60,88,205
1409800011909,4614,1268,3114,232,254,637
1409800011913,2561,684,1739,138,144,363
1409800011928,428,102,259,67,15,38
1409800011951,4934,1320,3402,212,314,799
1409800011966,6599,2090,4276,233,423,941
1409800011970,4835,1410,3255,170,318,746
1409800011985,22,7,15,0,3,*
1409800012004,749,248,464,37,36,101
1409800012042,562,169,373,20,30,91
1409800012061,715,54,137,6,9,34
1409800012076,59,19,39,*,4,12
1409800012095,2,*,*,*,*,*
1409800012108,1796,575,1171,50,121,254
1409800012112,1642,386,1186,70,75,194
1409800012131,6540,1585,4743,211,333,867
1409800012150,4491,1185,3086,216,269,545
1409800012165,2846,565,1936,345,134,323
140980001217A,2753,519,1845,389,123,284
1409800012199,3126,830,2064,232,168,395
1409800012201,4406,1285,2898,223,281,548
1409800012216,5087,1618,3306,163,291,684
1409800012220,3373,945,2243,185,142,439
1409800012235,2816,795,1865,156,148,377
140980001224A,2320,697,1539,84,136,327
1409800012254,3094,923,2035,136,185,440
1409800012269,2714,732,1873,109,154,406
1409800012273,6364,2005,4165,192,378,687
1409800012292,5151,1046,3911,193,250,817
1409800012343,4266,802,3077,387,170,494
1409800012358,6027,1324,4147,556,295,688
1409800012362,8837,2188,6175,474,344,976
1409800012377,11412,2474,8257,677,486,1272
1409800012381,1674,321,1254,99,71,226
1409800012413,2892,582,2066,244,136,342
1409800012428,3688,712,2504,472,160,403
1409800012432,4933,1141,3251,541,254,501
1409800012447,2500,541,1613,346,124,282
1409800012451,2321,479,1512,330,121,246
1409800012466,6154,1558,4266,328,301,617
1409800012470,2123,479,1431,213,98,264
1409800012485,2324,414,1515,395,97,287
140980001249A,3050,730,1948,372,149,335
1409800012502,855,275,562,18,60,110
1409800012517,1958,484,1450,24,39,126
1409800012521,12,4,8,0,0,*
1409800012536,383,77,288,18,21,38
1409800012540,42,11,26,5,3,4
1409800012555,6843,1374,5176,293,407,1077
140980001256A,2982,567,2279,135,185,447
1409800012574,10673,1959,8300,412,393,2059
1409800012589,3927,785,3000,142,211,601
1409800012606,3379,599,2551,229,150,496
1409800012610,3048,663,2250,135,167,452
1409800012625,3803,1060,2561,182,227,546
140980001263A,2297,684,1518,95,159,341
1409800012644,1338,361,917,60,83,212
1409800012659,3802,914,2728,160,259,481
1409800012663,1782,457,1244,81,88,203
1409800012697,2939,767,2087,85,191,387
140980001270A,3577,907,2572,98,255,536
1409800012714,10208,2885,7051,272,511,1084
1409800012729,2667,740,1831,96,144,274
1409800012733,5093,1415,3500,178,325,567
1409800012748,504,161,313,30,30,56
1409800012752,1770,482,1189,99,75,201
1409800012767,1979,499,1306,174,109,228
1409800012771,3777,798,2832,147,240,547
1409800012786,2832,618,1974,240,163,334
1409800012790,3271,563,2494,214,196,472
1409800012803,3008,701,2227,80,182,411
1409800012818,4563,1074,3267,222,268,683
1409800012822,2394,607,1726,61,85,294
1409800012837,2606,697,1786,123,125,325
1409800012841,2698,694,1899,105,149,320
1409800012856,4573,1015,3426,132,225,652
1409800012860,2363,464,1805,94,123,334
1409800012894,1131,221,813,93,76,139
1409800012907,11,4,7,0,0,0
1409800012911,3467,906,2442,119,155,347
1409800012926,275,83,183,9,10,17
1409800012930,1055,167,346,9,45,84
1409800012964,633,142,468,23,31,72
1409800012979,158,50,96,12,7,21
1409800012983,1137,298,791,48,51,95
1409800012998,772,212,552,8,38,86
1409800013002,577,204,355,18,14,45
1409800013036,163,44,106,13,8,16
1409800013040,2407,544,934,71,98,184
1409800013055,1349,217,409,25,51,91
140980001306A,336,114,213,9,15,42
1409800013074,1562,441,1078,43,62,122
1409800013089,28,13,15,0,*,4
1409800013093,86,37,49,0,8,7
1409800013106,16,3,13,0,*,*
1409800013110,7,*,*,*,*,*
1409800013125,134,52,79,3,13,15
140980001313A,422,102,316,4,16,17
1409800013144,4,*,*,*,*,*
1409800013163,2497,926,1525,46,174,242
1409800013182,6059,2089,3857,113,321,572
1409800013197,176,48,117,11,16,29
140980001320A,6267,1963,4154,150,239,508
1409800013214,5792,1630,3979,181,346,694
1409800013252,219,85,133,*,11,25
1409800013267,987,277,689,21,25,61
1409800013271,982,266,699,17,26,50
1409800013286,1541,431,1087,23,45,80
1409800013290,384,126,237,21,21,53
1409800013303,297,93,190,14,16,30
1409800013318,242,97,140,5,14,23
1409800013322,1587,535,987,65,106,219
1409800013337,1102,387,670,45,67,166
1409800013341,1595,521,1000,74,118,215
1409800013356,14,6,8,0,0,*
1409800013360,0,0,0,0,0,0
1409800013375,1391,371,985,35,43,78
140980001338A,1028,120,210,13,29,41
1409800013394,793,54,86,5,8,17
1409800013411,182,43,137,*,0,8
1409800140000,23531,5694,16092,1737,1235,2630
1409800140027,3214,675,2139,399,172,388
1409800141114,3218,743,2116,359,172,365
1409800141129,5386,1308,3700,377,288,641
1409800142019,1362,337,925,100,81,156
1409800142023,2448,508,1816,120,163,343
1409800142038,219,46,164,9,12,33
1409800142127,1834,523,1260,51,124,244
1409800142945,462,114,320,28,25,58
140980014295A,2681,709,1825,147,85,177
1409800143017,634,177,419,38,21,40
1409800143021,54,12,40,*,4,10
1409800143159,117,40,77,0,6,16
1409800143178,1350,334,931,83,67,120
1409800143229,250,80,159,11,8,16
1409800143233,25,5,17,3,*,*
1409800143248,91,43,46,*,*,7
1409800143407,186,40,138,8,4,14
1409801280000,5251,1460,3655,136,379,687
1409801282875,3193,855,2253,85,228,446
140980128288A,2058,605,1402,51,151,241
1410100000000,569913,152833,383947,28914,31717,71938
1410100010000,442440,113763,300405,24915,24807,57967
1410100010147,6460,1752,4269,439,353,788
1410100010151,3288,896,2209,179,181,424
141010001019A,4667,1231,3173,263,264,664
1410100010202,6481,1744,4351,386,406,906
1410100010310,5473,1187,3772,497,267,694
1410100010363,6864,1831,4584,433,414,898
1410100010378,4896,1289,3216,391,238,581
1410100010382,3829,985,2564,280,191,496
1410100010397,5383,1517,3496,321,290,663
141010001040A,2761,657,1866,238,140,370
1410100010433,6985,2061,4652,272,371,889
1410100010448,2340,656,1535,149,139,323
1410100010452,4410,1249,2885,276,254,610
1410100010471,7761,2430,4986,338,514,1092
1410100010486,3541,942,2459,140,186,521
1410100010490,2951,761,2048,135,174,393
1410100010503,3143,793,2186,163,168,464
1410100010518,2418,720,1590,108,135,324
1410100010522,3217,985,2113,119,197,463
1410100010537,2884,644,1825,114,166,357
1410100010541,3752,1007,2574,171,228,555
1410100010556,2174,647,1440,87,127,267
1410100010575,4671,1266,3169,233,297,662
1410100010594,5786,1682,3925,166,345,710
1410100010607,2114,536,1442,136,125,292
1410100010611,2580,707,1752,121,167,363
1410100010626,3040,823,1978,236,180,370
1410100010630,2351,598,1629,124,141,330
1410100010645,2160,536,1489,130,141,279
141010001065A,4590,1111,3267,212,291,683
1410100010679,9075,2647,6007,367,538,1208
1410100010700,3634,819,2471,338,185,460
1410100010715,4443,1067,2949,326,243,556
141010001072A,4234,1106,2913,215,269,537
1410100010734,3003,726,2101,176,188,408
1410100010749,4806,1311,3144,351,276,571
1410100010753,4849,1259,3286,293,283,697
1410100010768,4908,1274,3338,268,293,641
1410100010772,5343,1405,3598,340,276,699
1410100010787,5882,1529,4120,232,370,856
1410100010791,5486,1391,3818,277,290,761
1410100010819,2451,617,1671,163,139,298
1410100010823,2948,550,2067,331,108,333
1410100010842,2348,425,1646,277,106,258
1410100010857,2176,486,1556,134,106,269
1410100010861,5456,1341,3846,269,267,631
1410100010880,2000,544,1386,70,127,265
1410100010895,2789,532,2104,153,134,415
1410100010912,5976,1468,4022,486,377,787
1410100010927,3969,799,2669,501,198,463
1410100010931,3877,750,2773,348,202,560
1410100010946,6466,1482,4367,617,353,849
1410100010950,4244,1117,2950,171,281,581
1410100010965,5031,1410,3406,202,302,750
141010001097A,1694,354,1166,174,85,227
1410100010984,3770,908,2528,334,223,479
1410100010999,5209,1279,3595,335,276,719
1410100011003,4053,1003,2696,333,241,441
1410100011018,2426,535,1621,270,130,299
1410100011022,2939,724,1998,217,156,350
1410100011037,4671,1052,3336,283,240,566
1410100011041,2115,469,1468,178,98,312
1410100011056,3521,831,2429,261,192,450
1410100011075,6428,1545,4586,297,295,768
141010001108A,5917,1374,4146,397,258,662
1410100011094,2721,770,1846,105,198,371
1410100011107,4487,875,3435,177,211,674
1410100011126,1865,514,1231,120,92,253
1410100011130,3241,986,2079,176,179,429
1410100011145,527,171,333,21,32,58
141010001115A,1165,353,778,34,92,144
1410100011164,3374,779,2431,164,165,512
1410100011179,1188,259,906,23,74,206
1410100011183,79,16,52,11,*,8
1410100011198,35,9,23,3,3,*
1410100011200,1850,478,1304,68,118,209
1410100011215,190,43,130,17,9,29
1410100011268,5497,1678,3613,206,320,705
1410100011272,1859,589,1195,75,139,229
1410100011287,684,212,446,26,53,102
1410100011291,9,*,*,*,*,*
1410100011304,3695,989,2414,292,207,420
1410100011319,2875,738,1847,290,161,284
1410100011323,3112,647,2166,299,163,349
1410100011338,1984,442,1348,194,98,210
1410100011357,2388,522,1780,86,112,339
1410100011361,3867,912,2764,191,203,540
1410100011376,664,179,463,22,26,95
1410100011395,4192,863,3196,133,220,666
1410100011408,3218,688,2397,133,171,433
1410100011412,2130,505,1524,101,119,268
1410100011427,1635,440,1138,57,92,239
1410100011431,3697,775,2811,109,235,612
1410100011446,3010,788,2008,214,177,368
141010001147A,4908,1267,3342,299,286,686
1410100011484,5706,1559,3818,323,357,713
1410100011499,330,97,223,10,11,43
1410100011501,217,50,155,12,16,30
1410100011516,1282,391,832,59,81,155
1410100011554,7411,2156,5002,253,446,858
1410100011569,2346,714,1539,93,160,335
1410100011573,3204,938,2094,172,190,426
1410100011588,1147,360,736,51,73,163
1410100011592,7352,2361,4741,236,383,794
1410100011605,2504,597,1789,117,96,295
141010001161A,4496,1125,3052,299,208,538
1410100011624,3933,1019,2626,287,183,543
1410100011639,3465,920,2395,150,218,474
1410100011643,1014,256,725,33,63,156
1410100011658,172,53,113,6,10,23
1410100011728,144,55,86,3,20,20
1410100011732,188,44,130,14,17,27
1410100011747,551,167,354,30,38,67
1410100011751,994,323,634,37,58,138
1410100011766,4428,1196,2989,243,281,614
1410100011770,2661,756,1775,123,165,403
141010001179A,2931,714,2052,165,176,372
1410100011817,323,70,241,12,11,49
1410100011821,279,74,197,8,21,42
1410100011836,116,25,83,8,5,18
1410100011874,22,11,10,*,0,*
1410100011889,15,5,10,0,*,*
1410100011906,416,113,298,5,26,77
1410100011982,3536,1012,2388,136,224,513
1410100011997,4534,1158,3180,196,295,635
1410100012001,5327,1233,3696,398,289,660
1410100012016,3983,1114,2736,133,230,569
1410100012020,5267,1137,3957,173,271,762
1410100012035,1891,459,1374,58,81,280
141010001204A,1565,393,1107,65,71,203
1410100012054,3082,674,2284,121,169,490
1410100012069,2806,837,1820,147,154,369
1410100012073,4483,1350,3002,131,310,600
1410100012088,694,230,453,11,47,105
1410100012251,267,68,178,21,11,36
1410100012266,123,36,82,5,7,10
1410100012270,14,5,8,*,*,*
1410100012425,755,45,86,4,8,13
1410100012459,18,9,9,0,0,3
1410100012478,712,230,457,25,36,87
1410100012482,56,16,39,*,4,8
1410100012497,992,305,672,15,50,104
141010001250A,1141,100,211,15,25,36
1410100012514,29,3,*,0,0,0
1410100012529,50,11,6,*,*,*
1410100012533,65,18,44,3,5,8
1410100012548,29,9,20,0,0,6
1410100012590,50,14,31,5,3,7
1410100012603,2071,287,637,13,45,84
1410100090000,64886,19259,43686,1921,3664,7618
1410100091450,4330,1300,2757,273,264,533
1410100091465,4615,1236,3186,193,336,655
1410100091520,811,255,526,30,34,64
1410100091535,635,159,445,31,30,87
1410100091662,383,104,257,22,33,49
1410100091677,5766,1644,3929,193,322,694
1410100091681,1960,544,1315,101,112,321
1410100091696,818,230,548,40,58,80
1410100091713,297,86,204,7,17,38
1410100091802,5402,1467,3811,124,366,744
1410100091840,179,54,122,3,9,20
1410100091855,75,32,43,0,4,11
1410100091893,100,24,75,*,9,15
1410100091910,3618,1146,2421,51,167,455
1410100091925,446,137,302,7,32,62
141010009193A,377,89,274,14,37,58
1410100091944,100,30,66,4,7,10
1410100092092,2003,541,1402,60,116,238
1410100092105,1693,557,1109,27,115,193
141010009211A,1398,361,999,38,80,157
1410100092124,1296,417,854,25,79,131
1410100092139,1480,431,1020,29,87,164
1410100092143,1965,619,1296,50,103,184
1410100092158,995,279,681,32,33,137
1410100092162,932,305,609,18,62,79
1410100092177,824,267,543,14,43,103
1410100092181,904,295,590,18,50,108
1410100092196,1009,306,683,20,55,114
1410100092209,3239,981,2167,75,189,301
1410100092213,2209,600,1531,78,109,210
1410100092228,2699,707,1880,112,147,350
1410100092232,204,55,139,10,12,27
1410100092247,414,151,251,12,20,58
141010009229A,1471,468,970,33,88,124
1410100092302,387,111,265,11,31,49
1410100092393,507,185,311,11,29,26
1410100092406,979,355,611,13,41,76
1410100092410,3299,1113,2124,62,137,314
141010009243A,0,0,0,0,0,0
1410100092444,277,97,171,9,8,21
1410100092586,3831,1226,2546,59,163,485
1410100092618,43,15,26,*,3,4
1410100092622,916,280,627,9,27,69
1410100220000,8585,2947,5424,214,447,802
1410100220024,2675,923,1683,69,156,230
1410100220081,2168,733,1369,66,134,207
1410100220096,627,186,424,17,19,59
1410100220113,3115,1105,1948,62,138,306
1410100260000,6050,1501,3918,628,302,705
1410100260683,2047,517,1317,213,102,238
1410100260698,1875,376,1231,265,75,231
141010026122A,24,8,16,0,4,*
1410100261234,6,0,6,0,0,0
1410100261249,57,18,35,4,*,*
141010026154A,24,7,17,0,6,*
1410100261709,1619,467,1042,110,91,193
1410100261785,40,10,24,6,*,3
141010026186A,343,97,219,27,20,31
1410100262285,15,*,11,3,0,3
1410100270000,6341,1925,4161,255,400,764
1410100272336,2437,732,1580,125,154,290
1410100272340,1888,570,1280,38,141,247
1410100272355,1148,346,736,66,67,155
141010027236A,868,277,565,26,38,72
1410100310000,8049,2833,4994,222,411,789
1410100312317,7085,2553,4395,137,350,680
1410100312321,964,280,599,85,61,109
1410100340000,8405,2805,5495,105,282,612
1410100340274,1841,624,1183,34,77,140
1410100341978,1500,478,1008,14,41,107
1410100342463,1707,559,1131,17,52,116
1410100342637,1970,656,1288,26,71,165
1410100342641,1387,488,885,14,41,84
1410100380000,5618,1980,3525,111,298,490
1410100380128,2244,828,1384,32,119,191
1410100380132,2815,972,1799,42,139,237
1410100380166,559,180,342,37,40,62
1410101890000,3280,979,2214,87,206,350
1410101892656,1869,573,1256,40,120,202
1410101892660,1264,374,858,32,75,133
1410101892675,147,32,100,15,11,15
1410101900000,3192,947,2157,88,232,422
1410101902374,3192,947,2157,88,232,422
1410101930000,3228,1056,2100,72,187,334
141010193268A,686,213,463,10,40,81
1410101932694,1922,647,1239,36,108,182
1410101932707,491,149,321,21,31,54
1410101932711,129,47,77,5,8,17
1412000000000,1476491,328031,998273,113576,68397,179405
1412000010000,1257547,264451,859094,105617,57542,155136
1412000010212,7602,1754,5181,667,329,983
1412000010227,8067,1863,5281,923,441,1054
1412000010231,10105,2195,6667,1242,501,1232
1412000010246,4489,973,3009,507,195,516
1412000010265,2514,365,1776,373,96,289
141200001027A,2972,473,2065,434,124,335
1412000010354,4977,941,3420,616,206,558
1412000010369,4739,929,3246,564,183,553
1412000010373,3328,663,2302,363,151,375
1412000010392,3591,571,2411,609,138,392
1412000010405,1682,247,1133,302,59,227
1412000010547,2887,304,1965,618,87,288
1412000010602,10105,3040,6556,501,625,1308
1412000010617,17959,5306,11852,801,1014,2517
1412000010636,1475,182,1047,246,48,139
1412000010640,3688,393,2498,797,79,344
1412000010655,1929,228,1308,392,56,218
141200001066A,2999,329,2072,598,90,288
1412000010689,2343,222,1667,451,50,226
1412000010706,4412,471,3084,855,109,434
1412000010710,5180,652,3541,987,176,570
1412000010814,4052,787,2695,569,148,448
1412000010890,4697,1065,3317,315,229,570
1412000010918,4313,764,2890,656,164,477
1412000010937,7260,1687,5052,520,362,943
1412000010975,1797,342,1350,105,89,217
141200001098A,2012,391,1511,110,102,311
1412000010994,3500,675,2491,334,146,505
1412000011009,663,123,487,53,29,97
1412000011032,8289,1904,5424,959,402,997
1412000011121,3124,439,2193,490,83,395
1412000011155,4440,553,3083,804,152,585
141200001116A,6272,795,4660,817,185,1003
1412000011189,3922,603,2871,441,105,423
1412000011193,8743,1909,6294,537,444,1103
1412000011206,6703,1272,4860,567,287,943
1412000011210,5366,860,3982,524,218,679
1412000011225,3374,311,2419,642,109,348
1412000011278,2742,330,1974,438,73,286
1412000011282,3575,408,2609,552,78,355
1412000011297,3329,412,2444,473,101,298
1412000011418,4229,744,2912,571,149,374
1412000011441,7456,1869,5266,320,420,924
1412000011460,4163,1094,2761,305,169,457
1412000011526,3516,990,2354,172,217,457
1412000011579,5824,1285,4210,329,230,833
1412000011634,1988,467,1318,203,120,223
1412000011649,2723,626,1836,261,159,350
1412000011653,2596,587,1769,240,140,323
1412000011687,4894,1237,3321,320,252,651
1412000011691,3369,770,2367,232,197,411
1412000011723,2311,584,1529,198,117,271
1412000011742,4629,1241,3096,290,228,592
1412000011757,1982,437,1382,163,105,256
1412000011795,5426,983,3556,887,234,642
1412000011808,3599,736,2296,567,183,409
1412000011812,3082,543,1931,608,152,349
1412000011846,2256,522,1574,160,78,248
1412000011850,3966,650,2955,359,139,436
1412000011865,2424,447,1808,168,91,303
141200001187A,3215,728,2240,247,141,367
1412000011884,3286,893,2215,177,181,468
1412000011899,4473,1080,3145,247,254,593
1412000011901,3088,749,2105,234,162,380
1412000011920,4685,726,3598,360,152,543
1412000011935,5082,895,3674,513,159,580
141200001194A,4456,845,3289,322,158,471
1412000012064,17,4,13,0,*,3
1412000012115,5380,1602,3493,277,343,755
141200001212A,2632,713,1758,160,158,371
1412000012134,3036,890,1990,153,184,387
1412000012172,2351,225,552,43,46,117
1412000012204,7382,1321,5680,380,372,1107
1412000012219,3156,887,2065,199,178,373
1412000012223,2259,168,443,32,43,104
1412000012238,1902,237,1360,305,69,284
1412000012242,3010,317,2278,415,74,279
1412000012257,4584,1123,3161,300,247,587
1412000012261,5699,1181,4188,330,246,758
1412000012276,1864,349,1273,242,79,226
1412000012280,5692,1111,3989,592,228,728
1412000012295,4739,1285,3261,193,265,681
1412000012308,3635,821,2610,203,196,527
1412000012312,3627,955,2481,191,206,561
1412000012327,3306,764,2323,219,162,447
1412000012331,3703,866,2441,377,195,458
1412000012346,2929,621,2013,295,128,368
1412000012350,3928,453,2839,636,108,397
1412000012365,3294,415,2299,580,84,352
141200001237A,3901,1041,2622,238,219,498
1412000012384,2625,576,1861,185,128,340
1412000012399,4322,1040,2892,390,218,554
1412000012401,5405,1475,3484,446,301,660
1412000012416,1234,129,864,241,37,140
1412000012420,3116,295,2402,419,62,407
1412000012435,5424,1127,3726,568,246,640
141200001244A,4346,809,2951,585,129,417
1412000012454,3821,1064,2580,177,218,501
1412000012469,2304,662,1533,108,147,356
1412000012473,8383,1655,5959,765,381,992
1412000012488,1571,337,1108,126,81,212
1412000012492,2000,217,1414,368,62,208
1412000012505,2308,278,1596,434,82,248
141200001251A,3753,970,2517,264,178,542
1412000012524,2549,609,1725,215,114,342
1412000012539,2139,510,1426,203,93,224
1412000012543,2412,575,1655,179,123,322
1412000012558,2492,633,1614,245,118,250
1412000012562,3080,778,2050,252,175,370
1412000012596,2939,406,2274,259,109,375
1412000012609,4314,804,3016,485,154,461
1412000012613,3124,554,2200,370,115,371
1412000012628,3316,699,2119,498,149,407
1412000012632,5152,1108,3431,613,252,636
1412000012647,2767,513,1739,515,113,312
1412000012651,3154,613,2030,511,152,399
1412000012666,4346,1006,2824,504,255,543
1412000012670,3181,612,2158,411,89,365
1412000012685,5105,993,3622,490,233,717
141200001269A,946,191,687,68,47,101
1412000012702,1312,273,913,126,72,145
1412000012717,2838,314,1956,565,76,286
1412000012721,3538,470,2512,556,117,372
1412000012755,4420,1168,2940,309,214,552
1412000012774,4768,1525,3017,215,292,653
1412000012789,3800,1077,2115,162,193,426
1412000012793,3592,1045,2397,144,231,487
1412000012806,1816,169,358,31,35,71
1412000012810,3038,409,847,65,74,171
1412000012825,4435,849,1860,117,156,420
141200001283A,2148,661,1393,94,148,280
1412000012844,2869,753,1567,122,128,317
1412000012863,1262,292,922,48,61,183
1412000012882,3413,446,2385,582,144,372
1412000012897,4684,728,3488,468,184,515
141200001290A,3999,513,2976,510,159,530
1412000012914,4245,478,3148,619,130,663
1412000012929,6246,1269,4088,889,286,714
1412000012933,2712,479,1905,326,108,294
1412000012948,3793,501,2788,439,118,540
1412000012952,2420,259,1662,499,55,249
1412000012967,3309,406,2418,485,93,376
1412000012971,3307,511,2408,382,114,377
1412000012986,4412,763,3101,548,159,473
1412000012990,4047,651,2659,737,139,412
1412000013005,1872,266,1321,285,65,192
141200001301A,2727,308,1829,590,65,260
1412000013039,4420,1274,2821,325,269,523
1412000013043,3491,846,2255,389,172,387
1412000013058,2814,543,2012,259,114,328
1412000013062,4486,993,3105,385,197,510
1412000013077,4214,914,2891,409,192,494
1412000013081,1972,230,1337,405,76,238
1412000013096,3270,532,2386,351,105,365
1412000013113,4211,1199,2706,306,256,547
1412000013128,4736,880,3387,469,172,541
1412000013132,3527,631,2379,516,144,460
1412000013147,4504,610,3388,506,174,514
1412000013151,3564,475,2790,299,155,453
1412000013166,3729,652,2656,421,92,379
1412000013170,4299,520,2836,943,121,367
1412000013185,3933,752,2836,345,152,466
141200001319A,5942,1098,4380,464,249,711
1412000013202,1922,219,1463,240,57,230
1412000013217,5413,693,4173,541,131,654
1412000013236,6797,1324,4625,848,264,745
141200001326A,10568,2362,7790,416,459,1416
1412000013274,5573,949,4253,371,263,857
1412000013289,1381,209,995,177,57,218
1412000013293,3320,243,1088,113,74,223
1412000013306,3069,513,2210,346,126,448
1412000013310,2256,528,1513,215,119,267
1412000013325,3286,747,2264,275,163,451
1412000013378,2894,639,2121,134,161,387
1412000013382,4448,931,3284,233,240,597
1412000013397,10572,2150,7960,462,591,1615
141200001340A,2488,556,1774,158,116,324
1412000013414,2065,508,1439,118,115,284
1412000013429,773,128,602,43,39,133
1412000013433,2452,511,1842,99,116,335
1412000013448,797,133,620,44,36,118
1412000013452,1286,220,980,86,53,221
1412000013486,581,150,406,25,33,82
1412000013490,2180,445,886,65,80,195
1412000013503,3119,767,2171,179,166,428
1412000013518,2266,532,1568,166,138,297
1412000013556,4675,1179,3255,241,226,673
1412000013560,4834,1302,3258,271,244,640
1412000013575,7011,1308,5014,685,279,927
1412000013594,971,235,686,50,53,141
1412000013607,123,23,96,4,8,12
1412000013611,865,267,562,36,44,120
1412000013626,421,154,255,12,21,67
1412000013630,394,125,254,15,25,48
1412000013645,1039,141,794,104,30,129
141200001365A,1135,345,735,55,69,132
1412000013664,2,*,*,*,*,*
1412000013679,291,93,187,11,18,42
1412000013683,1015,241,712,62,43,123
1412000013698,1324,317,943,64,58,170
1412000013700,507,113,365,29,24,79
1412000013715,131,44,81,5,8,13
141200001372A,2459,675,1629,155,143,332
1412000013734,3534,1059,2290,185,234,454
1412000013768,33,0,0,0,0,0
1412000013772,5023,1069,3792,162,217,740
1412000013787,4324,1277,2838,205,290,533
1412000013791,2905,861,1907,134,192,432
1412000013804,2843,480,1150,95,104,239
1412000013819,3005,906,1887,210,190,410
1412000013857,262,0,0,0,0,0
1412000013861,2013,239,466,28,46,107
1412000013876,179,0,0,0,0,0
1412000013950,314,59,239,16,19,50
1412000013965,799,182,587,30,32,104
141200001397A,112,21,85,6,7,4
1412000013984,2959,428,2274,257,127,487
1412000014041,0,0,0,0,0,0
1412000014060,6420,1231,4903,286,298,907
1412000014075,4062,903,2994,165,198,618
141200001408A,1824,382,1382,60,117,309
1412000014094,694,158,503,27,42,103
1412000014107,1106,291,778,37,77,161
1412000014111,1243,257,513,28,54,132
1412000014126,896,196,388,27,37,85
1412000014130,198,65,125,8,22,23
1412000014183,2995,430,2136,429,98,369
1412000014198,1676,230,1193,253,59,176
1412000014200,2770,445,1934,391,106,348
1412000014215,2444,407,1707,330,109,293
141200001422A,4402,922,3012,468,230,587
1412000014234,3841,794,2559,485,166,409
1412000014249,4127,868,2804,455,199,516
1412000014253,2110,354,1424,324,75,236
1412000014268,4051,1180,2633,237,232,471
1412000014272,3206,851,2135,200,160,401
1412000014287,3725,983,2366,230,220,460
1412000014291,2834,833,1868,133,156,386
1412000014304,2353,602,1610,141,120,310
1412000014319,2749,733,1836,176,141,343
1412000014323,3372,952,2223,197,194,404
1412000014338,4064,1137,2625,301,219,488
1412000014342,2326,426,1636,264,102,272
1412000014357,1597,185,1160,251,52,158
1412000014361,1833,159,1245,423,40,167
1412000014376,1374,160,949,265,37,139
1412000014380,3619,446,2386,787,111,391
1412000014395,2787,370,1902,515,91,252
1412000014408,2850,318,2090,442,77,314
1412000014412,1802,197,1394,211,51,180
1412000014427,2429,570,1627,231,99,283
1412000014431,2657,502,1871,284,101,313
1412000014446,2587,496,1816,275,86,230
1412000014450,2927,490,2195,234,112,277
1412000014465,2868,260,2046,561,62,304
141200001447A,3878,476,2705,697,92,341
1412000014484,3413,779,2433,201,182,443
1412000014499,2904,663,2025,216,134,409
1412000014501,1513,331,1056,126,80,215
1412000014516,2135,509,1452,172,90,281
1412000014520,4494,1300,3008,185,280,669
1412000014535,4402,1107,3060,235,230,590
141200001454A,5229,1388,3641,200,330,789
1412000014554,5319,1457,3550,291,293,729
1412000014569,2160,446,1551,163,120,288
1412000014573,2233,494,1570,169,131,297
1412000014588,2319,590,1571,155,110,295
1412000014592,4216,1068,2854,279,246,555
1412000014605,5955,763,4760,431,191,925
141200001461A,2526,472,1843,211,101,332
1412000014643,4674,1466,3055,153,254,623
1412000014658,7980,2666,5108,204,506,1138
1412000014662,4888,1338,3333,214,296,804
1412000014677,2892,827,1978,86,178,472
1412000014728,2053,193,1437,423,62,216
1412000014732,2114,221,1502,385,61,246
1412000014766,0,0,0,0,0,0
1412000014770,64,14,37,13,0,5
141200001479A,406,113,281,12,22,48
1412000014821,0,0,0,0,0,0
1412000014836,0,0,0,0,0,0
1412000014840,0,0,0,0,0,0
1412000014855,1059,184,817,58,58,174
141200001486A,468,56,105,4,7,19
1412000014874,295,69,217,9,23,41
1412000014889,5202,1334,3658,210,320,647
1412000014906,0,0,0,0,0,0
1412000014910,0,0,0,0,0,0
1412000014925,896,263,608,25,38,84
1412000014944,0,0,0,0,0,0
1412000014963,274,74,190,10,28,33
1412000014978,1102,251,447,20,46,94
1412000015105,1932,360,1485,87,124,297
1412000015124,97,24,66,7,3,9
1412000015139,848,118,224,15,18,50
1412000015143,2363,641,1432,120,124,253
1412000015158,3081,725,1776,132,137,350
1412000015162,1668,199,429,22,43,95
1412000015177,4037,1251,2636,150,224,534
1412000015181,70,8,54,8,*,11
1412000015196,1393,282,1045,64,85,139
1412000015209,6805,1725,4761,319,330,808
1412000015228,441,115,321,5,36,76
1412000015251,2182,378,1661,143,98,319
1412000015266,7324,1397,5293,630,371,987
1412000015270,754,84,538,132,12,68
1412000015285,2545,486,1905,154,143,355
141200001529A,206,45,147,14,8,32
1412000015302,2851,945,1801,98,175,350
1412000015317,3383,1043,2180,153,235,436
1412000015336,3252,968,2176,108,190,500
1412000015340,9337,2284,6622,431,416,821
1412000015355,981,249,666,31,50,106
141200001536A,3113,666,2316,131,191,465
1412000015374,5026,1133,3660,233,227,541
1412000015444,3229,798,2291,139,197,432
1412000015459,3688,475,2660,553,100,326
1412000015463,4251,528,3249,474,116,414
1412000015478,2157,383,1616,158,124,306
1412000015482,1262,190,993,79,63,179
1412000015497,5123,683,3670,764,141,481
141200001550A,2478,429,1672,374,95,267
1412000015533,6650,1801,3844,302,384,773
1412000015548,3367,619,1362,98,146,256
1412000015552,4055,1169,2670,214,252,544
1412000015622,64,20,43,*,5,6
1412000015637,1803,389,1297,117,108,249
1412000015641,422,69,329,24,27,70
1412000015656,589,115,447,27,29,73
1412000015660,648,128,486,34,28,75
1412000015675,248,74,168,6,19,27
1412000015694,1179,369,763,47,92,162
1412000015745,737,263,468,6,46,106
141200001575A,309,38,261,10,10,26
1412000015798,2648,415,2079,149,131,456
1412000015800,2673,553,1978,142,91,353
1412000015815,1785,260,1373,152,60,227
141200001582A,3333,455,2559,319,131,420
1412000015834,1624,290,1257,77,123,290
1412000015849,5018,1131,3656,231,250,659
1412000015938,203,33,155,15,10,11
1412000015942,6209,1536,4345,328,327,765
141200001600A,218,0,0,0,0,0
1412000016014,1043,251,724,68,61,108
1412000016029,0,0,0,0,0,0
1412000016033,1681,378,1221,82,66,195
1412000016048,2318,487,1738,93,151,310
1412000016052,2022,467,1446,109,94,258
1412000016067,2133,465,1601,67,103,330
1412000016071,2461,550,1762,149,124,269
1412000016086,0,0,0,0,0,0
1412000016090,0,0,0,0,0,0
1412000016103,535,179,338,18,39,86
1412000016118,693,234,439,20,49,92
1412000016122,308,97,205,6,18,27
1412000016141,1044,267,740,37,36,69
1412000016175,2101,404,1609,87,113,211
1412000016283,841,197,614,30,36,94
1412000016298,332,99,226,7,28,42
1412000016300,4653,1318,3169,166,222,452
1412000016315,58,13,43,*,4,15
141200001632A,201,82,117,*,6,14
1412000016391,3968,1300,2574,93,245,575
1412000016423,0,0,0,0,0,0
1412000016438,3069,804,2140,125,112,176
1412000016495,114,13,100,*,4,5
1412000016508,4429,1187,3084,158,277,605
1412000016512,4661,1137,3229,295,209,587
1412000016527,3302,923,2196,183,154,434
1412000016531,4726,1195,3163,367,232,548
1412000016546,6407,1653,4348,406,304,865
1412000016550,2998,665,2161,172,151,393
1412000016565,2940,572,2137,231,135,381
141200001657A,2953,404,2154,395,109,335
1412000016584,1974,548,1327,98,109,286
1412000016599,1273,62,1211,0,9,1109
1412000016601,280,97,181,*,19,19
1412000016616,115,34,80,*,11,15
1412000016620,2936,709,2066,161,165,392
1412000016635,3332,848,2317,167,176,482
141200001664A,3091,560,2193,338,139,342
1412000016705,3051,843,2043,164,190,397
141200001671A,4269,1110,2879,280,235,561
1412000016724,3049,749,2188,112,182,385
1412000016739,2396,320,1903,171,130,403
1412000016743,5337,643,2225,121,140,577
1412000016758,5465,442,1788,168,140,378
1412000016762,3008,460,2324,222,164,480
1412000016777,5585,626,2629,258,170,510
1412000016781,759,160,551,48,44,120
1412000016796,1478,250,1171,57,92,255
1412000016809,2268,369,1753,146,149,360
1412000016813,2570,658,1816,94,122,318
1412000016828,1880,388,1404,88,108,258
1412000016832,5929,1231,4502,196,388,996
1412000016847,2117,587,1429,101,122,298
1412000016851,825,230,563,32,57,122
1412000016866,914,250,629,35,66,147
1412000016870,957,225,678,54,53,149
1412000016885,5490,1508,3807,175,287,730
141200001689A,4316,1232,2937,147,235,625
1412000016902,4425,875,3332,218,212,643
1412000016917,1833,364,1351,112,90,195
1412000016921,1424,409,985,30,62,127
1412000017008,1677,483,1162,32,59,96
1412000017012,3205,639,2459,107,72,308
1412000017027,1082,252,767,63,54,131
1412000017031,1166,321,824,21,27,64
1412000017046,1259,259,925,75,77,177
1412000017050,504,125,365,14,28,70
1412000017065,937,243,640,54,26,43
141200001707A,556,118,422,16,15,50
1412000017084,106,29,75,*,5,8
1412000017099,1151,318,782,51,44,86
1412000017101,601,153,437,11,25,63
1412000017116,1325,300,973,52,73,176
1412000017120,2056,626,1371,59,63,144
1412000017135,907,216,653,38,51,109
141200001714A,1459,363,1049,46,51,175
1412000017154,247,60,169,18,18,31
1412000017169,305,80,215,10,14,26
1412000017188,168,0,0,0,0,0
1412000017205,1067,324,664,79,60,91
141200001721A,203,0,0,0,0,0
1412000017258,30,8,21,*,*,*
1412000017262,189,55,131,3,11,23
1412000017277,1276,347,904,25,60,111
1412000017281,270,86,176,8,20,26
1412000017296,640,246,382,12,40,69
1412000017309,1814,643,1132,38,150,213
1412000017313,320,90,217,13,18,23
1412000017328,372,73,286,13,18,55
1412000017332,88,25,61,*,4,*
1412000017366,1245,286,905,49,54,85
1412000017370,2086,526,1486,73,90,262
1412000017385,370,58,288,24,22,38
141200001739A,1648,415,1196,37,70,120
1412000017402,326,62,228,36,7,27
1412000017417,285,82,195,8,14,40
1412000620000,13242,4019,8939,259,588,1834
1412000620161,2834,887,1903,40,104,413
1412000620176,4827,1513,3259,55,199,680
1412000620180,2496,766,1676,50,115,343
1412000620208,1120,335,736,49,71,153
1412000620284,1126,293,804,29,52,125
1412000620299,839,225,561,36,47,120
1412001390000,4052,1136,2701,215,253,586
1412001395980,2798,772,1848,178,174,383
1412001395995,1254,364,853,37,79,203
1412002060000,2969,336,589,55,56,110
141200206504A,1199,32,61,5,7,15
1412002065054,1748,304,528,50,49,95
1412002066461,12,0,0,0,0,0
1412002067347,10,*,*,*,*,*
1412002310000,91631,26894,60738,3982,5499,11427
1412002312026,3626,981,2422,223,215,554
1412002312045,2598,723,1802,73,123,250
141200231205A,4075,1049,2827,199,276,522
1412002312079,2035,644,1296,95,126,280
1412002313823,4797,1436,3148,213,318,621
1412002313838,2877,758,2025,94,177,393
1412002313842,2454,687,1683,84,120,245
1412002313895,514,137,362,15,48,68
1412002313999,326,120,196,10,15,50
1412002314003,2114,691,1352,71,140,307
1412002314145,6278,1843,4104,331,416,846
141200231415A,2724,875,1716,133,151,349
1412002314164,4312,1341,2759,212,258,556
1412002314179,8218,2464,5361,381,559,1118
1412002314802,0,0,0,0,0,0
1412002314817,119,39,79,*,6,25
1412002315035,147,47,93,7,8,13
1412002315590,172,54,115,3,18,23
1412002315603,0,0,0,0,0,0
1412002315618,956,261,657,38,47,140
1412002315726,5716,1443,4016,257,363,690
1412002315730,1083,298,751,34,47,120
1412002315779,3632,1238,2290,104,267,525
1412002315872,3986,1013,2714,259,232,531
1412002315887,3272,836,2124,310,197,370
1412002316207,209,71,132,6,19,30
1412002316211,96,33,60,3,4,17
1412002316226,173,52,113,8,15,22
1412002316230,3512,1108,2312,92,208,405
1412002316245,1586,520,1024,42,107,183
141200231625A,679,169,472,38,37,74
1412002316264,1215,375,820,20,46,128
1412002316404,554,195,342,17,32,79
1412002316476,58,26,29,3,*,4
1412002316480,15,*,14,0,0,5
1412002316654,3085,926,2016,140,184,400
1412002316669,1301,379,868,54,66,122
1412002316673,2131,606,1408,117,114,274
1412002316688,1464,427,976,61,88,199
1412002316692,1206,360,785,61,101,146
141200231696A,1415,394,979,42,75,153
1412002316974,600,178,401,21,21,40
1412002316989,2346,728,1560,58,95,153
1412002316993,1215,445,748,22,57,114
1412002317173,106,45,60,*,7,6
1412002317192,1250,356,877,17,31,109
1412002317224,69,30,37,*,4,6
1412002317239,71,26,43,*,7,7
1412002317243,123,48,74,*,9,11
1412002317351,910,337,568,5,34,121
1412002317436,211,81,128,*,10,23
1412002430000,5485,1263,3721,501,283,707
1412002434709,3399,742,2328,329,166,470
1412002434713,2086,521,1393,172,117,237
1412004300000,14049,4584,9109,350,605,1125
1412004306936,1865,615,1173,73,87,156
1412004306940,3747,1225,2428,94,164,336
1412004306955,3643,1230,2329,84,195,322
1412004307421,4794,1514,3179,99,159,311
1412007500000,6936,1782,4852,267,274,631
1412007500301,4090,1062,2826,167,173,378
1412007500316,2846,720,2026,100,101,253
1412007530000,2902,910,1914,78,112,220
1412007530320,2902,910,1914,78,112,220
1412007560000,3558,1037,2432,89,124,377
1412007560335,1091,312,750,29,40,86
1412007560424,2467,725,1682,60,84,291
1412007570000,3584,1177,2309,98,158,317
1412007570439,2153,685,1399,69,110,175
1412007570462,1431,492,910,29,48,142
1412007580000,39327,13683,24935,704,1836,4327
1412007580496,3471,1244,2180,47,163,371
1412007580509,3629,1330,2230,69,188,404
1412007580551,2967,1066,1854,47,134,316
1412007580566,3525,1199,2255,71,161,414
1412007580693,4273,1443,2740,90,190,464
1412007580744,4470,1521,2876,73,223,531
1412007580759,2882,985,1845,48,144,265
1412007580797,2961,987,1902,71,164,299
141200758080A,4591,1653,2871,67,154,548
1412007580829,2907,979,1883,45,155,311
1412007580833,1637,574,1029,34,62,174
1412007580848,2014,702,1270,42,98,230
1412007630000,4173,574,1557,69,49,147
1412007630852,1705,261,625,39,28,83
1412007630867,2468,313,932,30,21,64
1412400000000,64806,18415,41132,5257,3546,7599
1412400010000,33284,9015,21657,2610,1789,3994
1412400010122,2656,863,1656,137,147,283
1412400010137,2855,879,1799,177,145,366
1412400010141,1901,476,1315,110,134,254
1412400010156,3023,815,2026,182,166,389
1412400010175,2626,536,1703,387,118,298
141240001018A,3715,876,2481,358,196,461
1412400010211,2803,838,1799,166,166,336
1412400010226,1034,325,664,43,42,126
1412400010230,21,*,18,*,3,*
1412400010245,5,*,*,*,*,*
141240001025A,15,3,12,0,0,*
1412400010264,4,*,*,*,*,*
1412400010279,156,61,90,5,8,17
1412400010283,239,51,173,15,27,31
1412400010298,155,48,103,4,12,17
1412400010300,401,134,250,17,25,49
1412400010315,30,8,21,*,5,4
141240001032A,21,8,11,*,*,0
1412400010334,199,53,128,18,*,19
1412400010349,43,16,27,0,3,6
1412400010372,40,15,22,3,3,0
1412400010404,151,47,94,10,12,16
1412400010419,20,6,14,0,0,*
1412400010423,73,24,49,0,5,9
1412400010438,734,245,460,29,40,84
1412400010442,88,22,59,7,5,11
1412400010457,84,31,50,3,4,12
1412400010461,221,66,147,8,14,39
1412400010476,17,5,12,0,0,*
1412400010480,2056,480,1347,229,98,223
1412400010495,3190,733,2089,368,153,357
1412400010508,304,93,198,13,18,36
1412400010512,1760,497,1144,119,101,238
1412400010527,2142,566,1390,186,109,257
1412400010531,61,26,34,*,3,4
1412400010546,21,6,15,0,*,*
1412400010550,116,46,68,*,4,9
1412400010565,155,57,93,5,7,20
141240001057A,149,56,89,4,11,13
1412400010584,0,0,0,0,0,0
1412400940000,2961,835,1884,242,161,330
1412400940387,1509,441,962,106,67,185
1412400940391,1452,394,922,136,94,145
1412401760000,2921,859,1791,271,151,349
1412401760160,2793,817,1712,264,142,332
1412401760599,122,42,74,6,9,16
1412401760601,6,*,*,*,*,*
