cve_ageb,IM_2020,IRS_2020
0100100010017,119.325886119644,2
010010001006A,125.820757253117,0
0100100010106,125.749891104166,0
0100100010163,125.074121702234,1
0100100010182,126.020458037386,0
0100100010229,123.608219064388,0
0100100010233,120.645724609767,1
0100100010286,124.811750643578,0
0100100010290,125.053211354801,0
0100100010303,123.791509545569,1
0100100010322,122.096067045609,1
0100100010337,121.046891007365,1
0100100010341,122.487689791548,1
0100100010356,123.676878670031,1
0100100010360,122.160877306326,1
0100100010375,122.714015972628,1
010010001038A,121.624671137572,1
0100100010407,125.509994907379,0
0100100010411,120.698558133731,2
0100100010426,120.331470521404,2
0100100010430,121.075835468392,2
0100100010445,120.649078716754,2
010010001045A,121.106322985108,2
0100100010464,124.514954603793,0
0100100010483,122.12465751623,1
0100100010498,119.719831324273,1
0100100010500,119.820158131662,1
0100100010515,121.471274279143,1
010010001052A,123.621252526582,1
0100100010534,123.431019752787,1
0100100010549,123.879629867864,1
0100100010553,122.812048250787,1
0100100010568,121.929003813534,1
0100100010572,122.825686582029,1
0100100010587,121.748453690331,1
0100100010591,122.682398574277,1
0100100010604,122.760578755783,1
0100100010619,123.247738074048,1
0100100010623,123.696684846365,0
0100100010638,123.68068223199,0
0100100010642,124.309438145307,0
0100100010657,122.711159266669,1
0100100010676,125.17543761074,0
0100100010680,124.51920359952,0
0100100010695,123.742972348161,0
0100100010708,123.267235307564,1
0100100010712,123.402509126097,1
0100100010727,121.398843417098,1
0100100010731,122.516912877617,1
0100100010746,124.181797408292,1
010010001077A,123.460466313258,1
0100100010784,123.020913316133,1
0100100010799,122.824521434866,1
0100100010801,123.804131814247,1
0100100010816,122.796690578182,1
0100100010820,123.951700116089,1
0100100010835,123.84564000292,0
010010001084A,123.249600520464,0
0100100010854,122.396695679456,1
0100100010869,124.48668539181,0
0100100010873,123.619426536882,1
0100100010888,122.838652505234,0
0100100010892,121.923718745761,1
0100100010905,122.76488635596,1
010010001091A,123.818046040909,1
0100100010939,122.800348984199,0
0100100010962,121.336612613922,1
0100100010977,122.927106442798,1
0100100010996,126.118614747583,0
0100100011000,125.263864487224,1
0100100011034,119.973980252164,2
0100100011091,124.090409120248,1
0100100011161,122.934408357513,2
0100100011195,126.269926671539,0
0100100011208,125.803113138893,0
0100100011227,126.417075165192,0
0100100011265,122.368768463817,2
0100100011299,126.202884599489,0
0100100011316,121.861094330264,1
0100100011320,121.312818834317,1
010010001134A,126.195521992206,0
0100100011354,124.445562802415,0
0100100011373,123.009358370754,1
0100100011392,120.601481817506,2
0100100011405,119.521067647164,2
0100100011424,,2
0100100011439,122.809643391149,1
0100100011458,123.20450194289,1
0100100011462,122.19158767006,1
0100100011477,126.267755390171,0
0100100011481,,2
0100100011509,122.856321154387,1
0100100011528,124.227024883702,1
0100100011547,123.287516479058,1
0100100011551,126.2886575161,0
010010001159A,125.780275458404,0
0100100011636,125.30382409246,0
0100100011674,122.035099935158,1
0100100011689,122.736363176086,1
0100100011693,124.328389874206,1
0100100011710,120.473873290541,2
0100100011744,121.545942349454,2
0100100011956,126.389512682297,0
0100100011960,125.33218612178,0
0100100011975,123.853582613394,0
010010001198A,124.57843226989,0
0100100011994,125.314418701127,0
0100100012009,123.436659327255,1
0100100012013,125.0377111647,0
0100100012028,124.983666188963,0
0100100012032,122.796065081728,1
0100100012047,121.590637415143,1
0100100012051,120.342007053981,1
0100100012066,120.3721508529,1
0100100012070,123.849472954087,0
0100100012085,124.847805540365,0
010010001209A,123.430285000958,0
0100100012102,125.678396805267,0
0100100012117,124.054870778466,1
0100100012121,120.631429120323,2
0100100012136,123.869755957616,1
0100100012140,120.740892657219,2
0100100012155,119.418684326664,2
010010001216A,124.22031940623,1
0100100012174,121.346635556193,1
0100100012189,122.490956720947,1
0100100012193,119.600866877628,2
0100100012206,120.481020575189,2
0100100012210,118.619312799393,2
0100100012225,120.446213311795,2
0100100012259,124.707092114466,0
0100100012263,125.355009311622,0
0100100012278,123.259183955549,0
0100100012282,122.771258602921,1
0100100012297,123.621966371392,1
010010001230A,124.086018129924,1
0100100012314,124.364923867999,1
0100100012329,122.152079076116,1
0100100012333,125.44808852979,0
0100100012348,120.336445865116,2
0100100012352,120.156025419767,2
0100100012367,119.914199561117,2
0100100012371,125.100691334346,0
0100100012386,125.309106625854,0
0100100012390,125.9433230416,0
0100100012403,124.694417843039,0
0100100012422,124.085239388025,0
0100100012456,125.165770442579,0
0100100012460,125.01290529327,0
0100100012475,125.450534239965,0
010010001248A,124.500299990718,1
0100100012494,122.413350064235,2
0100100012507,122.9273381043,1
0100100012511,125.774199707147,0
0100100012526,124.95140004165,0
010010001255A,123.868140524407,1
0100100012564,124.835350350694,1
0100100012579,123.674089617274,1
0100100012583,123.275601334555,1
0100100012598,124.683816376163,1
0100100012600,124.134645176363,1
010010001262A,122.288734921453,1
0100100012634,122.450231854772,1
0100100012649,124.983716385552,1
0100100012668,121.154092631958,2
0100100012672,125.279187512851,0
0100100012687,125.609597560711,0
0100100012691,124.664807127052,1
0100100012704,123.656460502649,1
0100100012719,123.908017394442,1
0100100012723,122.510877643363,1
0100100012761,124.826876663023,0
0100100012780,123.292853482228,1
0100100012795,120.203274264595,2
0100100012808,123.02013399142,1
0100100012812,121.452746252519,1
0100100012831,122.062017752096,1
0100100012846,122.267697774387,1
0100100012850,122.624598369897,2
0100100012865,122.856414807817,1
010010001287A,124.55982517765,0
0100100012884,124.715223044234,0
0100100012920,125.29278456298,0
0100100012935,118.705657627151,2
010010001294A,124.819049773336,1
0100100012954,123.568974517754,1
0100100012969,123.143029188724,1
0100100012973,123.493814990374,1
0100100012988,124.089694702319,1
0100100012992,122.184575281356,2
0100100013011,123.164802986474,1
0100100013045,123.023369218427,1
010010001305A,122.485053541151,1
0100100013064,122.498243037133,1
0100100013079,125.272774609532,0
0100100013083,125.667759582112,0
0100100013098,125.813559344576,0
0100100013115,123.305091884087,1
0100100013149,118.109727915651,2
0100100013153,122.784236919993,1
0100100013168,122.076101955482,1
0100100013172,125.06609003019,0
0100100013187,122.113435070118,1
0100100013191,123.523498512223,1
0100100013204,123.930072731549,1
0100100013219,124.988142418351,0
0100100013223,122.289534103758,1
0100100013238,117.455749200235,2
0100100013242,116.14825349803,2
0100100013257,123.003072066009,1
0100100013261,125.171391272277,0
0100100013276,123.708175936039,1
0100100013280,121.95051124926,0
0100100013295,124.367829252108,0
0100100013308,121.928152907509,2
0100100013312,122.836040366753,1
0100100013327,121.785391044649,2
0100100013331,123.073632207312,1
0100100013346,125.033537031765,1
0100100013350,125.697744963345,0
0100100013365,125.775899350863,0
010010001337A,122.271873872342,1
0100100013399,122.521553230734,2
0100100013401,124.703907890188,1
0100100013454,125.232447565045,0
0100100013488,,0
0100100013492,122.986854219139,1
0100100013505,123.030666053751,1
010010001351A,126.272705560964,0
0100100013524,125.311527919704,0
0100100013539,123.188690609893,1
0100100013562,,3
0100100013577,125.621148274903,0
0100100013581,125.115759316499,0
0100100013596,125.64299704459,0
0100100013609,125.184040106257,1
0100100013613,121.465978133665,2
0100100013670,125.514682943329,0
0100100013685,123.234764681708,1
010010001369A,122.461807373055,2
0100100013702,120.230484726122,2
0100100013717,121.574033365856,2
0100100013721,122.70202100466,2
0100100013736,124.075672007783,1
0100100013740,124.731704863321,0
0100100013755,124.968742554606,1
010010001376A,124.117355721659,1
0100100013774,121.781785835944,2
0100100013789,122.979390984344,2
0100100013793,122.613075302475,2
0100100013806,122.544218497266,2
0100100013810,123.983976864234,1
0100100013825,125.164871101511,1
010010001383A,123.873035601487,1
0100100013844,126.02261713258,0
0100100013859,126.090699683813,0
0100100013863,123.659524051933,1
0100100013878,125.922976042857,0
0100100013882,120.205996062104,2
0100100013897,121.732977168372,2
010010001390A,125.853703506419,0
0100100013914,126.000734637983,0
0100100013971,123.115183068378,2
0100100013986,125.152325637302,1
0100100013990,122.513438090277,2
0100100014005,126.237701583717,0
010010001401A,125.811339487723,0
0100100014024,125.132429358729,0
0100100014039,126.692714774026,0
0100100014043,126.249420921173,0
0100100014058,125.993993275321,0
0100100014062,122.050195919324,2
0100100014077,121.543062527891,2
0100100014081,126.928657271584,0
0100100014096,125.329346944336,1
0100100014109,123.961252399931,1
0100100014113,122.880380441604,1
0100100014128,119.846663302712,2
0100100014132,122.819259550953,2
0100100014147,126.113186213859,0
0100100014151,125.308212025338,0
0100100014202,123.057678703753,1
0100100014217,119.454118635978,2
0100100014255,124.906247480929,1
010010001426A,126.97859535767,0
0100100014306,120.667545670991,2
0100100014325,118.266920722111,2
0100100014344,125.296215336222,0
0100100014359,123.486686597324,0
0100100014363,123.106172684306,2
0100100014378,123.626096875148,2
010010001440A,126.52862926633,0
0100100014414,124.968640784455,0
0100100014429,125.649117454066,0
0100100014433,120.866944391666,2
0100100014448,124.904769564854,2
0100100014452,122.402499046623,2
0100100014467,119.679828733212,2
0100100014471,125.341875414794,0
0100100014486,123.098748499833,2
0100100014490,126.484806522654,0
0100100014503,125.496744920825,0
0100100014518,125.687248955308,0
0100100014522,125.993357804324,0
0100100014537,126.43109932613,0
0100100014556,124.706199032484,0
0100100014560,126.14873603614,1
010010237458A,121.956531381449,2
0100102374594,121.750438868639,2
0100102394185,123.467290174302,1
010010239419A,122.961231251173,1
0100102933666,117.711534731342,3
0100102933929,119.080882382409,2
0100103574166,114.918486382091,3
0100103574170,115.62758018672,3
0100103574289,,3
0100103574293,,3
0100103574382,106.998350411343,3
0100103674607,120.923975542844,2
0100103674611,121.980557922912,2
0100104792742,122.009271318908,2
0100104792757,122.490316421414,2
0100104792899,123.355931388707,2
0100104793416,,2
010010479344A,,2
0100104793933,120.215344866741,2
0100110253948,120.963952301644,1
0100110253952,125.826085840947,0
0100110253967,126.012892756112,0
0100110254541,123.795935351523,0
0100123714575,123.695704642142,1
0100200010122,120.619892559833,2
0100200010334,119.230038771197,2
0100200010349,120.02631775439,2
0100200110156,121.613047947548,2
0100200110160,120.045274796746,2
010020011025A,119.444732104216,2
0100200110353,118.51001411147,2
0100200250391,121.208767347607,2
0100200250404,121.638836747726,2
0100200590086,121.863588568342,2
0100200590211,116.506168795766,3
0100200590283,122.276522870801,2
0100200590298,120.385329637699,2
0100200590368,119.638331249033,2
0100200590372,122.58873825891,2
0100200590387,121.279889914632,2
0100300010153,120.212103518685,2
0100300010168,120.646778420765,2
0100300010187,120.680923392616,1
0100300010191,119.664672148466,2
0100300010204,120.987069659251,2
0100300010219,118.746688938428,2
0100300010223,122.742258489293,1
0100300010280,120.60671030044,2
0100300010295,120.989399049456,2
0100300010308,123.92876959075,1
0100300550079,120.306147892899,2
0100300550172,118.856012093517,2
0100300550238,123.664649448445,1
0100300550242,120.136691348713,2
0100300550257,120.912872300586,2
0100300550261,119.47593827481,2
0100300550276,,1
0100400010080,123.091577219764,1
0100400010108,123.259483635492,1
0100400010112,120.081646790212,2
0100400010127,121.434672495887,2
0100400010131,121.240488086638,2
0100400260146,120.683649654267,2
0100400260150,121.745648649449,2
0100500010020,118.063819977051,2
0100500010124,121.659061071155,2
0100500010158,121.04656908005,1
0100500010177,123.255164110032,1
0100500010228,124.950635452715,0
0100500010247,122.106848587764,1
0100500010251,121.035395899296,2
0100500010355,123.155620265857,1
0100500010374,120.501505226502,2
0100500010482,118.538305304618,2
0100500010497,116.986709980195,2
010050001050A,119.899937289671,2
0100500010514,118.677812863363,2
0100500010533,120.273115170787,2
0100500010548,119.046302122475,2
0100500010552,118.871862372166,2
0100500010571,108.272849913812,3
0100500010586,126.52768762287,0
0100500010622,126.719680785486,0
0100500010637,120.179237023209,2
0100500010641,119.568557469239,2
0100500010656,122.765757926555,1
0100500010660,125.966735068868,0
0100500010675,126.435919804064,0
010050001068A,126.159552391773,0
0100500010694,126.390627982521,0
0100500010707,,0
010050023043A,122.41005411289,1
0100500410302,122.305982110583,1
0100500410317,124.599902626125,1
0100500410389,122.808484842861,1
0100500410393,121.565682503642,2
0100500410406,122.861551101364,1
0100500410463,125.58505585585,0
0100500410478,123.445564670747,1
0100502450590,125.246646377428,0
0100502450603,124.246879638284,0
0100504270444,125.700937693931,0
0100504270459,125.253834636926,0
0100504680618,125.639406432173,0
0100504820711,119.765901566219,2
0100600010051,121.121648438751,2
0100600010070,122.860398121127,1
0100600010085,124.517432612521,0
010060001009A,120.921088697814,1
0100600010102,120.559376057456,2
0100600010136,122.634813744638,1
0100600010140,120.91667989159,2
0100600010174,123.043834282007,1
010060001023A,123.394690556824,1
0100600010244,123.358656198731,1
0100600010259,123.476957463572,1
0100600010263,124.520488311626,0
0100600010278,121.477528672856,2
0100600010282,124.977291381098,1
0100600070189,120.671530758622,2
0100700010059,122.100874916333,1
0100700010063,122.478770084685,1
0100700010114,119.066751079088,2
0100700010129,123.275572960846,1
0100700010133,123.644616992222,1
0100700010218,,2
0100700010222,122.234434207675,1
0100700010237,123.26809287473,1
0100700010241,121.870094917946,2
0100700010260,124.529988874029,1
0100700010275,123.893496467628,0
0100700180190,117.491075835848,3
0100700300148,121.822385101237,2
0100700300167,123.119010638398,1
0100700300256,122.850416519667,2
010070040028A,120.092596602765,2
0100800010164,121.971439675354,2
0100800010179,122.62972887776,2
0100800010183,122.06189543077,2
0100800010198,120.23749378751,2
0100800010200,120.646564987839,2
0100800010215,120.519923821474,2
0100900010087,120.521519388365,2
0100900010104,120.617323981227,2
0100900010138,123.334845264834,2
0100900010161,117.632508586315,2
0100900010208,120.522272040472,2
0100900250176,119.910203932837,2
0100900250180,122.046819591783,2
0101000010143,119.566832059489,2
0101000010158,120.912557926827,2
0101000010162,119.007723977714,3
0101100010013,120.932230981107,1
0101100010028,119.797974374949,2
0101100010032,120.73995846672,2
0101100010051,121.083425514649,2
0101100010066,120.815782860858,2
0101100010070,121.709537217933,2
0101100010117,122.422019642195,1
0101100010121,123.572779104957,1
0101100010140,120.940153140154,2
0101100110193,120.312856826352,2
0101100110206,119.917932256673,2
0101100190155,120.49777080817,2
010110052016A,121.385858600918,2
0101100520174,120.98239003628,2
0101100520189,122.024948362348,2
0101101280136,123.34537553037,1
0101101380210,122.148863230457,2
0101101380225,121.545301647289,2
010110138023A,119.157028262733,2
