cve_ageb,productions,attractions
1400200020219,52.5,0.0
1400200020045,11438.499999999998,2945.314506623499
1400200020172,0.0,1.4315137246479221
1400200020261,245.50000000000003,0.0
1400200020149,80.0,0.0
1400200020242,10.0,0.0
1400200020223,198.0,12.159555302574079
1400200020327,99.74999999999999,0.0
1400200020153,860.7499999999999,50.66481376072532
1400200020257,165.75,3.3776542507150213
1400200020238,143.24999999999997,12.159555302574077
1400200020276,20.0,0.0
1400200020331,0.0,0.0
1400200020204,585.75,38.505258458151246
1400200020100,3053.7500000000005,143.21254023031693
1400200010134,10.0,0.0
1400200010030,9084.25,9367.58629893304
1400200010083,366.0,52.01587546101133
1400200010064,12333.000000000002,2442.0440232669603
1400200010168,41.0,0.0
1400200010295,5.0,0.0
1403900015205,13092.499999999998,297.2335740629219
1400200010079,2748.4999999999995,756.5945521601648
1400200010308,45.0,24.319110605148154
1400200010191,172.74999999999997,255.3506613540556
1400200010280,251.75,3.3776542507150213
1400200040187,7733.75,4796.26903601533
1400200010312,22.5,0.0
1400200010098,127.0,15.537209553289097
1400200010115,684.5,17.56380210371811
1403900012696,16249.749999999998,12085.922439908489
1403900014207,12257.499999999998,730.2488490045876
1403900013020,10880.999999999998,4956.3698474992225
1403900014194,9496.25,1302.4234790757123
1403900015243,9204.750000000002,526.9140631115433
1403900015084,9761.0,3381.7074358158793
1403900011927,6489.5,10349.808155040968
1403900011838,1347.0,11321.897048396751
1403900013088,19720.25,13147.18140548315
1403900012408,4855.75,61736.76439456916
1403900015328,2839.25,1159.8864696955382
1403900012802,22713.750000000004,6222.990191517356
1403900014353,7427.500000000001,6749.904254628899
1403900011700,10935.000000000002,2526.485379534836
1403900011325,5969.25,52681.27334840219
1403900011734,13304.75,12047.417181450339
1403900012268,9974.5,11767.071878640993
1403900010609,4672.749999999999,37375.770876712144
1403900011151,5524.0,6910.005066112791
1403900012588,9242.25,28299.338374190735
1403900013177,19510.000000000004,8182.029656932068
1403900010670,1752.0,7626.067767264376
1403900014809,10844.75,1490.8965862656103
1403900014404,11118.75,1503.0561415681846
1403900015489,2726.25,36128.74092734815
1403900015031,7853.5,2376.517530803089
1403900012501,8301.25,5233.337496057854
1403900015652,5571.0,31401.37603804741
1403900014391,10554.75,3175.670526522263
1403900010435,19210.5,12136.587253669215
1403900012554,27.5,146770.56121802013
1403900010882,12141.75,4132.8977411749
1403900011359,1913.25,82931.54481780592
1403900010469,15638.75,1948.9065026625674
1403900013374,15563.749999999998,7228.855627380288
1403900012446,5201.5,23585.484101892853
1403900010774,8095.0,3841.7439447632655
1403900015347,8500.25,30567.770968970945
1403900012126,3123.7499999999995,15839.847374153165
1403900010967,8712.25,7108.611136054834
1403900010810,13468.25,6522.250358130706
1403900012145,3097.0,100393.34176315244
1403900014654,11818.499999999998,3738.3877246913853
1403900014989,7259.000000000001,1169.3439015975403
1403900014796,8091.0,295.88251236263585
1403900010878,9728.25,718.0892937020136
1403900015633,0.0,539.7491492642605
1403900010986,5069.749999999999,4902.327379487782
1403900014550,1968.25,13192.441972442732
1403900014029,8575.25,5452.209491504188
1403900011077,2145.0,17288.86104770991
1403900015188,9952.249999999998,1664.5080147523627
1403900014014,10065.250000000002,4880.710392283206
1403900011429,4834.999999999999,9057.517638717401
1403900012681,10221.0,7023.494248936816
1403900012361,4041.5,2599.4427113502807
1403900010929,6512.25,28175.040697764423
1403900011217,13836.75,6951.212447971514
1403900011448,7000.000000000001,10907.121106408946
1403900011128,4143.0,7238.988590132433
1403900011556,4160.0,37475.07391168316
1403900015525,12153.749999999998,843.0625009784694
1403900013800,13268.25,5206.316262052134
1403900010539,10388.75,2770.352016436461
1403900011698,7521.000000000001,3686.3718492303747
1403900010492,14359.999999999998,4242.333738898067
1403900014442,10325.5,1454.4179203578883
1403900010613,4198.0,47470.90390124919
1403900011132,4282.75,14271.94027097125
1403900014955,6621.999999999999,1204.4715058049767
1403900013783,13023.5,5150.9227323404075
1403900012728,9702.75,7859.801441413854
1403900013707,9299.249999999998,19087.124170790587
1403900014141,3617.2499999999995,5974.39483866473
1403900010261,13836.0,1782.725913527388
1403900012018,5236.25,11472.540427978642
1403900015027,9704.5,8186.082842032925
1403900013406,12103.749999999998,3949.153349936003
1403900011560,2080.7500000000005,36779.27713603587
1403900014090,6936.5,10012.718260819609
1403900011607,1734.5,10291.71250192867
1403900014616,10020.5,2402.863233958666
1403900014565,169.25,25358.75258351824
1403900014669,5856.25,1010.5941518139343
1403900010454,18513.5,3200.665167977554
1403900013919,9014.5,7605.801841760086
1403900011823,1228.25,11997.427898539756
1403900014264,7305.499999999998,1147.0513835428212
1403900012427,4649.749999999999,22147.278921938396
1403900010346,7939.749999999999,14872.487196748381
1403900014298,16567.5,1371.3276257902987
1403900012639,12564.75,34247.38750969989
1403900011109,5601.750000000001,12953.304051492107
1403900010971,5914.499999999999,1890.135318700126
1403900010666,12879.250000000002,36286.81514628162
1403900013209,15268.75,6518.197173029848
1403900010647,7747.25,9416.224520143338
1403900011950,5818.25,2299.5070138867864
1403900010721,7285.5,7769.955838344836
1403900012785,13053.0,5723.097362411532
1403900014940,2269.5000000000005,153.345502982462
1403900010740,6523.75,3190.532205225409
1403900011433,12728.0,5202.9386078014195
1403900012395,5143.749999999999,43811.553286024544
1403900013586,11169.999999999998,16307.314722452124
1403900014936,5956.249999999999,13220.138737298594
1403900014033,5081.999999999999,82721.45472341144
1403900015510,6770.25,5098.231326029254
1403900015120,8875.5,1245.003356813557
1403900010736,5905.750000000001,1668.5611998532206
1403900012003,5674.750000000001,8889.985987881937
1403900012253,8473.25,3427.6435336256036
1403900010717,7100.0,874.1369200850476
1403900014781,7591.5,1592.226213787061
1403900015169,6083.25,1390.242489594303
1403900011857,8420.75,13933.499315049605
1403900012535,9700.25,2814.261521695756
1403900014349,5131.75,1049.0994102720856
1403900012573,0.0,85855.91786807498
1403900010308,1262.0,47573.58459047093
1403900013868,10683.250000000002,1985.3851685702894
1403900015173,8451.0,1514.5401660206155
1403900012164,2137.5,28491.18913563135
1403900014122,8069.000000000001,10247.802996669374
1403900010134,8212.25,2761.5701153846016
1403900014156,4801.999999999999,593.7916172757008
1403900013660,13775.5,3597.877307861641
1403900010115,8378.750000000002,15782.42725189101
1403900011081,6795.249999999999,11021.285820083114
1403900014724,8336.750000000002,10445.058004911132
1403900010651,10085.75,27229.97303841436
1403900015421,9434.500000000002,2331.932494693651
1403900011467,12060.750000000002,16391.080547869857
1403900014921,6777.25,2610.9267358027114
1403900010401,5374.25,3030.4313937415172
1403900014917,5331.000000000001,44145.94105684533
1403900011310,2476.0,57273.53206767433
1403900010505,14896.999999999998,8932.544431440945
1403900011185,13216.75,16577.527062509325
1403900011397,12991.25,23649.65953265644
1403900011645,4634.000000000001,16212.06487258196
1403900013548,3518.25,1315.9340960785723
1403900011999,4419.0,5908.8683462008585
1403900013764,6399.75,8011.79588269603
1403900013590,8227.5,768.754107462739
1403900015008,11316.0,4981.364488954513
1403900013016,13708.25,3096.6334170555315
1403900014476,19015.499999999996,3769.462143797964
1403900015436,9695.75,1723.9547295649468
1403900012200,3024.5,3930.2384861319983
1403900011293,2235.0,70290.33601907988
1403900012713,8620.25,17206.44628399246
1403900010952,8250.0,13434.957547644068
1403900011202,5106.75,4097.094606117321
1403900015417,9765.75,2477.1716274743967
1403900010844,7889.75,3333.069214605583
1403900014870,4251.5,6676.271391963311
1403900013923,10892.249999999998,19560.67129674083
1403900015192,8959.75,1609.7900158907792
1403900011664,5534.0,8492.77384799785
1403900012624,12054.5,9896.526954595012
1403900012022,10330.500000000002,2817.639175946471
1403900013849,4203.0,3246.601265787279
1403900014832,8405.500000000002,5750.794127267395
1403900011880,4632.0,16135.054355665658
1403900014974,5479.75,729.5733181544446
1403900015332,3940.25,4490.929091750692
1403900012215,5775.25,14277.344517772395
1403900013976,6042.75,61039.616557221576
1403900014601,8952.25,4431.482376938108
1403900011452,10720.25,4067.371248711029
1403900014743,7735.25,4153.839197529333
1403900010825,9365.249999999998,7568.64764500222
1403900012520,4047.0,1480.7636235134653
1403900015506,11298.749999999998,2247.4911384257753
1403900010859,10951.249999999998,3952.5310041867183
1403900014245,11400.25,762.6743298114519
1403900010685,4851.75,5052.295228219528
1403900011965,6579.25,1256.487381265988
1403900013745,8493.999999999998,9116.964353529986
1403900013656,7854.75,3643.8134056713648
1403900011471,11334.250000000002,5943.995950408294
1403900011931,4171.0,4211.259319791488
1403900015313,5515.5,21258.2803231502
1403900010280,6189.5,8266.471013199944
1403900012111,5889.750000000001,11216.514235774444
1403900011414,10028.750000000002,4881.385923133349
1403900013995,10729.5,5256.305544962716
1403900013694,3648.9999999999995,27819.7114705892
1403900014230,10463.25,1018.0249911655073
1403900015296,7942.0,3004.761221436083
1403900010543,10147.25,2796.6977195920376
1403900011062,2584.75,17856.306961830032
1403900012380,4078.75,3146.622699966114
1403900013567,7289.249999999999,860.6263030821875
1403900011575,1135.5000000000002,29034.99146999647
1403900010153,10004.5,10890.908366005515
1403900014067,6593.500000000001,5513.007268017058
1403900014828,12868.5,2704.149993122446
1403900010276,18045.25,1102.466347433383
1403900013001,5812.0,896.4294381397666
1403900011518,6626.75,1607.0878924902072
1403900014226,11459.25,4609.146990525718
1403900011005,4225.0,6121.660563995905
1403900012431,2622.75,8413.736738531119
1403900010416,4046.75,3857.9566851666978
1403900014531,1667.5000000000002,6402.681397655394
1403900010897,18533.25,1536.1571532251917
1403900014635,7349.5,535.6959641634023
1403900015135,8544.25,1818.5290485849673
1403900012304,10337.5,6581.697072943291
1403900014052,13290.750000000002,4224.769936794349
1403900015309,1914.2499999999998,11425.928799318775
1403900010149,8033.250000000001,4353.796329171662
1403900012516,4588.5,3137.165268064112
1403900012605,1126.5,132213.5469282885
1403900015578,12989.999999999998,2725.091449476879
1403900015366,37.5,35404.57185599485
1403900011382,7242.5,11260.42374103374
1403900013711,7794.500000000001,16387.702893619142
1403900015370,4027.0000000000005,25696.51800858974
1403900013618,7234.500000000001,1484.8168086143235
1403900010327,3367.75,7932.758773229299
1403900011289,4351.25,41445.84424882374
1403900014993,7839.75,1008.5675592635055
1403900011804,1072.7499999999998,12039.986342098764
1403900010524,13116.75,4215.312504892347
1403900013957,2967.0,24548.791094196775
1403900013815,15179.249999999998,4048.456384907024
1403900015667,12772.25,8033.412869900607
1403900011908,8430.0,5854.825878189418
1403900013834,7913.0,9281.793880964879
1403900011236,9743.5,8740.693670000333
1403900011984,5443.75,5488.68815741191
1403900014546,1168.5000000000002,28393.237162360616
1403900014620,7589.25,778.2115393647409
1403900011039,6886.749999999999,13050.5804939127
1403900013336,16768.25,5478.555194659764
1403900012130,4878.0,22741.74607006424
1403900011147,7622.999999999999,23380.122723449378
1403900012037,7011.000000000001,4292.323021808649
1403900014461,6803.75,14673.881126806338
1403900014279,9866.0,1451.0402661071732
1403900014211,12588.249999999998,3424.2658793748883
1403900014902,5145.749999999999,30810.962075022424
1403900010577,3638.25,40105.59104214002
1403900015099,6608.0,2331.256963843508
1403900013730,2771.75,56009.613847056775
1403900012569,8099.75,24340.052061502585
1403900015012,13638.75,4910.433749689498
1403900014387,15740.249999999998,3997.1160402961564
1403900014527,8123.0,802.5306499698892
1403900011683,8463.0,12345.326286363403
1403900011946,5650.499999999999,6049.378763030603
1403900014300,12922.75,1231.4927398106968
1403900013514,7406.25,5192.805645049274
1403900014048,15094.75,10645.690667403605
1403900013872,15795.0,4176.1317155840525
1403900014813,8697.25,1439.556241654742
1403900011861,3358.75,38762.63571205573
1403900014480,13046.249999999998,3073.6653681506696
1403900012041,4240.0,3822.153550109118
1403900015402,6291.000000000001,5945.347012108581
1403900015154,6744.750000000001,504.62154505682423
1403900010295,6811.5,33136.139261214645
1403900015544,6743.75,1669.2367307033635
1403900013317,7397.999999999999,27123.239164091763
1403900015440,10339.0,2800.0753738427525
1403900014103,8500.250000000002,9409.469211641906
1403900012319,11159.749999999998,14409.748564400423
1403900011842,2909.75,11996.752367689613
1403900013853,4867.499999999999,5170.513126994554
1403900011819,1181.0,16934.207351384834
1403900011170,11510.75,36861.691899753314
1403900011626,1293.4999999999998,74114.51616173942
1403900014438,11259.750000000002,2956.7985310759295
1403900013938,6790.500000000001,687.0148745954353
1403900014512,12083.75,7925.3279338777265
1403900013726,6056.249999999999,27305.632493630375
1403900014160,6304.749999999999,2184.666769362476
1403900012376,4438.750000000001,12882.373312227091
1403900010064,6714.0,3801.212093754685
1403900010789,12110.749999999998,5300.215050222012
1403900015281,7958.75,5796.73022507712
1403900012357,7299.499999999999,8479.938761845133
1403900011912,7127.249999999999,20047.729039693935
1403900014673,10318.0,8927.815715489944
1403900013603,11429.749999999998,6940.403954369226
1403900012249,8103.25,17563.12657286797
1403900010399,8845.250000000002,20468.58475933303
1403900014762,5924.249999999999,2035.374451480872
1403900012183,2371.75,80058.51211214773
1403900015046,11085.999999999998,567.4459141201236
1403900010204,6874.499999999999,4603.742743724574
1403900011113,4950.5,23784.090171834894
1403900010191,7061.25,13550.473323018523
1403900015493,9394.25,947.0942519004919
1403900011679,4696.0,7182.243998720422
1403900015101,12185.000000000002,4760.465900957752
1403900011594,574.5,24267.09472968714
1403900012272,5974.5,3849.174784114838
1403900012342,5145.75,7103.882420103832
1403900010350,9682.999999999998,60007.40541820307
1403900010990,5614.25,5392.087245841461
1403900012287,7834.500000000001,12011.614046392759
1403900014885,7901.250000000002,1568.582634032056
1403900010948,2426.5,18671.67269795264
1403900015277,13071.75,2171.1561523596156
1403900013533,4686.25,610.6798885292759
1403900014847,11236.0,2831.8253237994736
1403900010793,14741.25,4228.147591045064
1403900015559,6646.75,8346.183653516819
1403900015116,11010.0,2056.991438685448
1403900014086,6139.499999999999,6701.941564268745
1403900014175,11941.0,2561.6129837422723
1403900011363,3108.75,55892.07147913188
1403900011490,14057.75,2402.1877031085232
1403900010238,12402.0,5426.539319198753
1403900011344,2959.0000000000005,23690.866914515158
1403900015262,14589.499999999998,1827.9864804869696
1403900014368,7698.250000000001,2219.118842719769
1403900011630,980.0,53196.027856211156
1403900015224,17373.0,5608.257117887222
1403900012179,1929.25,55288.82242995418
1403900011787,1280.5,20421.297599823018
1403900012709,14244.25,8338.077283315102
1403900014705,5521.5,4249.089047399497
1403900015582,7.5,0.0
1403900014851,7451.250000000001,3413.4573857726004
1403900013961,5110.500000000001,22439.78378005032
1403900015385,11540.749999999998,7881.418428618431
1403900015629,10994.25,432.33974409152273
1403900010702,4653.75,3662.052738625226
1403900011895,4915.0,6192.5913032609205
1403900010596,4495.0,31277.753892471243
1407000201236,9332.5,5029.327179314667
1403900015671,10031.0,7044.435705291248
1403900013980,3270.5000000000005,34287.24382985833
1403900010755,7525.750000000001,5158.3535716919805
1403900010933,5392.0,43754.13316376239
1403900015614,6732.25,303.9888825643519
1403900011715,12134.500000000002,3877.5470798208444
1403900010632,8597.75,7685.51448207696
1403900010806,13502.25,7845.6152935608525
1403900011024,5672.250000000001,2244.11348417506
1403900014423,16451.000000000004,10128.909567044208
1403900011096,5063.0,18830.422447736244
1403900010223,7483.999999999999,4637.519286231724
1403900011306,1561.5,25901.879387033216
1403900013340,18400.25,6000.065010970165
1403900010384,6130.999999999999,8825.135026268208
1403900012107,1556.2499999999998,19705.910429521577
1403900010312,6033.500000000001,26826.681120878984
1403900010863,12138.750000000002,26821.952404927986
1403900011378,3917.0,61207.823738907195
1407000200613,1167.7499999999998,91.87219561944859
1403900015563,8191.0,5279.273593867579
1403900014283,14255.750000000002,4809.77965301819
1403900010365,6195.999999999999,27533.28639012857
1403900011768,5916.5,55280.71605975247
1403900013798,14579.750000000002,3982.2543615930103
1403900010473,14858.75,1560.4762638303398
1403900012056,8402.5,12134.560661118785
1403900014457,4623.5,9791.144141972705
1403900011221,7770.249999999999,3097.3089479056744
1403900015474,8612.0,493.8130514545361
1403900013552,4649.25,2917.6177417676354
1403900011791,1030.25,20661.111051623786
1403900013529,7656.0,10134.31381384535
1403900011876,2311.9999999999995,4287.594305857649
1403900012662,5107.75,27321.169703183667
1403900011166,6143.75,14396.237947397563
1403900012291,9045.5,19136.437922851026
1403900014866,6845.25,17017.29764595242
1407000131433,4235.0,1149.0779760932503
1403900013891,9276.499999999998,1921.885268656847
1403900013904,8778.0,3942.398041434573
1403900015258,9585.0,964.6580540042102
1403900011537,19664.75,18250.141447463404
1403900013641,2213.75,16218.144650233247
1403900013637,2372.7500000000005,557.3129513679785
1403900015050,6359.250000000001,1539.5348074759067
1403900012592,9382.25,84639.96233781757
1403900015351,3108.4999999999995,13758.53682486257
1403900013482,11346.5,576.2278151719826
1403900015597,7508.0,395.1855473336575
1403900014118,9341.999999999998,2316.3952851403615
1403900013942,8739.0,616.0841353304199
1403900014495,11061.5,1128.1365197388172
1403900010083,13001.249999999998,1917.1565527058463
1403900014071,6075.0,9493.910567909783
1403900014777,6789.0,1434.1519948535981
1403900010030,8699.5,110479.01735578748
1403900010026,3644.4999999999995,6678.297984513741
1407000131448,9632.5,8327.944320562956
1403900013143,6737.999999999999,36365.17672489821
1403900011043,5548.999999999999,56483.83650385716
1403900011274,6837.0,30717.738817702688
1403900015648,4274.0,3152.026946767258
1403900011753,5489.5,46227.25160613593
1403900014599,8333.5,4684.130914891592
1403900012677,4302.499999999999,13057.33580241413
1403900013321,2338.7500000000005,28518.88590048721
1403900014584,5813.250000000001,60699.149008749504
1403900010562,10556.250000000002,9705.351724004542
1403900014508,6094.75,3291.186301896717
1403900015065,12119.500000000002,2677.128759116726
1404400010280,3926.7499999999995,1039.6419783700835
1404400050276,589.0,17.56380210371811
1404400100242,6504.499999999999,2913.5645566667777
1404400020115,5013.75,1234.194863211269
1404400020149,41.25,0.0
1404400010308,227.25,0.0
1412000010706,11165.75,21537.27456425926
1404400010331,289.5,15.537209553289097
1404400020172,296.25,0.0
1404400100223,8904.75,416.12700368809067
1404400010100,4969.499999999999,1594.25280633749
1404400020168,147.25,0.0
1404400020346,228.5,3.3776542507150213
1404400010064,721.25,24.31911060514815
1412000014342,5908.5,3957.259720137719
1404400010312,476.50000000000006,6.755308501430042
1404400010327,432.0,255.3506613540556
1404400010098,8458.000000000002,4292.9985526587925
1404400010079,332.75000000000006,1508.4603883693287
1412000015694,3010.9999999999995,185.77098378932618
1404400010083,1595.0000000000002,24.319110605148154
1404400050261,5209.75,1782.725913527388
1404400020187,978.5,535.0204333132594
1404400020350,303.75,18.914863804004117
1404400100238,6841.999999999999,2428.5334062641004
1404400010365,15.0,0.0
1404400020153,175.49999999999997,3.3776542507150213
1404400020134,3047.0,320.877153817927
1404400010295,2875.7499999999995,155.372095532891
1404400050257,914.5,65.52649246387142
1404401700219,2498.0,36.47866590772223
1404401700384,2370.25,59.44671481258437
1404400540416,8745.0,1950.2575643628531
1404400540435,6613.0,267.5102166566297
1404400540420,10559.5,311.419721915925
1404401700399,3563.25,146.59019448103194
1404400540401,12932.75,846.4401552291844
1405100010088,154.0,24.319110605148158
1405100010139,873.75,948.445313600778
1405100010069,5675.249999999999,11770.449532891707
1405100010124,52.5,0.0
1405100010177,50.0,0.0
1405100010105,0.0,245.27937941167303
1405100010092,719.0,12.159555302574077
1405100010143,470.25,0.0
1405100010162,850.75,20.941456354433136
1405100010158,346.74999999999994,26.345703155577166
1405100010054,9047.75,3501.951927141334
1405100010073,2100.25,83.09029456758952
1405100020196,11505.250000000002,1785.4280369279604
1405100020181,9513.250000000002,934.259165747775
1405100020209,8899.5,416.1270036880906
1405100020213,12307.75,342.4941410225032
1407000130350,8823.749999999998,1923.9118612072762
1407000140473,1195.25,53.366937161297336
1407000200261,1313.75,3605.308147213214
1407000010030,4610.749999999999,3353.335140109873
1407000210755,1269.0,29.72335740629219
1407000641293,3966.75,177.66461358761015
1407000130435,6352.75,1258.513973816417
1407000141077,57.5,0.0
1407000140774,2795.0000000000005,720.7914171025856
1407000430651,662.0000000000001,48.6382212102963
1407000140609,1763.2499999999998,2639.2990315087177
1407000130416,9232.0,1820.5556411353964
1407000430986,57.5,0.0
1407000010929,236.75000000000003,12.159555302574077
1407000201382,10142.25,297.2335740629219
1407000130420,6493.75,1140.9716058915342
1407000211151,4283.75,208.06350184404533
1407000011289,103.25000000000001,0.0
1412000013005,4744.25,7250.4726145848645
1407000131452,7566.75,986.2750412087862
1407000130327,9056.5,1142.3226675918202
1407000010045,6457.499999999999,10236.994503067088
1407000430666,64.25,3.7127033378787293
1407000430971,617.9999999999999,46.6116286598673
1407000200257,0.0,57528.20719817824
1407000011240,591.25,10.132962752145064
1407000140844,4883.75,7039.031458490104
1407000430647,279.25,322.903746368356
1407000201255,3957.2499999999995,1118.003556986672
1407000201221,64.5,514.0789769588262
1407001111325,9003.0,715.3871703014415
1407000431024,4708.75,1838.1194432391148
1407000011043,154.75,20.941456354433136
1407000130365,7533.5,1250.407603614701
1407000430505,1688.0,45.26056695958129
1407000431147,4733.25,280.3453028093468
1407000140558,1706.25,16738.978935693503
1407000130596,1130.2500000000002,87.14347966844755
1407000200204,4729.25,578.9299385725546
1407000130083,7239.000000000001,4277.461343105503
1407000131429,8447.000000000002,2924.3730502690655
1407000140488,5192.25,1501.7050798678986
1407000131471,5576.25,2321.7995319415054
1407001111310,5095.5,224.27624224747743
1407000010098,5012.0,270.2123400572017
1407000131486,9591.25,1890.8108495502688
1407000130238,2870.0,62956.097579077286
1407000430990,190.99999999999997,0.0
1407000011274,100.0,12.159555302574077
1407000140280,3964.5,1181.5034569001145
1407000211113,5744.5,1117.3280261365292
1407000140825,7768.000000000001,2723.0648569264504
1407000200191,7528.500000000001,5631.225166792084
1407000430897,7071.0,2198.1773863653357
1407000010539,363.0,12.159555302574077
1407000431132,2603.2499999999995,433.69080579180877
1407000140948,80.75,3.3776542507150213
1407000430308,6596.5,6710.047934470461
1407000140219,3942.4999999999995,2307.6133840885027
1407000010717,2105.25,99.97856582116464
1407000430628,121.75,6.755308501430043
1407001111490,707.75,29.358176909391542
1407000211005,4800.5,8842.698828371926
1407000431081,234.74999999999997,0.0
1407000641306,7817.999999999999,6399.303743404679
1407000011217,190.00000000000003,3.3776542507150213
1407000211185,1262.75,2959.500654476502
1407001111344,4020.5000000000005,65.52649246387142
1407000200793,157.0,0.0
1407000140469,3247.75,2307.6133840885027
1407001111359,5109.0,1525.3486596229038
1407000210740,1040.5,41.882912708866264
1407000431039,3208.2500000000005,1380.1095268421577
1407001111378,0.0,1738.8164082680928
1407000210721,1610.5,101.32962752145065
1407000140346,4966.5,1005.1899050127904
1407000140223,5413.750000000001,2469.065257272681
1407000130401,1320.7499999999998,10584.217360040591
1407000011058,2989.9999999999995,80.3881711670175
1407000010100,7031.749999999999,6538.463098534138
1407000140276,7675.749999999999,10687.57358011247
1407000210736,6465.499999999999,4740.199975453461
1407000430492,3399.5,1113.2748410356712
1407000430806,2091.0,476.249249350818
1407001111363,8883.5,243.19110605148154
1407000210967,2315.5,2176.5603991607595
1407000011062,65.75,60.12224566272738
1407000431202,1913.2499999999998,71.60627011515847
1407000200933,1012.7499999999999,67.55308501430042
1407000010702,6572.5,1908.374651653987
1407000010134,8723.25,1145.7003218425352
1407000011503,7521.0,695.7967756472945
1407000010115,5985.25,15373.055556704347
1407000010581,215.75000000000003,249.9464145529116
1407000010399,1809.2499999999998,1910.4012442044161
1407000010384,3113.0,1170.6949632978265
1407000010685,763.0,2165.7519055584717
1407000010914,636.0,36.47866590772223
1407000201397,22894.250000000004,870.0837349841896
1407000200789,18753.0,1823.2577645359684
1407000200242,2687.25,25859.320943474202
1407000200079,9109.250000000002,4507.141832154125
1407000140543,1536.75,2281.2676809329255
1407000140859,4325.500000000001,14228.7062965621
1407000140454,171.74999999999997,965.3335848543531
1407000140810,2976.4999999999995,4694.263877643736
1407000430632,92.5,0.0
1407000430295,10435.75,16478.224027538305
1407000211096,4886.750000000001,1188.9342962516876
1407000211109,4299.0,527.5895939616863
1407000211128,6478.249999999999,1147.7269143929643
1407001211518,10066.5,947.0942519004919
1409701151278,642.0,24.319110605148154
1409707771780,11544.25,2658.8894261628648
1409700013096,70.75,0.0
1409700151348,10.0,489.7598663536781
1409700092897,3146.4999999999995,47.2871595100103
1409708531668,7761.749999999999,2156.970004506613
1409700010941,9300.5,11884.614246565874
1409700013128,374.25000000000006,0.0
1409700382384,1142.75,0.0
1409701152007,25.0,7260.60557733701
1409700011117,431.0,20.941456354433132
1409708331494,5126.75,111.46259027359571
1409708332280,1283.2500000000002,0.0
1409700381827,438.75,146.59019448103192
1409700312789,2585.2500000000005,443.14823769381076
1409700092863,7525.0,458.0099163969569
1409708331507,4295.0,307.3665368150669
1409700150227,3795.75,647.1585544369982
1412000014516,5430.25,34571.64231776853
1409700232755,2914.5000000000005,811.312551021748
1409700092825,5246.5,174.2869593368951
1409708333753,3582.2500000000005,39.856320158437256
1409700381795,3191.2500000000005,8598.156660620158
1409708221969,11367.500000000002,448.55248449495485
1409700353240,426.5,659.3181097395722
1409800011877,3598.25,1573.9868808331998
1409700010195,4970.000000000001,9724.266587808546
1409708222153,2248.9999999999995,41.88291270886626
1409708362793,7148.75,1029.5090156179385
1409708222168,10655.25,1480.7636235134653
1409708432632,8433.5,2111.7094375470315
1409708432685,6009.750000000001,1110.572717635099
1409708333537,858.5,1979.3053909190025
1409700153185,2.5,0.0
1409708432952,10379.25,307.3665368150669
1409708352721,6505.749999999999,222.2496496970484
1409708332948,0.0,1657.0771754007897
1409700011371,361.75000000000006,10.132962752145064
1409701153359,0.0,0.0
1409708332933,14602.249999999998,1115.976964436243
1409708221526,14194.75,3428.3190644757465
1409708352736,7725.75,1577.364535083915
1409708432717,7065.000000000001,771.4562308633109
1409708223081,4057.25,143.2125402303169
1409700011386,225.0,31.0744191065782
1409700012100,8277.0,349.9249803740762
1409700010212,5840.250000000001,15117.704895350293
1409708312011,5590.0,632.972406583995
1409700012488,0.0,0.0
1409708221954,9226.0,2344.092049996225
1409700313630,99.0,0.0
1409700012115,18731.0,2055.640376985162
1409708221935,9734.25,2872.357174808054
1409700152064,2105.5,130.37745407759982
1409708223043,8184.499999999999,138.48382427931588
1409708223490,3265.5,139.8348859796019
1412000016546,16309.75,2637.9479698084315
1409700350246,3468.7500000000005,158.749749783606
1409700011121,2.5,6366.202731747672
1409700013109,96.75,0.0
1409700150674,1488.5,242.51557520133852
1409708432647,9367.5,1176.7747409491133
1409700151738,10.0,0.0
1409708432651,10681.25,2370.4377531518016
1409700233202,3491.4999999999995,77.01051691630249
1409701153363,12.5,4804.3754062170465
1409700312774,4906.0,1090.3067921308088
1409708221615,6079.25,152.66997213231897
1409708223058,15106.250000000002,338.4409559216452
1409700011102,1386.25,38.50525845815125
1409700012098,10804.250000000002,737.0041575060176
1409708311649,4122.5,1605.061299939778
1409700150706,53.5,0.0
1409700010532,5635.499999999999,1116.652495286386
1409708352740,4573.999999999999,380.9993994806544
1409708332454,4328.75,12.159555302574077
1409700011136,388.75,5.220456971034864
1409700152492,12.5,0.0
1409700381812,233.49999999999997,30.398888256435193
1409700151723,66.5,0.0
1409700382261,0.0,0.0
1409708332276,6130.75,183.06886038875416
1409708221973,9276.75,408.6961643365176
1409700152539,136.75,29.72335740629219
1409708221920,8629.5,1456.4445129083174
1409708221579,9908.75,5400.869146893319
1409708221545,12838.999999999998,1548.9922393779088
1409700010636,1092.75,2658.8894261628648
1409700092844,7357.25,289.1272038612058
1409701151511,3636.2500000000005,189.8241688901842
1409708312986,17.5,486.3822121029631
1409700010918,8083.999999999999,16012.783271789775
1409708432666,11476.25,1480.0880926633224
1409708221564,15348.250000000002,1097.7376314823819
1409700353448,0.0,0.0
1409700350867,1122.0,1061.9344964248025
1409700092859,3525.5,146.59019448103192
1409700010208,2430.5000000000005,1218.6576536579798
1409700150689,30.0,0.0
1409700382242,3396.25,39.856320158437256
1409708312030,0.0,6468.207890119266
1409700150725,403.5,26.345703155577166
1409708362806,12358.250000000002,1403.753106597163
1409708223452,357.25000000000006,0.0
1409708223077,11072.5,1072.7429900270909
1409700010513,268.5,18.914863804004117
1409708221583,13081.0,598.5203332267017
1409708311653,10459.5,2614.3043900534267
1409708223700,8419.5,167.53165083546503
1409700383255,2169.25,832.2540073761813
1409700010528,3407.0,83.09029456758952
1409708531884,1577.5,35.127604207436214
1409700010566,2.5,18.914863804004117
1409708222172,10198.75,204.6858475933303
1409708363382,2376.25,17.56380210371811
1409700150693,42.5,0.0
1409708331475,4196.750000000001,141.18594767988787
1409700381808,3856.7499999999995,2441.3684924168174
1409700011085,152.24999999999997,0.0
1409708312026,6165.250000000001,591.0894938751287
1412000015548,8518.0,1742.869593368951
1409708532083,252.49999999999997,18.914863804004117
1409708622929,7621.750000000001,1191.6364196522595
1409708333594,2946.0,36.47866590772223
1409708223486,1698.25,8.781901051859057
1409700012331,1560.7500000000002,0.0
1409701153433,75.0,0.0
1409700012134,5211.0,156.047626383034
1409700151333,138.75,3.3776542507150213
1409708222219,7898.250000000001,2001.5979089737218
1409708221530,32624.999999999996,7538.248756745786
1409700013113,664.25,17.56380210371811
1409708353522,1368.75,26.345703155577166
1409708432702,4993.500000000001,272.9144634577737
1409700382257,372.75000000000006,333.7122399706441
1409700150710,477.50000000000006,20.941456354433132
1409708622914,6616.249999999999,341.8186101723602
1409700150956,5175.250000000001,1513.1891043203295
1412000011225,8549.25,73171.4750949398
1409700150960,6670.25,4094.392482716749
1409700092882,5618.0,183.06886038875416
1409700092878,4332.5,155.372095532891
1409708222469,19666.5,2021.1883036278687
1409700350551,5755.25,1638.8378424469283
1409707772365,13433.500000000002,1332.8223673321475
1409701153429,907.2500000000001,47.2871595100103
1409708532238,12034.5,1201.0938515542616
1409700010937,7762.750000000002,18269.73184211755
1409708221916,9433.25,2152.241288555612
1409708221600,7970.5,410.7227568869466
1409708312971,2231.75,3862.685401117698
1409708312187,0.0,1076.7961751279488
1409708331865,9155.0,352.6271037746482
1409700010922,8664.25,26830.0587751297
1409708223062,4862.0,64.8509616137284
1409700013626,0.0,0.0
1409708353378,7509.25,172.9358976366091
1409700382524,658.0,33.10101165700721
1409700013132,2321.0,38.505258458151246
1409708312045,3395.0,72.95733181544445
1409700323217,368.75,0.0
1409705601282,42.5,1.1079370872297687
1409700321437,5361.75,131.0529849277428
1409700321140,1003.9999999999999,33.10101165700721
1412000017099,2910.0,0.0
1412000012276,4736.25,2395.432394607093
1409701802577,800.0,0.0
1409704241776,4948.749999999999,8359.694270519678
1409704240975,5968.0,17973.173798904772
1409700320509,1384.0,48.63822121029631
1409701801244,5160.5,35896.358314898964
1409704240443,475.0,27743.37648452304
1409700320481,137.75,312.095252766068
1409705603683,1434.5,8.781901051859053
1409701801047,286.0,0.0
1409700321155,284.5,12.159555302574075
1409700320496,330.0,6.79425669508736
1409705601719,1167.7499999999998,26.345703155577166
1409700321441,266.25,268.8612783569157
1409700320284,10575.75,564.7437907195515
1409700931028,4166.0,6349.9899913442405
1412000011691,8574.5,9861.399350387575
1409705601032,7288.999999999999,972.7644242059262
1409700320833,341.5,3933.6161403827136
1409700321189,4825.25,199.28160079218625
1409700320829,6543.5,395.8610781838005
1409700321831,886.75,20.94145635443313
1409700320053,13793.5,5743.363287915822
1409700321174,359.75,1453.7423895077452
1409700321850,78.5,17.563802103718107
1409700320180,9853.25,5350.879863982737
1412000012596,7468.500000000001,2805.479620643897
1409700250994,2187.5,3457.366891031896
1409708441687,10324.5,2473.118442373539
1409700251460,455.5,6864.744499153209
1409700340388,6027.499999999999,4794.917974315044
1409700252609,2313.0,303.9888825643519
1409700341367,68.75000000000001,8.781901051859055
1409700251418,2460.75,3.3776542507150213
1409700343221,108.75,1017.3494603153644
1409700252543,1197.0,62.14883821315639
1412000015849,12772.25,7381.525599512608
1409708441704,12266.25,1112.5993101855279
1409700253039,27.5,0.0
1409700251403,530.25,2134.6774864518934
1409700340250,10450.25,17726.605038602574
1409700251210,1857.7499999999998,39.85632015843725
1409700251422,421.5,0.0
1409700342350,447.9999999999999,0.0
1409700251193,45.75,0.0
1409700341352,682.5000000000001,12.159555302574077
1409700252204,2465.0000000000005,0.0
1409700251297,696.4999999999999,0.0
1409700250759,75.75,249.9464145529116
1409700250458,1594.5,27155.66464489863
1409700252191,270.50000000000006,0.0
1409700250354,8142.5,12400.71981607513
1409700343645,62.5,0.0
1409700340547,723.7499999999999,66.87755416415742
1409700251390,3260.5,2141.4327949533235
1409700251225,103.25,10.132962752145064
1409700252295,469.00000000000006,2156.970004506613
1409700252558,5.0,249.9464145529116
1409700340373,7387.5,2343.4165191460816
1409700342079,4919.75,1028.8334847677957
1409700253024,27.5,3607.3347397636426
1409708443397,37.5,927.503857246345
1409700201013,15622.499999999998,62758.84257083552
1409700051314,27.5,0.0
1409700411259,7712.25,1607.0878924902072
1409700053166,9657.75,3320.909659303009
1409700053518,4979.5,347.8983878236472
1409700413274,98.75,3.3776542507150213
1409700413310,138.50000000000003,0.0
1409700051329,120.25,66.20202331401443
1409700411009,1986.75,6811.3775619919115
1409700413325,135.75,0.0
1409700053170,0.0,0.0
1409700053503,4532.5,302.6378208640659
1409700050655,642.75,1358.4925396375816
1409700412149,197.25,8.781901051859057
1409700413306,61.0,0.0
1409700053151,2705.9999999999995,73.63286266558745
1409700053147,7085.5,159.42528063374903
1409700050335,7349.499999999999,1502.3806107180415
1409700052581,94.25,18.914863804004117
1409700413293,12.5,0.0
1409700413344,0.0,2131.2998322011786
1409700050640,0.0,251.97300710334056
1409700053768,414.99999999999994,8.781901051859055
1409700053575,2290.5000000000005,8.781901051859055
1409700413289,87.5,0.0
1409700012346,946.75,17.56380210371811
1409700353772,14638.749999999996,566.7703832699806
1409700353823,202.75,249.9464145529116
1409700342505,70.75,27140.802966195482
1409700353556,1685.2500000000002,79.71264031687451
1409700250299,10052.0,1262.567158917275
1409700250782,743.25,1022.0781762663655
1409708312990,6569.75,70.93073926501545
1409700251988,1365.25,17.56380210371811
1409700092810,9153.5,5548.134872224494
1409708311634,10190.25,1405.7796991475918
1409708223698,3739.2500000000005,69.57967756472945
1409708223471,6409.249999999999,671.4776650421463
1409708221598,12527.749999999998,1612.4921392913511
1409705603467,3122.5,41.88291270886627
1409700411263,8688.000000000002,32158.646121057718
1409700253560,4182.25,0.0
1409700353734,18216.5,798.4774648690311
1409708221901,4867.25,2614.9799209035696
1409708223715,4420.25,115.51577537445374
1409708333607,5203.0,472.871595100103
1409708531672,9213.75,520.1587546101133
1409708623414,12632.75,8654.225721182027
1409700250797,3413.2500000000005,17977.902514855774
1409700252223,5268.75,284.3984879102048
1409700321846,145.5,24.319110605148158
1409700320265,7406.5,2875.7348290587693
1409701152596,4563.0,438.4195217428098
1409701151992,6387.25,1002.4877816122183
1409704240570,2992.9999999999995,3179.723711623121
1409704241761,15648.249999999998,17898.189874538897
1409701150890,6514.0,11011.828388181111
1409701150871,2362.75,497.86623655539415
1409708223749,10752.0,830.9029456758952
1409708221899,5978.499999999999,1109.8971867849561
1409708432670,16038.000000000002,337.08989422135915
1409700340848,149.75,1946.2043792619954
1409700350138,22059.0,6358.096361545957
1409700352435,509.75,1016.6739294652215
1409700432613,3553.0,1409.157353398307
1409700343236,17.5,6095.314860840327
1412000014465,7261.5,8934.571023991373
1409700350231,10397.0,1936.746947359993
1409701150886,3891.75,1499.0029564673266
1409700432628,3529.7499999999995,895.7539072896236
1409708432967,662.9999999999999,8.781901051859055
1409700252420,190.75000000000003,246.56876030219655
1409700253819,2123.75,84.44135626787553
1409700250778,338.24999999999994,12.159555302574077
1409700250763,11283.25,7586.88697795608
1409700253791,716.0000000000001,0.0
1409700252399,3362.5000000000005,1969.1724281668573
1409700250369,11219.0,4510.51948640484
1412000015497,12963.0,15269.69933663247
1409700250462,4518.75,27661.63725165574
1409700250814,6432.999999999999,678.9085043937193
1409700253005,1557.7500000000002,2554.1821443906992
1412000012492,5067.500000000001,3501.276396291191
1409701800301,6581.500000000001,16.888271253575105
1409700250477,7942.500000000001,29218.735861235364
1409700251206,1963.0000000000002,24.319110605148154
1409700251456,6058.5,403.96744838551655
1409700252562,341.75,0.0
1409700253787,3036.75,0.0
1409700463861,8420.0,247.2442911523395
1409700463876,5404.250000000001,772.1317617134539
1409704393880,2144.5,56.06906056186936
1409704393895,4584.0,52.69140631115433
1409706133927,9640.75,362.0845356766503
1409706133931,9905.0,340.46754847207416
1409706133946,8900.25,354.65369632507725
1409706663950,6808.250000000001,166.18058913517905
1409700213838,1782.75,343.84520272278917
1409700213842,2933.2500000000005,368.16431332793735
1409700213857,3460.2500000000005,143.88807108045992
1409708274130,7339.749999999999,124.29767642631278
1409708524183,2835.0,300.6112283136369
1409708524164,1244.7500000000002,38.505258458151246
1409708524179,4334.25,149.96784873174695
1409708634111,6695.500000000001,772.8072925635969
1409708634126,7627.500000000001,522.8608780106854
1409708634145,2879.5,326.95693146921406
1409708843965,14941.499999999998,291.82932726177785
1409708443611,0.0,26.34570315557717
1409708441691,7090.0,306.69100596492393
1409708440744,345.00000000000006,0.0
1409708443804,7194.499999999999,249.9464145529116
1409709033912,6268.250000000001,43.90950525929528
1409709033908,2908.7500000000005,0.0
1409708714056,11458.999999999998,333.7122399706441
1409708714060,10174.75,327.63246231935705
1409708823984,6042.250000000001,95.92538072030662
1409708743999,12455.249999999998,2540.6715273878394
1409708234003,6020.75,180.36673698818217
1409708374200,5700.250000000001,83.09029456758952
1409708234041,6862.5,1950.9330952129965
1409708744018,22076.5,362.7600665267933
1409708374198,5989.999999999999,131.0529849277428
1409708824215,5076.000000000001,531.6427790625444
1409708744022,13253.5,980.1952635574992
1409708744037,12524.749999999998,510.7013227081112
1409708614075,7663.750000000001,1999.5713164232927
1409800012292,13144.249999999998,811.312551021748
1409800011171,9891.75,1155.8332845946802
1409800012413,7349.5,16116.815022711797
1409800143248,229.25,513.4034461086833
1409800011966,16838.5,1934.0448239594214
1409800011152,14229.000000000002,9958.000261958025
1409800012659,9689.999999999998,4614.551237326862
1409800011364,8706.75,2607.5490815519966
1409800011792,173.5,930.8815114970599
1409800010671,23077.999999999996,3712.7175523859514
1409800010794,11875.500000000002,1476.7104384126073
1409800011720,258.25,13914.584451245602
1409800010385,16095.75,3089.8781085541013
1409800011256,2682.7500000000005,3364.1436337121613
1409800012841,6862.25,253.3240688036266
1409800141129,13697.25,3498.574272890619
1409800142945,1175.75,274.26552515805975
1409800012254,7891.249999999999,6785.707389686478
1409800012752,4494.0,1649.6463360492164
1409800011294,8230.0,1782.725913527388
1409800012979,402.00000000000006,663.3712948404302
1409800143159,298.0,1842.8481591901157
1409800012216,12961.25,7683.487889526531
1409800010281,5612.500000000001,16553.207951904176
1409800143178,3421.75,1495.6253022166115
1409800012606,8609.0,4770.598863709896
1409800012589,10020.5,707.9563309498685
1409800010718,11199.75,9306.788522420171
1409800011519,11871.25,12741.862895397348
1409800011824,2058.4999999999995,108.08493602288068
1409800012428,9360.75,18857.443681741963
1409800010775,8964.25,628.9192214831369
1409800012926,694.25,0.0
1409800011434,4288.25,41995.72636084015
1409800011449,10873.000000000002,1588.1730286862032
1409800011260,5523.5,17161.18571703288
1409800012235,7171.249999999999,914.6687710936278
1409800013337,2813.25,158.749749783606
1409800012201,11222.250000000002,1504.4072032684705
1409800012714,25918.75,662.6957639902871
1409800013360,0.0,3060.1547511478093
1409800142023,6246.5,5598.124155135077
1409800010262,12434.75,1914.4544293052738
1409800011059,8529.500000000002,1732.061099766663
1409800011186,7059.000000000001,244.54216775176755
1409800012451,5894.250000000001,4215.98803574249
1409800012771,9639.25,14773.859692627504
1409800012610,7774.75,1052.4770645228007
1409800010084,9180.500000000002,3305.37244974972
1409800013089,71.0,0.0
1409800011222,14325.750000000002,8022.604376298318
1409800013271,2474.0,95.24984987016359
1409800010116,6782.5,498.5417674055372
1409800013093,218.75,0.0
1409800012447,6351.5,470.845002549674
1409800013267,2489.0000000000005,64.17543076358541
1409800011063,11459.500000000002,12469.623962789716
1409800143233,62.5,3.3776542507150213
1409800012165,7229.250000000001,4118.711593321897
1409800013144,10.0,10.132962752145064
1409800012540,106.75,9007.52835580682
1409800011843,8777.5,953.174029551779
1409800011805,1169.25,991.0037571597871
1409800011735,12201.5,1234.8703940614118
1409800011218,13155.5,4447.69511734154
1409800012502,2180.0,124.29767642631278
1409800011684,2745.4999999999995,14223.977580611097
1409800011538,13217.0,9714.133625056402
1409800011773,4388.25,616.7596661805629
1409800010347,5529.75,6005.469257771308
1409800012822,6079.750000000001,19922.755832417482
1409800011595,6860.75,1840.1460357895435
1409800010597,21123.75,16773.431009050797
1409800012485,5906.0,2371.7888148520883
1409800011383,8841.250000000002,26938.819242002726
1409800011468,10380.750000000002,1101.79081658324
1409800011646,8298.5,8983.884776051815
1409800010972,6267.749999999999,639.7277150854251
1409800012470,5398.0,1767.1887039740993
1409800012894,2881.25,1176.0992100989704
1409800011491,6327.75,1159.8864696955382
1409800011665,1719.5,301.96229001392294
1409800013182,15370.75,535.6959641634023
1409800011237,12665.75,1551.018831928338
1409800013318,614.25,8.781901051859055
1409800013322,4048.75,301.28675916377995
1409800013197,451.25,8122.582942119484
1409800012663,4527.75,95.24984987016362
1409800010050,10510.5,12384.507075671698
1409800012964,1608.25,4262.599664402357
1409800011082,13847.25,2497.4375529786867
1409800011858,143.24999999999997,0.0
1409800010506,12678.0,6674.920330263026
1409800010031,4837.75,30316.473492717745
1409800010991,3441.7500000000005,7111.313259455406
1409800013036,413.49999999999994,7581.482731154937
1409801282875,8151.0,483.00455785224807
1409800011951,12613.25,10474.781362317424
1409800011913,6529.25,1032.8866698686536
1409800011862,4727.0,138.48382427931588
1409800011608,5444.25,22990.341422916867
1409800013110,17.5,9897.202485445156
1412000012295,12084.0,705.2542075492964
1409800012767,5031.75,10688.249110962613
1409800012536,972.2500000000001,1439.556241654742
1409800140027,8174.999999999999,7237.637528432148
1409800011631,7367.750000000001,5306.294827873298
1409800012432,12521.25,12867.511633523945
1409800012818,11645.25,7394.360685665324
1409800012150,11430.999999999998,13649.100827139402
1409800013002,1457.25,138.48382427931588
1409800013125,342.0,8.781901051859055
1409800010370,14909.75,13474.813867802506
1409800011542,6427.0,7888.1737371198615
1409800011330,5913.75,11575.89664805052
1409800011788,255.50000000000003,31.074419106578194
1409800010525,12164.999999999998,11035.471967936117
1409800011909,11757.75,804.557242520318
1409800011576,10957.500000000002,8551.545031960291
1409800011398,9947.75,8696.108633890894
1409800012076,151.5,0.0
1409800011241,5829.75,1552.369893628624
1409800012786,7204.25,1026.8068922173666
1409800010474,13867.75,6437.809001862831
1412000016048,5910.25,8.781901051859055
1409800011769,10424.75,2504.192861480117
1409800012112,4172.25,675.5308501430043
1409800011504,6218.75,1306.4766641765702
1409800013375,3507.75,0.0
1409800013290,978.5,9697.92088465297
1409800012108,4583.75,949.120844450921
1409800010690,12744.5,3687.72291093066
1409800011203,11461.75,1326.7425896808604
1409800011097,15362.5,10091.079839436197
1409800010296,7906.0,2173.1827449100447
1409800143021,138.5,3.3776542507150213
1409800012837,6627.499999999999,646.483023586855
1409800012004,1906.7499999999998,975.4665476064982
1409800010807,13619.5,4055.8872242585976
1409800011190,14649.25,2348.820765947226
1409800012521,30.0,0.0
1409800013356,35.0,0.0
1409800010101,14282.000000000002,13713.95178875313
1409800012273,16176.249999999998,4954.343254948793
1409800010987,13716.0,3664.754862025798
1409800011985,55.75,274.26552515805975
1409800010879,12.5,11240.157815529448
1409800011970,12353.500000000002,1045.7217560213708
1409800012644,3418.75,839.0093158776114
1409800010046,16279.750000000002,7397.0628090658965
1409800142038,558.7500000000001,39.856320158437256
1409800013214,14739.999999999998,3375.627658164592
1409800012199,7955.750000000001,1056.5302496236586
1409800011839,11554.5,845.0890935288983
1409800011167,8844.5,3217.5534392311292
1409800013252,556.4999999999999,5.535572278064696
1409800013286,3883.75,2140.081733253038
1409800011650,1240.75,0.0
1409800012930,2669.7500000000005,130.3774540775998
1409800012998,1961.0,0.0
1412000014287,9482.5,1746.247247619666
1409800013040,6087.999999999999,389.1057696823704
1409800013394,1988.7499999999998,133.07957747817187
1409800012269,6925.0,1384.8382427931588
1409800013341,4070.7499999999995,221.57411884690538
1409800012061,1798.2500000000002,184.41992208904017
1409800010968,23224.25,3966.7171520397214
1409800012466,15614.499999999998,1128.8120505889601
1409800013303,753.9999999999999,597.1692715264159
1409800011453,6993.75,1829.3375421872556
1409800010953,20173.5,6129.766934197621
1409800012517,4936.249999999999,3.3776542507150213
1409800013106,40.0,0.0
1409800143229,631.0,0.0
1409800142019,3464.25,894.4028455893377
1409800142127,4677.0,376.94621437979634
1409800143017,1600.2499999999998,962.6314614537811
1409800141114,8179.25,10349.808155040968
1409800143407,469.50000000000006,31.074419106578194
1409800013411,457.0,0.0
1409800013074,3951.0000000000005,272.9144634577737
1409800011699,3288.25,636.35006083471
1412000012327,8417.25,1094.359977231667
1409800010351,5980.0,9855.995103586432
1409800012803,7668.25,872.7858583847615
1412000014963,700.25,38.505258458151246
1409800011078,12447.25,1855.00771449269
1409800012131,16649.999999999996,2482.5758742755406
1409800012860,6021.75,2058.3425003857337
1409800012729,6772.0,1124.083334637959
1409800012733,12955.5,8073.2691900590435
1412000013310,5736.5,1768.5397656743853
1409800011044,14510.5,3044.6175415945204
1409800011345,8193.5,11701.54538617712
1409800010120,18731.000000000004,10339.675192288823
1409800012625,9700.75,1082.8759527792358
1409800011379,14386.75,2302.2091372873588
1409800012095,5.0,49169.86398935885
1409800011716,2298.25,25382.396163273243
1409800013055,3408.0,483.680088702391
1412000013503,7946.0,4165.998752831908
1409800013163,6346.5,483.680088702391
1409800012911,8792.999999999998,91.87219561944859
1409800012042,1435.2499999999998,1114.625902735957
1409800012555,17478.5,9835.729178082142
1409800011928,1083.25,68612.31738732466
1409800012377,28969.500000000004,7854.397194612711
1409800012362,22422.499999999996,2781.8360408888916
1409800012358,15313.249999999998,5041.4867346172405
1409800012381,4259.25,126651.22590821102
1409800012790,8344.5,4925.970959242787
1409800012220,8577.75,2741.3041898803112
1409800012697,7491.999999999999,6535.760975133567
1409800012748,1281.5,16343.117857509704
1409800012856,11651.749999999998,26882.074650590712
1409800012907,27.5,3.3776542507150213
1409800012983,2879.0,262.1059698554856
1409800012343,10831.0,12613.512033870176
1412000011687,12460.75,3558.6965185533463
1409800012574,27295.5,3552.6167409020595
1410100092228,6871.750000000001,12.159555302574077
1410100312317,17970.0,1075.4451134276628
1410100011821,713.2499999999999,0.0
1410100010734,7656.5,943.0410667996339
1410100010965,12840.499999999998,1259.18950466656
1410100011361,9853.25,1727.3323838156618
1412000016531,12010.0,3971.445867990722
1410100011056,8963.000000000002,3755.2759959449604
1410100010984,9600.5,4915.162465640499
1410100312321,2452.5,372.8930292789384
1410100012548,74.0,0.0
1410100010556,5533.5,3047.9951958452352
1410100011728,369.99999999999994,45.26056695958129
1410100010518,6159.75,152.66997213231897
1410100010378,12444.75,2537.293873137124
1410100011408,8196.000000000002,208.06350184404533
1410100011075,16335.750000000002,3286.457585945716
1410100010749,12226.750000000002,1160.5620005456815
1410100010541,9575.750000000002,1780.0237901268163
1410100011997,11567.499999999998,5869.012026042421
1412000014338,10336.75,581.6320619731267
1410100010151,8371.250000000002,1224.7374313092669
1410100011338,5037.0,6118.958440595332
1410100010486,9029.25,4317.993194114084
1410100012251,679.25,324.9303389187851
1410100012482,143.0,3.4918678702421104
1410100010537,7340.749999999999,6797.191414138909
1410100010522,8207.5,360.73347397636434
1410100010503,8015.5,1490.2210554154674
1410100010842,5961.0,499.2172982556802
1410100091681,5008.25,664.0468256905732
1410100012054,7869.749999999999,2828.4476695487588
1410100011573,8164.000000000001,3545.8614324006294
1410100091944,254.24999999999994,262.1059698554856
1410100012069,7145.750000000001,354.65369632507725
1410100011107,11438.75,840.3603775778973
1410100010861,13864.5,2418.4004435119555
1410100011323,7908.0,296.5580432127789
1410100011569,5988.75,1948.9065026625674
1410100272355,2925.5,1457.7955746086034
1412000011899,11394.250000000002,1136.2428899405331
1410100092410,8360.249999999998,127.6753306770278
1410100010791,13977.750000000002,3087.1759851535294
1410100092143,4984.25,501.24389080610916
1410100010448,5965.500000000001,1987.4117611207184
1410100011130,8254.5,3469.52644633447
1410100010950,10825.499999999998,4229.49865274535
1410100011145,1340.0000000000002,4746.9552839548915
1410100011431,9454.25,168.20718168560805
1410100092618,109.24999999999999,0.0
1410100010946,16465.5,13103.271900223854
1410100010594,14728.749999999998,263.45703155577166
1410100011164,8604.25,264.13256240591465
1412000013429,1975.5,275.6165868583457
1412000012219,8027.749999999999,1978.6298600688594
1410100010931,9883.000000000002,46528.538365299704
1410100010753,12367.5,1198.3917281536897
1410100011357,6082.749999999999,3139.867391464684
1410100011770,6794.5,1043.6951634709417
1410100011643,2589.75,3535.052938798341
1410100011732,481.0,27.696764855863172
1410100260683,5202.5,2275.863434131781
1410100011395,10701.5,1273.3756525195631
1410100011766,11293.75,2469.065257272681
1410100010490,7519.25,3262.1384753405673
1410100010927,10087.75,17056.478435260717
1410100011499,838.5,54.04246801144034
1410100011215,484.49999999999994,43.90950525929528
1410100092232,519.75,26.345703155577166
1410100011501,554.0,298.5846357632079
1410100011446,7661.25,913.9932402434848
1410100011376,1690.25,33.10101165700721
1410100012529,125.0,6.401353574216805
1410100260698,4764.0,1174.0726175485415
1410100010715,11307.25,9292.602374567166
1410100011751,2533.9999999999995,54.04246801144034
1410100012533,165.75,12.159555302574077
1410100012459,45.75,0.0
1410100010397,13695.750000000002,15180.529264413592
1410100010880,5098.000000000001,2754.139276033028
1412000014501,3856.2500000000005,16388.378424469283
1410100011304,9394.25,2086.039265241597
1410100012088,1773.0,909.2645242924837
1410100261785,100.75000000000001,8.781901051859055
1410100010823,7480.249999999999,3501.276396291191
1410100261249,142.5,3.3776542507150213
1410100011624,10014.000000000002,4692.912815943451
1410100012497,2518.5,8.781901051859053
1410100092139,3762.7500000000005,322.903746368356
1410100011198,88.25000000000001,0.0
1410100012590,127.49999999999999,33.10101165700721
1410100010147,16435.250000000004,5544.081687123637
1410100010452,11241.0,1859.0608995935481
1410100010611,6582.5,793.0732180678871
1410100012073,11435.0,1329.4447130814324
1410100010645,5504.999999999999,7098.478173302688
1410100092181,2299.5,47.287159510010305
1410100091520,2052.0,3168.23968717069
1410100010912,15231.0,14042.935312772774
1412000012524,6486.5,10270.771045574238
1410101902374,8143.500000000001,724.8446022034435
1410100092209,8220.0,1478.0615001128933
1410100092213,5602.25,86.46794881830455
1410100011037,11879.0,1067.3387432259467
1410100010310,13922.75,3230.388525383846
1410100010575,11917.25,1365.2478481390117
1412000011297,8422.25,46592.71379606329
1410100261709,4118.5,239.81345180076653
1410100011003,10303.0,3199.9896371274112
1410100012020,13425.75,10596.376915343164
1412000014450,7414.750000000001,14968.412577468689
1412000014821,0.0,12537.177047804016
1410100011268,13998.75,1513.1891043203295
1410100010787,15011.5,1656.4016445506463
1410100011272,4739.500000000001,782.264724465599
1410100010630,5995.25,623.514974681993
1412000013486,1481.25,152.66997213231897
1410100011126,4748.750000000001,3262.1384753405673
1410100012270,35.0,0.0
1410100262285,38.25,0.0
1410100272340,4816.999999999999,469.49394084938797
1410100092092,5096.0,3.377654250715021
1410100012035,4817.75,389.10576968237046
1410100091662,977.9999999999999,1684.0984094065097
1410100011287,1748.75,868.7326732839034
1410100010857,5533.750000000001,956.551683802494
1410100011018,6172.249999999999,1969.1724281668573
1410100012478,1810.7499999999998,2918.9688034679216
1410100011658,438.24999999999994,300.6112283136369
1410100261234,15.0,3.3776542507150213
1410100010895,7109.75,10836.865897994076
1410100010202,16530.499999999996,2857.495496104908
1410100011874,55.0,8.781901051859055
1410100011041,5390.0,5859.554594140419
1410100010433,17777.5,7315.999107048736
1410100092124,3292.5000000000005,52.015875461011326
1410100092105,4309.499999999999,90.52113391916257
1410100011588,2926.5,4492.280153450978
1410100011982,9024.25,954.5250912520651
1410100012603,5209.75,48.6382212102963
1410100011836,295.75,18.914863804004117
1410100011906,1065.7500000000002,27.696764855863172
1410100011094,6944.75,1642.8910275477863
1410100011291,22.5,0.0
1410100011554,18853.5,3142.5695148652558
1410100011200,4706.750000000001,1499.0029564673266
1410100092162,2365.25,80.38817116701752
1410100091925,1138.5000000000002,8.781901051859055
1410100272336,6203.500000000001,8053.678795404897
1410100011516,3264.0000000000005,18377.14124729029
1412000013325,8368.499999999998,1673.9654466543648
1410100092586,9739.5,77.0105169163025
1410100092196,2564.75,56.06906056186936
1412000016921,3607.25,8.781901051859055
1412000013679,742.5,8.781901051859055
1412000013236,17244.75,9204.107833198434
1412000016495,287.24999999999994,0.0
1412000016902,11276.25,3373.601065614163
1412000015162,4204.5,276.2921177084888
1410100011592,18674.249999999996,1201.0938515542616
1410100012425,1892.7500000000002,104.03175092202267
1410100011605,6357.749999999999,21895.9814456852
1410100012514,72.5,0.0
1410100091840,454.75,50.66481376072532
1410100091713,756.2500000000001,56.06906056186936
1410100091696,2079.5000000000005,662.0202331401442
1410100091535,1616.75,995.0569422606453
1410100092444,699.75,26.345703155577166
1410100092393,1281.25,17.56380210371811
1410100092302,987.4999999999999,8.781901051859055
1410100092406,2476.75,924.1262029956299
1410100011639,8835.5,1252.43419616513
1410100092177,2096.5,26.34570315557717
1410100091893,256.0,27.696764855863172
1410100092622,2314.0,8.781901051859055
1410100092247,1054.5,15.537209553289097
1410100091855,191.25,6.755308501430043
1412000017084,268.25,0.0
1410100012266,311.75,0.0
1410100091677,14669.0,5152.273794040694
1410100091465,11785.25,8371.17829497211
1412000016616,294.0,0.0
1412000013857,655.0,47.2871595100103
1410100091450,11024.25,9553.357282722367
1410100011889,37.5,0.0
1410100010363,17488.0,4201.801887889486
1410100010382,9744.250000000002,6884.334893807357
1410100010772,13601.249999999998,3982.929892443153
1410100092158,2530.0,520.8342854602563
1410100091910,9200.5,85.79241796816154
1410100091802,13782.500000000002,557.3129513679785
1410100011817,822.5,12.159555302574075
1410100011022,7474.000000000001,1496.9763639168975
1410100010999,13271.25,1829.3375421872556
1412000013965,2031.5000000000002,6089.910614039183
1410100010607,5389.25,289.8027347113489
1410100010626,7737.5,758.6211447105939
1410100010700,9246.25,3884.3023883222745
1410100011319,7298.749999999999,2644.0277474597187
1410100010819,6236.75,311.4197219159249
1410100011484,14532.5,3172.2928722715483
1410100011412,5421.75,766.0519840621669
1410100011427,4170.25,62.8243690632994
1410100011747,1403.7500000000002,59.44671481258438
1410100011179,3040.0,68.90414671458643
1410100010768,12503.5,2180.6135842616177
1410100012001,13554.750000000002,10543.68550903201
1412000014677,7392.499999999999,2567.6927613935595
1410100012016,10157.25,1391.593551294589
1410100010471,19804.0,5028.6516484645235
1412000016758,13792.0,22980.208460164722
1410100010679,23124.0,2997.33038208451
1410100011183,199.5,253.3240688036266
1410100220081,5505.250000000001,255.3506613540556
1410100220096,1587.0,50.66481376072532
1410100220113,7898.499999999999,421.53125048923465
1410100220024,6784.000000000001,476.249249350818
1410100340274,4656.749999999999,100.65409667130766
1410100342637,4984.000000000001,138.48382427931588
1410100341978,3787.0,26.345703155577166
1410100342641,3498.7500000000005,149.96784873174695
1410100342463,4309.5,1657.0771754007897
1410101932694,4877.5,70.25520841487244
1410101932711,328.75,934.259165747775
1410101932707,1248.75,2266.4060022297795
1410101892660,3212.0000000000005,47.287159510010305
1410101892656,4753.0,110.1115285733097
1410101892675,374.0,33.10101165700721
1410100380128,5687.5,106.05834347245167
1410100380166,1423.0,53.366937161297336
1410100380132,7131.5,89.17007221887658
1412002067347,25.0,0.0
1412002434713,5303.5,25178.385846530055
1412002066461,30.0,0.0
1412002065054,4406.0,416.12700368809067
1412002317192,3160.0000000000005,329.6590548697861
1412002313895,1314.0,87.14347966844754
1412002314164,10983.5,2415.02278926124
1412002316480,38.75,0.0
1412002313823,12227.25,3161.48437866926
1412002316476,146.0,3.3776542507150213
1412002313838,7335.0,2325.8527170423636
1412002315618,2436.75,174.9624901870381
1412002316211,245.25,0.0
1412002316692,3076.75,894.4028455893377
1412002313999,831.25,2146.8370417544675
1412002317239,180.99999999999997,8.781901051859055
1412002312026,9257.25,1772.592950775243
1412002316230,8933.250000000002,610.6798885292759
1412002317173,268.25,0.0
1412002315872,10155.749999999998,3306.723511450006
1412002316226,441.74999999999994,22.29251805471914
1412002315035,372.75,26.345703155577162
1412002315726,14553.249999999998,2157.6455353567553
1412002314817,305.25,35.803135057579226
1412000014499,7395.750000000001,2594.7139953992796
1412002316245,4037.5,106.05834347245167
1412002316688,3731.7499999999995,1978.6298600688594
1412002317351,2313.75,8.781901051859057
1412002315887,8321.75,8137.444620822629
1412002316993,3080.25,29.72335740629219
1412002316207,534.75,17.56380210371811
1412002315730,2749.25,26.345703155577166
1412002314802,0.0,0.0
1412002315603,0.0,0.0
1412002316669,3299.5000000000005,1453.066858657602
1412002317243,312.50000000000006,0.0
1412002314179,20964.249999999996,7044.435705291248
1412002316974,1515.25,8.781901051859055
1412002316264,3080.9999999999995,36.47866590772223
1412002316989,5927.000000000001,335.73883252107316
1412004306940,9492.500000000002,258.7283156047706
1412004306955,9236.75,3358.739386911017
1412004307421,12102.5,1551.6943627784808
1412000012967,8389.75,4514.572671505697
1412000013819,7662.5,560.6906056186936
1412000013683,2579.0,133.07957747817187
1412000012562,7836.25,12114.97026646464
1412000015228,1130.5,0.0
1412000014107,2824.5000000000005,189.8241688901842
1412000013289,3521.25,12510.155813798297
1412000010392,9110.0,3367.521287962876
1412000015285,6487.0,81.73923286730351
1412000017008,4231.25,12.159555302574075
1412000012134,7732.749999999999,2888.569915211486
1412000010231,25695.749999999996,14576.604684385748
1412000013594,2476.0,6951.212447971514
1412000016599,3462.0,10369.398549695115
1412000017116,3374.75,8.781901051859055
1412000012384,6679.500000000001,11038.17409133669
1412000015938,512.7499999999999,6333.101720090665
1412000012399,10998.0,757.2700830103078
1412000015143,6001.749999999999,605.9511725782747
1412000014304,5989.999999999999,1689.502656207654
1412000010246,11400.25,3263.489537040854
1412000015798,6766.750000000001,4447.69511734154
1412000010405,4276.5,21479.178911146962
1412000013217,13728.75,2743.3307824307403
1412000014874,753.5,499.8928291058232
1412000016739,6123.25,6130.442465047764
1412000014836,0.0,34556.780639065386
1412000017046,3211.0,938.9878816987759
1412000012825,11231.5,1289.5883929229951
1412000015181,177.75000000000003,0.0
1412000014978,2790.0,29.72335740629219
1412000014728,5202.0,8276.603975952088
1412000014272,8155.25,1315.2585652284292
1412000014361,4634.25,13205.952589445591
1412000013950,802.2500000000001,66.20202331401443
1412000011121,7929.5,21398.115209129803
1412000015317,8625.250000000002,221.57411884690538
1412000010640,9325.750000000002,65285.32795037036
1412000015478,5500.0,26100.485456975253
1412000013560,12306.0,2315.7197542902186
1412000016090,0.0,1161.9130622459672
1412000012628,8429.0,2519.054540183263
1412000012401,13752.750000000002,3218.9045009314154
1412000013039,11248.0,1242.976764263128
1412000017328,948.2499999999999,3.3776542507150213
1412000012952,6126.0,7491.6371280859175
1412000014075,10358.999999999998,988.3016337592153
1412000015459,9326.499999999998,20407.78698282016
1412000015463,10760.0,14799.529864932938
1412000011653,6605.749999999999,449.22801534509784
1412000010212,19333.0,19193.182514263037
1412000012558,6322.0,2043.480821682588
1412000015139,2137.0,680.9350969441483
1412000014319,6993.499999999999,1512.5135734701867
1412000013626,1074.5,48.63822121029631
1412000012914,10810.749999999998,27810.92956953734
1412000014662,12495.000000000002,1066.6632123758038
1412000017313,810.2499999999999,0.0
1412000011441,18976.0,30190.149223741006
1412000017277,3232.75,20.941456354433132
1412000015637,4596.75,91.87219561944858
1412000015675,631.5,963.982523154067
1412000016743,13521.75,38320.16300521206
1412000013147,11432.000000000002,6539.138629384282
1412000015815,4534.25,6334.452781790951
1412000013700,1293.25,145.91466363088892
1412000015482,3215.5,14765.077791575643
1412000014910,0.0,249.9464145529116
1412000010227,20541.25,9312.868300071455
1412000015622,162.75,258.7283156047706
1412000013804,7193.250000000001,612.7064810797049
1412000013433,6242.75,230.35601989876446
1412000014408,7222.75,5667.028301849663
1412000016777,14132.5,5388.034060740602
1412000012115,13724.499999999998,8141.497805923488
1412000014249,10496.25,9210.18761084972
1412000013861,5070.750000000001,996.4080039609313
1412000016565,7479.0,0.0
1412000016122,781.2499999999999,43.90950525929528
1412000012717,7185.5,2475.1450349239676
1412000016029,0.0,10.93456574377111
1412000016052,5143.0,926.1527955460588
1412000013664,5.0,61529.37642357525
1412000016762,7681.0,8221.210446240362
1412000013382,11329.249999999998,2918.2932726177783
1412000016809,5797.25,3489.79237183876
1412000012632,13102.0,14356.381627239125
1412000014484,8688.75,3037.1867022429474
1412000012702,3334.25,16347.17104261056
1412000011206,17064.999999999996,73637.59138153847
1412000015656,1498.0000000000002,190.49969974032723
1412000014840,0.0,3159.457786118831
1412000014253,5352.75,3081.7717383523855
1412000014573,5689.5,3056.101566046951
1412000013607,312.50000000000006,2943.9634449232126
1412000011757,5045.25,26911.12247714686
1412000014357,4045.0000000000005,2156.2944736564696
1412000010918,10942.75,3773.515328898822
1412000014234,9746.25,3315.505412501865
1412000015302,7258.75,823.4721063243222
1412000011723,5874.5,7703.753815030821
1412000012929,15864.999999999998,22183.082056995976
1412000016601,709.5,749.8392436587347
1412000010655,4891.0,60287.07519016227
1412000013448,2031.0000000000002,0.0
1412000013274,14212.5,2666.995796364581
1412000012308,9268.25,3086.500454303387
1412000016847,5397.5,262.7815007056287
1412000015105,4935.249999999999,1854.3321836425466
1412000014520,11472.250000000002,1178.1258026493995
1412000016620,7479.25,2329.9059021432217
1412000013293,8374.25,81616.96178342763
1412000014130,506.24999999999994,41.49397274072511
1412000017258,75.0,0.0
1412000013518,5773.75,6139.224366099623
1412000014323,8579.5,613.3820119298479
1412000013185,9987.0,3288.484178496145
1412000010710,13136.5,8983.884776051815
1412000014770,161.25,0.0
1412000016635,8494.5,11561.710500197518
1412000010369,12031.5,7344.371402754743
1412000011649,6934.749999999999,4295.700676059364
1412000015355,2491.4999999999995,4620.631014978149
1412000014412,4562.75,7967.8863774367355
1412000011884,8377.25,718.0892937020135
1412000013734,9007.0,859.9507722320444
1412000013698,3367.0000000000005,907.2379317420548
1412000012651,8022.750000000001,1476.7104384126073
1412000014291,7220.499999999999,1005.1899050127904
1412000014855,2705.4999999999995,568.7969758204096
1412000011009,1689.0,107154.05451138363
1412000011812,7830.25,1804.3429007319646
1412000015177,10282.0,726.1956639037296
1412000011193,22244.249999999996,36790.08562963816
1412000015800,6793.5,8123.934003819769
1412000014268,10303.25,2235.331583123201
1412000016796,3781.7500000000005,0.0
1412000012454,9732.25,6655.329935608878
1412000011935,12889.75,1238.9235791622698
1412000014588,5898.75,865.3550190331885
1412000016423,0.0,2144.8104492040384
1412000014592,10740.250000000002,2053.613784434733
1412000017169,772.5,8.781901051859057
1412000013556,11912.249999999998,2331.932494693651
1412000016527,8401.999999999998,5493.416873362911
1412000017205,2705.25,1299.0458248249972
1412000012863,3216.0,30802.180173970566
1412000013306,7815.999999999999,75623.6520809589
1412000017262,481.0,0.0
1412000012647,7023.750000000001,2049.560599333875
1412000012666,11064.5,8065.162819857329
1412000011282,9045.75,16120.192676962512
1412000015834,4163.25,60.797776512870385
1412000014395,7053.25,3818.1003650082603
1412000013202,4876.75,283.0474262099188
1412000015196,3538.5000000000005,15620.975378706831
1412000014569,5502.000000000001,1730.034507216234
1412000011278,6944.75,44619.488182795576
1412000012613,7931.499999999999,3778.244044849823
1412000014944,0.0,2131.2998322011786
1412000015745,1880.5,41.882912708866264
1412000012435,13781.5,4552.4023991137055
1412000011808,9145.5,863.3284264827595
1412000014380,9173.0,6057.48513323232
1412000016917,4653.75,1010.5941518139343
1412000012261,14498.499999999998,6830.967956646059
1412000013768,82.5,18.48330113018427
1412000014446,6546.499999999999,8755.555348703478
1412000013397,26981.500000000004,12158.20424087379
1412000012473,21300.75,7279.520441141013
1412000011742,11777.5,1710.444112562087
1412000011850,10058.75,1280.130961020993
1412000015270,1904.9999999999998,4317.317663263941
1412000011460,10564.0,31104.817994834633
1412000011901,7855.500000000001,2772.3786089868895
1412000011032,21072.25,10675.414024809896
1412000017012,8107.500000000001,629.59475233328
1412000013151,9062.0,13437.659671044641
1412000014732,5361.75,15866.19307730874
1412000013166,9440.25,51268.06280990302
1412000013378,7372.0,220.2230571466194
1412000016870,2443.0,675.5308501430043
1412000013715,332.75000000000006,264.13256240591465
1412000014041,0.0,0.0
1412000014605,15166.5,4007.249003048302
1412000012933,6880.5,1390.9180204444458
1412000017050,1284.4999999999998,0.0
1412000012986,11188.0,13713.95178875313
1412000013575,17828.999999999996,42423.33738898067
1412000016033,4267.75,949.120844450921
1412000010265,6381.25,4730.742543551459
1412000010937,18476.25,8180.678595231781
1412000012948,9647.0,18583.853687434046
1412000014643,11904.250000000002,1443.6094267556
1412000016086,0.0,2631.192661307002
1412000016781,1938.4999999999998,0.0
1412000013452,3283.5,0.0
1412000012257,11668.5,1777.3216667262443
1412000014766,0.0,2138.0551407026087
1412000015158,7824.25,312.095252766068
1412000014215,6210.5,3413.4573857726004
1412000012416,3129.25,16591.713210362326
1412000012670,8066.0,4134.248802875186
1412000017031,2937.75,0.0
1412000014906,0.0,0.0
1412000011846,5721.5,8807.571224164489
1412000012420,7907.25,14988.002972122835
1412000015251,5559.25,5398.84255434289
1412000015266,18649.5,17558.397856916967
1412000016512,11851.5,29767.94244240163
1412000012609,10938.750000000002,11604.268943756528
1412000012331,9420.75,4439.588747139825
1412000011920,11886.249999999998,2172.507214059902
1412000012971,8390.25,8244.178495145225
1412000016832,15168.5,572.8501609212676
1412000014535,11210.0,5495.443465913339
1412000011210,13639.25,26473.378486254194
1412000017188,420.0,17.56380210371811
1412000014427,6168.000000000001,32863.22479775687
1412000016813,6535.0,17.563802103718107
1412000012204,18824.75,2829.123200398902
1412000010814,10279.0,19133.735799450453
1412000012172,5918.25,1083.551483629379
1412000012505,5852.5,3023.000554389944
1412000012755,11241.500000000002,3887.6800425729894
1412000016550,7631.000000000001,121162.5377507991
1412000013611,2203.5,81.73923286730353
1412000010890,11942.25,4846.9338497760555
1412000012312,9259.25,1800.9652464812496
1412000014554,13553.0,2598.7671805001373
1412000013772,12796.75,13160.69202248601
1412000012488,4000.75,9393.932002088617
1412000016705,7774.25,6636.415071804874
1412000012064,43.25,9443.245754149057
1412000015533,16914.25,1149.7535069433932
1412000016315,149.75,0.0
1412000012223,5684.250000000001,477.60031105110403
1412000014431,6746.0,16063.448085550499
1412000011865,6158.499999999999,1528.0507830234756
1412000010617,45780.25,35554.5397047266
1412000013062,11391.75,6841.776450248347
1412000011795,13784.0,1509.1359192194716
1412000012990,10255.25,2118.4647460484616
1412000017332,221.00000000000003,0.0
1412000017065,2359.75,0.0
1412000016828,4791.500000000001,16949.069030087976
1412000016885,13979.25,364.11112822707935
1412000017135,2307.5,0.0
1412000017402,823.4999999999999,6.755308501430043
1412000017417,726.0,38.505258458151246
1412002315779,9278.000000000002,1436.178587404027
1412001395980,7134.25,8051.652202854469
1412002317436,535.75,26.34570315557717
1412000012806,4566.500000000001,249.2708837027686
1412000012793,9159.5,2404.214295658952
1412000013791,7418.5,1510.4869809197576
1412002317224,175.0,13.510617002860085
1412000013787,11015.750000000002,1238.9235791622698
1412000016103,1368.75,48.6382212102963
1412002312045,6588.250000000001,81.73923286730351
1412002314003,5396.75,318.175030417355
1412002315590,440.24999999999994,8.781901051859055
1412000015374,12757.0,2380.570715903947
1412004306936,4723.25,330.33458571992907
1412002316404,1412.7500000000002,141.8614785300309
1412002314145,16010.5,2051.587191884304
1412001395995,3205.5,466.7918174488159
1412000015660,1645.75,0.0
1412000017385,940.0000000000001,0.0
1412000013984,7551.0,2050.911661034161
1412000017309,4625.749999999999,195.90394654147124
1412000016438,7744.5,341.8186101723602
1412000014200,7038.499999999999,3270.9203763924265
1412000010994,8912.75,5480.581787210193
1412000015336,8302.5,1221.3597770585518
1412000016118,1767.75,47.2871595100103
1412000012844,7283.75,824.8231680246082
1412000012789,9654.75,959.929338053209
1412000014658,20361.0,880.8922285864776
1412000014060,16351.249999999998,1989.4383536711475
1412000016014,2649.75,287.77614216091985
1412000016283,2135.0,20.941456354433132
1412000014925,2270.5,1032.8866698686536
1412000012774,12156.25,1167.9928398972545
1412000016508,11293.0,4900.976317787496
1412000016391,10125.0,686.3393437452924
1412000017281,686.4999999999999,29.72335740629219
1412000010602,25745.75,6215.559352165782
1412000015340,23651.749999999996,3875.5204872704157
1412000015444,8229.75,524.2119397109714
1412000010689,5926.500000000001,19830.20810594789
1412000016851,2107.2500000000005,106.05834347245167
1412000016141,2636.25,6.755308501430043
1412000013630,1003.2500000000001,26.34570315557717
1412000015209,17297.0,4728.71595100103
1412000016866,2338.2499999999995,95.24984987016362
1412000016584,5033.750000000001,3237.8193647354196
1412000017120,5191.75,2488.6556519268274
1412000011579,14825.75,1632.7580647956415
1412000010975,4569.0,72206.14151008544
1412000015641,1079.25,246.56876030219655
1412000013645,2637.25,46.6116286598673
1412000015942,15795.499999999998,16008.730086688916
1412002312079,5189.000000000001,1203.7959749548336
1412002313842,6226.25,11215.163174074158
1412002316654,7858.500000000001,1374.0297491908707
1412002316673,5424.5,2535.267280586695
1412000017296,1627.2500000000002,91.19666476930557
1412000017101,1524.5,0.0
1412000017366,3147.25,0.0
1412000016300,11801.0,9004.150701556104
1412000016071,6250.75,264.13256240591465
1412000016067,5440.75,3195.26092117641
1412000016175,5333.5,990.3282263096443
1412000011418,10703.25,8680.571424337604
1412000014889,13246.75,473.54712595024597
1412000012280,14469.0,13055.984740713844
1412000011634,5055.75,12342.624162962831
1412000014094,1771.25,1074.76958257752
1412000012810,7656.25,1413.886069349308
1412000014126,2270.5,289.8027347113488
1412000013490,5518.750000000001,367.48878247779436
1412000013876,447.5,29.72335740629219
1412000017027,2751.25,295.88251236263585
1412000017154,629.75,3.3776542507150213
1412002434709,8656.5,8080.024498560473
1412000013113,10728.249999999998,1873.2470474465508
1412000012346,7446.5,13876.754723637592
1412000013414,5262.25,10486.265386769855
1412000013043,8867.249999999998,4007.924533898444
1412000013058,7145.499999999999,6517.521642179705
1412000010373,8451.5,5917.650247252717
1412000012469,5885.750000000001,1148.4024452431072
1412000010354,12633.5,4647.652248983869
1412000013081,5008.499999999999,452.60566959581286
1412000013096,8292.5,884.2698828371927
1412000011526,8958.5,21332.588716665934
1412000012543,6141.25,7178.866344469707
1412000012242,7613.25,24235.34477973042
1412000014198,4248.75,55976.51283539976
1412000012539,5426.75,40800.712286937174
1412000014183,7604.25,7717.939962883824
1412000012685,13000.0,3817.4248341581174
1412000012721,8967.25,2147.5125726046103
1412000012350,9946.25,8059.758573056183
1412000013132,8968.499999999998,1850.2789985416885
1412000012365,8344.0,14375.972021893273
1412000013128,12018.250000000002,5866.985433491992
1412000012897,11884.75,7968.561908286878
1412000011189,9937.0,56883.075236291676
1412000012882,8661.500000000002,7408.546833518328
1412000010547,7311.249999999999,55080.08339726
1412000013170,10869.5,9866.128066338577
1412000010636,3734.25,10324.813513585677
1412000014376,3479.0,22262.119166462704
1412000015552,10336.499999999998,4759.114839257465
1412000011155,11284.25,29218.06033038522
1412000012238,4843.250000000001,7888.1737371198615
1412000013077,10706.499999999998,8691.379917939892
1412000014111,3154.0,134.43063917845785
1412000015124,245.5,0.0
1412000016298,847.5,68.22861586444344
1412000016724,7764.25,1410.5084150985929
1412000017370,5303.0,580.9565311229836
1412000620161,7214.250000000001,87.81901051859056
1412000620176,12287.250000000002,323.5792772184991
1412000620180,6354.500000000001,913.9932402434848
1412000620208,2856.0,937.63681999849
1412000620299,2139.2499999999995,160.776342334035
1412000620284,2859.25,93.89878816987759
1412007500301,10362.750000000002,3.3776542507150213
1412007500316,7203.499999999999,603.9245800278459
1412007530320,7338.0,29.72335740629219
1412007560335,2759.0,8.781901051859055
1412007560424,6261.249999999999,264.13256240591465
1412007570439,5453.75,52.69140631115433
1412007570462,3625.0,368.83984417808034
1412007580759,7307.25,530.2917173622584
1412007580797,7518.249999999999,20.941456354433132
1412007580829,7384.0,12.159555302574079
1412007580833,4151.5,45.26056695958129
1412007580496,8811.0,79.03710946673151
1412007580509,9220.5,623.514974681993
1412007580551,7530.0,191.85076144061324
1412007580566,8956.250000000002,93.89878816987759
1412007580693,10846.0,2046.858475933303
1412007580744,11363.499999999998,2153.5923502558976
1412007630852,4290.250000000001,6428.351569960829
1412007630867,6191.249999999999,34.452073357293216
1412007580848,5117.0,104.70728177216566
1412401760160,7101.000000000001,1343.6308609344355
1412401760599,311.25,8.781901051859055
1412401760601,15.0,0.0
1412400010565,394.25,33.10101165700721
1412400010279,396.24999999999994,17.56380210371811
1412400010264,10.0,3.3776542507150213
1412400010300,1021.0,138.48382427931588
1412400010230,53.25,8.781901051859055
1412400010531,154.25,5.985669583451249
1412400010457,214.0,33.10101165700721
1412400010283,612.0000000000001,79.71264031687451
1412400010211,7132.999999999999,1855.00771449269
1412400010315,77.25,6.755308501430043
1412400010508,773.5,2889.2454460616295
1412400010512,4484.75,970.7378316554971
1412400010442,223.99999999999994,0.0
1412400010141,4849.500000000001,5197.534361000275
1412400010476,42.5,0.0
1412400010245,12.5,15.537209553289097
1412400010480,5220.25,5577.1826987806435
1412400010584,0.0,0.0
1412400010298,394.75,46.6116286598673
1412400010527,5446.5,1800.2897156311064
1412400010334,502.24999999999994,1886.757664449411
1412400010461,565.75,17.56380210371811
1412400010495,8102.5,4753.710592456321
1412400010423,186.0,31.074419106578194
1412400010404,384.5,15.5372095532891
1412400010419,50.0,2131.2998322011786
1412400010175,6669.0,15581.794589398536
1412400010349,109.75,8.781901051859055
1412400010438,1866.0,1267.2958748682759
1412400010137,7265.25,5828.48017503384
1412400010546,52.5,0.0
1412400010550,293.25,0.0
1412400940387,3835.5,3816.749303307974
1412400010122,6747.500000000001,449.22801534509784
1412400010226,2627.0,455.98332384652787
1412400010156,7696.249999999999,1357.1414779372956
1412400940391,3689.7499999999995,2427.1823445638142
1412400010372,100.75000000000001,275.6165868583457
