cve_ageb,n_boarding_stops,accessibility_score,accessibility_n
1400200020219,0,0.0,0.0
1400200020045,0,0.0,0.0
1400200020172,0,0.0,0.0
1400200020261,0,0.0,0.0
1400200020149,0,0.0,0.0
1400200020242,0,0.0,0.0
1400200020223,0,0.0,0.0
1400200020327,0,0.0,0.0
1400200020153,0,0.0,0.0
1400200020257,0,0.0,0.0
1400200020238,0,0.0,0.0
140020002005A,0,0.0,0.0
1400200020276,0,0.0,0.0
1400200020331,0,0.0,0.0
1400200020204,0,0.0,0.0
1400200020100,0,0.0,0.0
1400200010134,0,0.0,0.0
1400200010030,0,0.0,0.0
1400200010083,0,0.0,0.0
1400200010064,0,0.0,0.0
1400200010168,0,0.0,0.0
1400200010295,0,0.0,0.0
1403900015205,9,326020.0,0.9427089936058408
1400200010079,0,0.0,0.0
1400200010308,0,0.0,0.0
1400200010191,0,0.0,0.0
1400200010280,0,0.0,0.0
1400200040187,0,0.0,0.0
1400200010312,0,0.0,0.0
1400200010098,0,0.0,0.0
1400200010115,0,0.0,0.0
140020001012A,0,0.0,0.0
1403900012696,9,581225.0,0.9856444504586783
1403900014207,8,381855.0,0.9544481377469489
1403900013020,12,335690.0,0.9448795596350925
1403900014194,13,364900.0,0.9510754374109183
1403900015243,16,322480.0,0.9418982549591489
1403900015084,9,274100.0,0.9298274814643114
1403900011927,18,600705.0,0.9880925011685269
1403900011838,19,645395.0,0.9934212798580546
1403900013088,20,427465.0,0.962826974899528
140390001051A,14,513865.0,0.9764973231970177
140390001083A,32,547775.0,0.9812428242841704
1403900012408,11,641835.0,0.9930105286046351
1403900015328,6,555640.0,0.9823014709428041
1403900012802,11,517545.0,0.9770272331801083
1403900014353,17,506185.0,0.9753790916648633
140390001133A,32,639635.0,0.9927555530143547
1403900011700,16,417910.0,0.9611482351342433
1403900011325,17,641730.0,0.9929983791893615
1403900011734,21,365270.0,0.9511506968896548
1403900012268,15,539515.0,0.9801145184615381
140390001350A,9,535250.0,0.9795251435950907
1403900010609,2,449215.0,0.966512428256102
140390001418A,15,449525.0,0.9665636567152297
1403900011151,12,558780.0,0.9827199423024864
1403900012588,10,635465.0,0.9922698427336061
1403900013177,11,356840.0,0.9494167836507547
1403900010670,21,591175.0,0.9869049467641328
1403900014809,7,462290.0,0.9686429996844209
1403900014404,15,347885.0,0.9475294326498677
1403900015489,0,0.0,0.0
1403900015031,10,459970.0,0.9682693890702309
1403900012501,9,545110.0,0.9808806584864931
1403900015652,12,667465.0,0.9959182237857803
1403900014391,26,260455.0,0.9260355673742782
1403900010435,13,584530.0,0.9860655155284127
1403900012554,6,556215.0,0.9823782784320096
1403900010882,20,526920.0,0.9783603642086465
140390001197A,20,631605.0,0.9918173912944099
140390001496A,27,282550.0,0.9320821926370989
1403900011359,35,580225.0,0.9855165761022848
1403900010469,12,556035.0,0.9823542428892691
1403900013374,20,434565.0,0.964050264831529
1403900012446,11,604650.0,0.9885785920604634
1403900010774,12,545775.0,0.9809711955808684
1403900015347,10,645560.0,0.9934402625058345
1403900012126,9,670000.0,0.9961997248416685
1403900010967,7,537015.0,0.9797696142755271
1403900010810,28,591845.0,0.986989060446827
1403900012145,12,686195.0,0.9979733565213043
1403900014654,17,509385.0,0.9758470695352451
1403900014989,31,499890.0,0.9744497940957816
1403900014796,5,326230.0,0.9427568112867938
1403900010878,20,477495.0,0.9710461421060009
1403900015633,13,378460.0,0.9537849559705394
1403900010986,8,570140.0,0.9842145034006136
140390001165A,24,581645.0,0.9856980920947577
1403900014550,23,649360.0,0.9938761012691931
1403900014029,28,433235.0,0.963822641930527
1403900011077,13,637140.0,0.9924653241036422
1403900015188,13,281105.0,0.9317014438632693
1403900014014,25,480710.0,0.9715444616121849
1403900011429,31,606155.0,0.9887631983189239
1403900012681,12,564775.0,0.98351241228138
140390001261A,19,647455.0,0.9936579281618845
1403900012361,12,651195.0,0.994085653160818
1403900010929,7,668580.0,0.9960421713086671
1403900011217,20,557490.0,0.9825483078408559
140390001457A,11,632930.0,0.991973012621934
1403900011448,24,547945.0,0.9812658669734206
1403900011128,15,617010.0,0.9900812732297838
1403900011556,26,692095.0,0.9986091236192641
1403900015525,0,0.0,0.0
140390001140A,32,545895.0,0.9809875213517095
1403900013800,18,458335.0,0.9680049565033412
1403900010539,17,434930.0,0.9641126109501901
1403900011698,10,440875.0,0.9651207831952489
140390001090A,7,490030.0,0.9729704305210969
1403900010492,16,545535.0,0.9809385332677606
1403900014442,26,347355.0,0.9474162122789782
1403900010613,25,678295.0,0.997113461231707
1403900011132,26,582265.0,0.9857772066160314
1403900014955,13,447555.0,0.9662375051993346
1403900013783,15,505110.0,0.9752212162413336
1403900012728,16,594575.0,0.9873308106976462
1403900013707,7,554780.0,0.982186445185767
1403900014141,10,537230.0,0.9797993390751656
1403900010261,10,269825.0,0.9286601637821593
1403900012018,8,504080.0,0.9750696340447773
1403900015027,6,448310.0,0.9663626717069862
140390001215A,24,688020.0,0.9981705953555725
1403900013406,14,390295.0,0.9560715976340851
1403900011560,15,700525.0,0.9995081744514032
1403900014090,11,560330.0,0.982925646447504
1403900011607,25,640205.0,0.9928216989472575
1403900014616,3,365670.0,0.951231972780277
1403900014565,11,633585.0,0.9920498221213785
1403900014669,32,528360.0,0.9785630292543408
1403900010454,9,578380.0,0.9852800684433517
1403900013919,5,3125.0,0.5976076148085855
1403900011823,7,606730.0,0.988833607964101
1403900014264,10,366905.0,0.9514823522465478
1403900012427,17,662475.0,0.9953609681082408
1403900010346,17,584895.0,0.9861118713605539
1403900014298,12,283145.0,0.9322384058878412
1403900012639,5,560400.0,0.982934922877849
1403900011109,7,599445.0,0.9879365749770858
140390001037A,5,468890.0,0.9696956915221032
1403900010971,9,604810.0,0.9885982397902671
1403900010666,13,602215.0,0.988278934829329
1403900013209,8,346095.0,0.9471463518305308
1403900010647,5,583260.0,0.985903996751936
1403900011950,21,600485.0,0.9880652995419532
1403900010721,6,454435.0,0.9673703718568749
1403900012785,10,514390.0,0.976573153411812
1403900014940,11,531265.0,0.9789702021200762
1403900010740,14,504725.0,0.9751645930828149
1403900011433,22,476515.0,0.9708935763692257
1403900012395,6,595835.0,0.9874880126845551
1403900013586,11,318500.0,0.940976050029637
1403900014936,25,347685.0,0.9474867282585536
1403900014033,15,584755.0,0.9860940944621783
1403900015510,2,349720.0,0.9479201033673852
1403900015120,5,371430.0,0.9523925882469914
1403900010736,8,534225.0,0.9793828002495575
1403900012003,14,548625.0,0.9813579662959798
1403900012253,6,552445.0,0.9818732352857968
1403900010717,9,469970.0,0.9698665383049699
1403900014781,12,394820.0,0.9569275973704331
1403900015169,15,315135.0,0.9401873111631492
1403900011857,11,622830.0,0.9907784524755618
1403900012535,6,456565.0,0.9677176245991914
1403900014349,15,537680.0,0.9798615152854333
140390001539A,15,484620.0,0.9721460328299015
1403900012573,6,469595.0,0.9698072610402159
1403900010308,16,654680.0,0.9944820098210544
1403900013868,19,441190.0,0.965173821986438
1403900015173,18,300835.0,0.9367387516461942
1403900012164,34,647500.0,0.9936630892560873
1403900014122,7,526245.0,0.9782651742343426
1403900010134,11,568935.0,0.9840573880040683
1403900014156,16,266745.0,0.9278076290127654
1403900013660,9,254545.0,0.9243311252839385
1403900010115,12,547745.0,0.9812387571849158
1403900011081,14,610700.0,0.9893179274615599
1403900014724,6,597650.0,0.9877138750598207
1403900010651,8,617970.0,0.9901967235953675
1403900015421,20,472175.0,0.9702141347586088
1403900011467,15,501470.0,0.974684136542754
1403900014921,31,343980.0,0.9466911554517072
1403900010401,13,500885.0,0.9745974567014599
1403900014917,27,686210.0,0.9979749797994968
1403900011310,31,647005.0,0.993606297481865
1403900010505,9,444185.0,0.9656762280440577
1403900011185,31,573375.0,0.9846346660451676
1403900011397,19,592640.0,0.9870887435421284
1403900011645,15,589970.0,0.986753427495253
1403900013548,24,537600.0,0.9798504655410458
1403900011999,16,643590.0,0.9932133036898035
1403900013764,1,262050.0,0.9264889392158168
1403900013590,14,197555.0,0.9055092383695322
140390001279A,4,433360.0,0.9638440647907655
1403900015008,14,372095.0,0.952525422365151
1403900013016,4,279920.0,0.9313877400099542
1403900014476,22,310440.0,0.9390726378657025
140390001119A,31,579015.0,0.9853615531368425
1403900015436,15,453045.0,0.9671428821557676
1403900012200,17,614955.0,0.9898335322938616
1403900011293,48,683920.0,0.9977267476105947
1403900012713,11,607795.0,0.988963842799302
1403900010952,18,602665.0,0.9883344041231974
1403900011202,27,623990.0,0.9909166302767523
1403900015417,12,438760.0,0.9647636811482991
1403900010844,26,543120.0,0.9806090666649835
140390001560A,19,104260.0,0.8580478718907628
1403900014870,7,615185.0,0.9898613011003596
1403900013923,10,3130.0,0.5977262978211281
1403900015192,10,277170.0,0.9306545881861988
1403900011664,9,541475.0,0.9803838075071101
1403900012624,14,631120.0,0.9917603463826206
1403900012022,14,522600.0,0.9777490291917688
1403900013849,25,636955.0,0.9924437588853776
1403900014832,29,405805.0,0.9589654918999437
1403900011880,16,622310.0,0.9907164271423575
1403900014974,14,353620.0,0.9487436479710394
140390001425A,18,424585.0,0.9623249645609833
1403900015332,12,595270.0,0.9874175624695002
1403900012215,15,641505.0,0.992972338032774
1403900013976,16,651635.0,0.9941358121638274
1403900014601,11,480040.0,0.9714408882211119
1403900011452,19,530930.0,0.9789233613128678
1403900014743,42,458210.0,0.9679847011466597
1403900010825,25,523725.0,0.9779087163077017
1403900012520,11,648650.0,0.9937948623186925
1403900015506,11,397790.0,0.9574841195258377
1403900010859,14,526020.0,0.9782334171082303
1403900014245,12,419165.0,0.9613709059303132
1403900010685,7,544680.0,0.9808220568853292
1403900011965,15,611120.0,0.9893689810163131
140390001521A,14,445085.0,0.9658265396999872
1403900013745,10,378235.0,0.9537407943360962
1403900013656,16,605345.0,0.988663899160479
1403900011471,24,500320.0,0.9745136441163331
1403900011931,18,603745.0,0.9884673616239136
1403900015313,6,541030.0,0.9803227535324952
1403900010280,3,604320.0,0.9885380521926993
1403900012111,11,646055.0,0.9934971813519701
1403900011414,23,596750.0,0.9876019630515083
140390001069A,14,530020.0,0.9787959727662604
1403900013995,4,547560.0,0.9812136718161895
1403900013694,5,483865.0,0.9720302516786024
1403900014230,15,423250.0,0.9620911056737317
1403900015296,14,431145.0,0.9634635331388096
1403900010543,28,468825.0,0.9696853965259756
140390001553A,14,413820.0,0.9604178902062996
1403900011062,15,654480.0,0.9944593205142401
1403900012380,16,657715.0,0.9948254719522177
1403900013567,22,544415.0,0.9807859188997304
1403900011575,30,659890.0,0.9950706369025942
1403900010153,12,562140.0,0.9831651368173371
1403900014067,6,402810.0,0.9584153932679675
1403900014828,19,390280.0,0.9560687435936068
1403900010276,10,348065.0,0.9475678456163465
1403900013001,4,255630.0,0.9246469849246193
1403900011518,8,190500.0,0.9028088018596454
1403900014226,11,479850.0,0.9714114903518493
1403900011005,18,583620.0,0.9859498172909433
1403900012431,8,570765.0,0.9842958640555239
1403900010416,16,546075.0,0.9810120032802689
1403900014531,11,401600.0,0.958191988839913
1403900010897,8,474065.0,0.9705107850509472
140390001471A,3,517435.0,0.9770114481828884
1403900014635,15,390400.0,0.956091572846714
1403900015135,13,365100.0,0.9511161276813556
1403900012304,12,459215.0,0.968147398069074
1403900014052,14,561675.0,0.9831036839714355
1403900015309,8,636240.0,0.9923603533065746
1403900010149,2,454615.0,0.967399780054206
1403900012516,11,632180.0,0.9918849651362086
1403900012605,4,574485.0,0.9847782870811462
1403900015578,19,391815.0,0.9563602398201798
1403900015366,19,620870.0,0.9905443938136447
140390001172A,22,436335.0,0.9643521134525534
1403900011382,24,584810.0,0.9861010787512114
1403900013711,3,534650.0,0.9794418537764801
1403900015370,14,548120.0,0.9812895799225563
1403900013618,18,364950.0,0.9510856120689665
1403900010327,0,0.0,0.0
1403900011289,19,639380.0,0.9927259423269879
1403900014993,19,448015.0,0.966313790696802
1403900011804,10,623770.0,0.9908904438916878
1403900010524,22,442805.0,0.9654451576240748
1403900013957,9,616625.0,0.990034922350542
1403900013815,21,421900.0,0.9618538678485722
1403900015667,10,325170.0,0.9425151306922342
1403900011908,8,612775.0,0.9895698153742996
1403900013834,13,514900.0,0.976646742976525
1403900011236,15,494380.0,0.9736267265921397
1403900011984,19,636030.0,0.9923358387552503
1403900014546,37,659515.0,0.9950284247873368
1403900014620,16,342270.0,0.9463210734147587
1403900011039,8,478745.0,0.9712402874882343
1403900013336,23,537155.0,0.9797889713103012
1403900012130,14,690695.0,0.9984587554384817
1403900011147,19,569850.0,0.9841767217590661
1403900012037,11,522300.0,0.9777063879026249
1403900014461,11,664485.0,0.9955859370280614
1403900014279,6,380210.0,0.954127541790185
140390001382A,7,585620.0,0.9862038622792884
1403900014211,10,418150.0,0.9611908692626295
1403900014902,6,671500.0,0.9963657923751257
1403900010577,13,669985.0,0.9961980622894541
1403900015099,16,305985.0,0.9379992461561857
1403900013730,4,608870.0,0.9890950692758984
1403900012569,14,673825.0,0.9966224653540251
1403900015012,4,415080.0,0.9606436529694378
140390001546A,22,428315.0,0.9629744913794889
1403900014387,9,60175.0,0.8172328409586086
140390001400A,9,554260.0,0.9821168081940153
1403900014527,16,504255.0,0.9750954101306101
1403900011683,10,616270.0,0.989992157575782
1403900011946,18,590275.0,0.9867918080779146
1403900014300,5,186270.0,0.9011413065754188
1403900013514,17,493970.0,0.9735651157910195
1403900014048,14,520205.0,0.9774079250731267
1403900013872,10,426685.0,0.9626913485161421
140390001101A,13,588930.0,0.9866224066589472
1403900014813,16,568825.0,0.9840430289483237
1403900011861,24,646440.0,0.9935414214232815
1403900014480,22,281565.0,0.931822863028876
1403900012041,13,524865.0,0.9780701830570455
1403900015402,17,444670.0,0.9657572671245124
1403900015154,16,316210.0,0.9404401975098794
1403900010295,4,619240.0,0.990349179542213
1403900015544,0,0.0,0.0
1403900013317,1,283470.0,0.9323235938889693
1403900015440,9,472315.0,0.9702361495398795
1403900014103,12,551740.0,0.9817784084703416
1403900012319,23,505165.0,0.9752293017406309
1403900011842,23,655505.0,0.9945755300022782
1403900013853,30,644570.0,0.9933262937644657
1403900011819,6,653705.0,0.9943713339126041
1403900011170,10,538505.0,0.9799753699719191
1403900011626,28,644980.0,0.993373514161214
1403900014438,16,306570.0,0.9381410846499574
140390001158A,40,650420.0,0.9939972224407438
1403900013938,23,340400.0,0.9459142413058134
1403900014512,10,382945.0,0.9546598092514906
140390001368A,1,150635.0,0.8853732266683758
1403900013726,4,455230.0,0.9675001702807325
1403900014160,17,242640.0,0.9207741792482258
1403900012376,15,652245.0,0.994205294785477
1403900010064,13,600645.0,0.9880850835312114
1403900010789,12,517620.0,0.9770379937547699
1403900015281,16,450825.0,0.9667781017228949
1403900012357,16,649995.0,0.9939486834293211
1403900011912,19,587085.0,0.9863894003143228
140390001514A,11,323985.0,0.9422440155914614
1403900014673,36,474540.0,0.9705851540507335
1403900013603,13,329555.0,0.9435098497991965
140390001044A,12,516125.0,0.9768232048453289
1403900012249,8,632540.0,0.9919272409580457
1403900010399,15,513150.0,0.9763939249682558
1403900014762,6,576755.0,0.9850711365323196
1403900012183,14,648325.0,0.9937576458026308
1403900015046,12,315910.0,0.9403697111632091
140390001489A,10,527260.0,0.9784082655809399
1403900010204,7,441570.0,0.9652377549171637
1403900011113,6,562115.0,0.9831618341941311
1403900010191,5,425705.0,0.9625205942662113
1403900015493,14,423630.0,0.9621577472626366
1403900011679,5,429715.0,0.9632168227038618
140980001306A,1,134520.0,0.8769710101772289
1403900015101,10,239250.0,0.9197293585544788
1403900011594,25,655715.0,0.9945993163460293
1403900012272,7,473965.0,0.9704951189246105
1403900012342,22,659205.0,0.9949935113129004
1403900010350,5,284880.0,0.9326920512444833
1403900010990,9,556890.0,0.9824683424943407
1403900012287,12,489615.0,0.9729075142276218
1403900014885,27,547205.0,0.9811655112825799
1403900010948,17,609795.0,0.989207799763303
1403900015277,5,423295.0,0.9620990005632877
1403900013533,27,575375.0,0.9848932423790406
1403900014847,14,505900.0,0.9753372690054977
1403900010793,15,518265.0,0.9771304703874644
1403900015559,11,423860.0,0.9621980539270105
140390001005A,8,603790.0,0.9884728963570654
1403900015116,6,294430.0,0.935140634144488
1403900014086,16,596155.0,0.9875278840645912
1403900014175,12,428405.0,0.9629900936287303
1403900011363,22,597055.0,0.9876399076836989
1403900011490,4,404720.0,0.9587666778231638
1403900010238,5,440620.0,0.9650778192678863
1403900011344,38,632185.0,0.9918855524652447
1403900015262,5,422760.0,0.9620050847255939
1403900014368,12,445980.0,0.9659757151789391
1403900011630,21,618645.0,0.9902777922980434
1403900015224,15,372065.0,0.9525194349636029
1403900012179,34,705180.0,1.0
1403900011787,12,691125.0,0.9985049723570739
1403900012709,10,563410.0,0.9833327171163418
1403900014705,3,603055.0,0.988382444018986
1403900015582,0,0.0,0.0
1403900014851,24,588620.0,0.9865833076068024
1403900013961,9,609070.0,0.9891194579399919
1403900015385,6,392870.0,0.9565599227238855
1403900015629,4,358280.0,0.9497158500073609
1403900010702,5,506380.0,0.9754076936032664
1403900011895,18,591735.0,0.9869752572730899
1403900010596,1,192545.0,0.9036017229928144
1407000201236,0,0.0,0.0
1403900015671,12,337850.0,0.9453558537084688
1403900013980,8,618230.0,0.9902279605388788
1403900010755,7,488490.0,0.9727366894096341
1403900010933,11,664085.0,0.9955412213800514
1403900015614,6,2245.0,0.5730570262668753
1403900011715,14,431640.0,0.9635487422967548
1403900010632,3,573925.0,0.9847058643398736
1403900010806,23,590710.0,0.9868465132992206
1403900011024,3,472260.0,0.9702275016541329
1403900014423,10,314770.0,0.9401012512114099
1403900011096,5,553710.0,0.9820430825526048
1403900010223,12,523315.0,0.9778505589862876
140390001464A,7,491035.0,0.9731225735877225
1403900011306,35,660805.0,0.9951735338739294
1403900013340,16,516350.0,0.9768555706760859
1403900010384,8,477560.0,0.9710562501863389
1403900012107,19,649590.0,0.9939023990655104
1403900010312,4,595980.0,0.9875060820561089
1403900010863,26,550655.0,0.9816322323350752
1403900011378,21,567365.0,0.9838521816626878
1407000200613,0,0.0,0.0
1403900015563,1,137645.0,0.8786763787730842
1403900014283,1,341735.0,0.9462049077066528
1403900010365,5,299315.0,0.9363625957458145
1403900011768,3,598705.0,0.9878448464378158
1403900013798,18,389375.0,0.9558963465509677
1403900010473,23,560060.0,0.9828898550716708
140390001286A,27,372685.0,0.9526430765963174
1403900012056,22,506810.0,0.9754707256412767
1403900014457,0,0.0,0.0
1403900011221,20,508785.0,0.975759548031526
1403900015474,20,394785.0,0.9569210141003213
1403900013552,27,529290.0,0.9786936237538177
1403900011791,19,650125.0,0.9939635340247275
140390001254A,10,499600.0,0.9744067014353196
1403900013529,23,616200.0,0.9899837221773868
1403900011876,16,608345.0,0.9890310108974554
1403900012662,13,568705.0,0.9840273613566428
1403900011166,18,588355.0,0.9865498678950749
1403900012291,32,534760.0,0.979457130571568
1403900014866,15,606315.0,0.9887827972726178
1407000131433,6,230240.0,0.9168787699896292
1403900013891,8,3125.0,0.5976076148085855
1403900013904,12,3125.0,0.5976076148085855
1403900015258,19,323535.0,0.9421408006251952
1403900011537,8,211565.0,0.910597152428282
1403900013641,15,620975.0,0.990556951389994
1403900013637,16,618395.0,0.9902477771707672
1403900015050,13,276220.0,0.930399625999593
1403900012592,1,40245.0,0.7873608140064428
1403900015351,9,653895.0,0.9943929144694954
1403900013482,18,116795.0,0.8664787113276091
1403900015597,16,88575.0,0.845940795532188
1403900014118,12,584265.0,0.9860318417838709
1403900013942,18,323260.0,0.9420776541166481
1403900014495,25,385755.0,0.9552027280297067
1403900010083,13,592865.0,0.9871169314614867
1403900014071,11,581530.0,0.9856834083557927
1403900014777,6,607765.0,0.9889601773369814
1403900010030,0,0.0,0.0
1403900010026,1,150385.0,0.8852498802647666
1407000131448,2,139395.0,0.8796145515590612
1403900013143,0,0.0,0.0
1403900011043,4,570990.0,0.9843251320834372
1403900011274,6,589510.0,0.9866955044807486
1403900015648,2,526805.0,0.978344155278392
1403900011753,10,624330.0,0.9909570819902882
1403900014599,6,597455.0,0.9876896417661809
1403900012677,11,574230.0,0.9847453176268385
1403900013321,21,630470.0,0.9916838256554554
1403900014584,8,604970.0,0.9886178823230405
1403900010562,0,0.0,0.0
1403900014508,10,407120.0,0.9592057395803256
140390001507A,10,266745.0,0.9278076290127654
1403900015065,20,327185.0,0.9429738803196062
1404400010280,0,0.0,0.0
1404400050276,0,0.0,0.0
140440010037A,0,0.0,0.0
1404400100242,0,0.0,0.0
1404400020115,0,0.0,0.0
1404400020149,0,0.0,0.0
1404400010308,0,0.0,0.0
1412000010706,25,502505.0,0.9748372457682613
1404400010331,0,0.0,0.0
1404400020172,0,0.0,0.0
1404400100223,0,0.0,0.0
1404400010100,0,0.0,0.0
1404400020168,0,0.0,0.0
1404400020346,0,0.0,0.0
1404400010064,0,0.0,0.0
1412000014342,10,538205.0,0.9799339884620654
1404400010312,0,0.0,0.0
140440002012A,0,0.0,0.0
1404400010327,0,0.0,0.0
1404400010098,0,0.0,0.0
1404400010079,0,0.0,0.0
1412000015694,7,148255.0,0.8841905760456386
1404400010083,0,0.0,0.0
1404400050261,0,0.0,0.0
1404400020187,0,0.0,0.0
1404400020350,0,0.0,0.0
1404400100238,0,0.0,0.0
1404400010365,0,0.0,0.0
1404400020153,0,0.0,0.0
140440002005A,0,0.0,0.0
1404400020134,0,0.0,0.0
1404400010295,0,0.0,0.0
1404400050257,0,0.0,0.0
1404401700219,0,0.0,0.0
1404401700384,0,0.0,0.0
1404400540416,0,0.0,0.0
1404400540435,0,0.0,0.0
1404400540420,0,0.0,0.0
1404401700399,0,0.0,0.0
1404400540401,0,0.0,0.0
1405100010088,0,0.0,0.0
1405100010139,0,0.0,0.0
1405100010069,5,8075.0,0.6680908824469415
1405100010124,0,0.0,0.0
1405100010177,0,0.0,0.0
1405100010105,4,8075.0,0.6680908824469415
1405100010092,0,0.0,0.0
1405100010143,0,0.0,0.0
140510001004A,0,0.0,0.0
1405100010162,0,0.0,0.0
140510001011A,2,8075.0,0.6680908824469415
1405100010158,0,0.0,0.0
1405100010054,3,8075.0,0.6680908824469415
1405100010073,0,0.0,0.0
1405100020196,0,0.0,0.0
1405100020181,0,0.0,0.0
1405100020209,0,0.0,0.0
1405100020213,0,0.0,0.0
1407000130350,0,0.0,0.0
1407000140473,7,2190.0,0.5712159146180799
1407000200261,2,15270.0,0.715398841748329
1407000010030,8,7915.0,0.6666048909892386
1407000210755,0,0.0,0.0
1407000641293,0,0.0,0.0
1407000130435,0,0.0,0.0
1407000141077,0,0.0,0.0
1407000140774,0,0.0,0.0
1407000430651,0,0.0,0.0
1407000140609,4,2130.0,0.5691539604426127
1407000130416,2,140250.0,0.8800686415434743
1407000430986,0,0.0,0.0
1407000010929,5,7775.0,0.6652797994553044
1407000201382,2,23945.0,0.7488043580337552
140700001037A,0,0.0,0.0
1407000130420,0,0.0,0.0
1407000211151,0,0.0,0.0
1407000011289,6,6790.0,0.6552217457657685
1412000013005,4,480560.0,0.9715212860867113
1407000131452,0,0.0,0.0
1407000130327,1,191415.0,0.9031646277579908
1407000010045,11,7775.0,0.6652797994553044
1407000430666,0,0.0,0.0
1407000430971,0,0.0,0.0
1407000200257,1,12730.0,0.7018897962354014
1407000011240,0,0.0,0.0
140700001069A,0,0.0,0.0
1407000140844,5,78030.0,0.8365279942365654
140700014083A,2,2190.0,0.5712159146180799
1407000430647,1,13675.0,0.7072069945289919
1407000201255,0,0.0,0.0
1407000201221,0,0.0,0.0
1407001111325,13,15445.0,0.7162449941072139
140700021076A,3,51050.0,0.8050209066965813
1407000431024,3,38870.0,0.7847793787488087
1407000011043,6,15445.0,0.7162449941072139
1407000130365,0,0.0,0.0
1407000430505,0,0.0,0.0
1407000431147,0,0.0,0.0
1407000140558,0,0.0,0.0
1407000130596,0,0.0,0.0
1407000200204,0,0.0,0.0
140700014044A,0,0.0,0.0
140700001012A,0,0.0,0.0
1407000130083,2,128825.0,0.8737586984193776
1407000131429,3,207145.0,0.9090292912244844
1407000140488,0,0.0,0.0
1407000131471,15,260040.0,0.9259171502315703
1407001111310,8,8915.0,0.675438957119945
140700013005A,17,290040.0,0.9340250724411787
1407000010098,3,7775.0,0.6652797994553044
1407000131486,3,153845.0,0.8869390548999558
1407000130238,0,0.0,0.0
1407000430990,0,0.0,0.0
1407000011274,5,8915.0,0.675438957119945
1407000140280,1,85545.0,0.8433560520783914
1407000211113,0,0.0,0.0
1407000140825,8,2190.0,0.5712159146180799
1407000200191,5,14875.0,0.7134527537752583
1407000430897,1,22365.0,0.7437354226932831
1407000010539,6,8915.0,0.675438957119945
1407000431132,7,64710.0,0.8226283904069057
1407000140948,0,0.0,0.0
1407000430308,1,40970.0,0.7886866421053196
1407000140219,4,146810.0,0.8834632396877247
1407000010717,9,7775.0,0.6652797994553044
1407000430628,0,0.0,0.0
1407001111490,10,17230.0,0.7243660629713036
1407000211005,3,62510.0,0.8200598383195551
1407000431081,0,0.0,0.0
1407000641306,0,0.0,0.0
1407000011217,0,0.0,0.0
1407000211185,1,95575.0,0.8515890665131148
1407001111344,10,13735.0,0.7075320787128526
1407000200793,0,0.0,0.0
1407000140469,8,161525.0,0.8905565552292771
140700043090A,0,0.0,0.0
1407001111359,14,9015.0,0.6762672051118255
1407000210740,0,0.0,0.0
1407000431039,0,0.0,0.0
1407001111378,10,17230.0,0.7243660629713036
1407000210721,0,0.0,0.0
1407000140346,0,0.0,0.0
1407000140223,6,137095.0,0.8783790596563319
1407000130401,0,0.0,0.0
140700021101A,4,94730.0,0.8509296050532028
1407000011058,3,7775.0,0.6652797994553044
1407000010100,1,10525.0,0.6877661801500827
1407000140276,4,146375.0,0.8832428813509642
1407000210736,2,57665.0,0.8140689323804349
1407000430492,0,0.0,0.0
1407000430806,2,20790.0,0.7383128317042194
1407001111363,12,15445.0,0.7162449941072139
1407000210967,0,0.0,0.0
1407000011062,2,15445.0,0.7162449941072139
1407000431202,0,0.0,0.0
1407000200933,5,9290.0,0.6784983758271349
140700111133A,15,13735.0,0.7075320787128526
1407000010702,10,15445.0,0.7162449941072139
1407000010134,17,7385.0,0.6614586982290624
1407000011503,11,8915.0,0.675438957119945
1407000010115,12,9015.0,0.6762672051118255
1407000010581,14,7775.0,0.6652797994553044
1407000010399,0,0.0,0.0
1407000010384,4,15445.0,0.7162449941072139
1407000010685,0,0.0,0.0
1407000010914,2,8915.0,0.675438957119945
1407000201397,13,11445.0,0.6939885647990839
1407000200789,10,9425.0,0.6795696229761953
1407000200242,1,11805.0,0.6962882135735141
140700020126A,4,8775.0,0.6742636677993642
1407000200079,1,11785.0,0.6961623065492166
1407000140543,0,0.0,0.0
1407000140859,4,71430.0,0.8299653284053489
1407000140454,2,65850.0,0.8239252223936329
1407000140810,0,0.0,0.0
1407000430632,2,37660.0,0.7824310271660272
1407000430295,0,0.0,0.0
1407000211096,0,0.0,0.0
140700021119A,0,0.0,0.0
1407000211109,0,0.0,0.0
1407000211128,8,94590.0,0.8508197774133639
1407001211518,0,0.0,0.0
1409701151278,5,7530.0,0.662902424340357
1409707771780,0,0.0,0.0
1409700013096,14,23105.0,0.7461526117888835
1409700151348,0,0.0,0.0
1409700092897,0,0.0,0.0
1409708531668,12,35695.0,0.7784517011783565
140970777237A,0,0.0,0.0
1409700010941,30,17560.0,0.7257748073272596
1409700013128,0,0.0,0.0
1409700382384,14,60390.0,0.8174976879752708
1409701152007,3,7530.0,0.662902424340357
1409700011117,9,18185.0,0.7283717914575113
1409708331494,0,0.0,0.0
1409708332280,0,0.0,0.0
1409700381827,8,57290.0,0.8135844455165522
1409700312789,0,0.0,0.0
1409700092863,0,0.0,0.0
1409708331507,4,55580.0,0.8113342112215292
140970831205A,8,86725.0,0.8443733747508342
1409700150227,0,0.0,0.0
1412000014516,0,0.0,0.0
1409700232755,2,15325.0,0.715665815724985
1409700092825,0,0.0,0.0
1409708333753,2,37650.0,0.7824113065516292
140970822358A,6,22310.0,0.7435525859295781
1409700381795,9,55460.0,0.8111737098457268
1409708221969,6,16310.0,0.7202913930233903
1409700353240,7,119140.0,0.8679549130751598
1409800011877,0,0.0,0.0
1409700010195,8,12845.0,0.7025575798878699
1409708222153,4,14135.0,0.7096636815823656
1409708362793,0,0.0,0.0
1409708222168,23,27410.0,0.7588400770321411
140970843269A,21,30855.0,0.7676314764012954
1409708432632,2,36095.0,0.7792792108014908
1409708432685,13,27310.0,0.7585686687217577
140970015319A,0,0.0,0.0
1409708333537,0,0.0,0.0
1409700153185,0,0.0,0.0
1409708432952,0,0.0,0.0
140970822372A,4,15270.0,0.715398841748329
1409708352721,6,13930.0,0.7085788802518511
1409708332948,11,64525.0,0.8224157872168775
1409700011371,30,18495.0,0.7296269646245949
1409701153359,0,0.0,0.0
1409708332933,1,18295.0,0.7288196078447797
1409708221526,19,56550.0,0.812619017407542
1409708352736,6,13930.0,0.7085788802518511
1409708432717,6,29365.0,0.763956078561062
1409708223081,20,25715.0,0.7540999885129894
1409700011386,12,15035.0,0.7142471977805706
1409700012100,8,15820.0,0.7180263491952672
1409700010212,17,13325.0,0.7052817714671299
1409708312011,0,0.0,0.0
1409700012488,0,0.0,0.0
1409708221954,26,30915.0,0.7677757358751567
140970835365A,20,16720.0,0.7221349472262701
1409700313630,0,0.0,0.0
1409700012115,9,14495.0,0.7115311717434477
1409708221935,8,19890.0,0.7350266187801554
1409700152064,0,0.0,0.0
1409708223043,10,19750.0,0.7345021025830797
1409708223490,0,0.0,0.0
1412000016546,20,92005.0,0.848762142619541
140970862290A,1,27840.0,0.7599959599363602
1409700350246,4,102645.0,0.8568885853798003
1409700011121,3,17490.0,0.7254782078139491
1409700013109,0,0.0,0.0
1409700150674,0,0.0,0.0
140970822194A,17,28745.0,0.7623714518732165
140970001109A,14,14805.0,0.7131024939681766
1409708432647,5,27160.0,0.7581596872293717
1409700151738,0,0.0,0.0
1409708432651,10,34745.0,0.7764486000351047
1409700233202,7,17540.0,0.7256901854217535
141200001187A,25,391340.0,0.9562701595980344
1409701153363,1,3110.0,0.5972504234265953
1409700312774,0,0.0,0.0
1409708221615,0,0.0,0.0
140970001212A,4,14165.0,0.7098211120953056
1409708223058,15,26735.0,0.756988522569008
1409700011102,10,14485.0,0.7114799261785535
1409700012098,20,17115.0,0.723868789520749
1409708311649,0,0.0,0.0
1409700150706,0,0.0,0.0
1409700010532,2,13555.0,0.7065525254413998
1409708352740,14,16305.0,0.7202686257714288
1409708332454,0,0.0,0.0
1409700011136,3,22460.0,0.7440501752018124
1409700152492,0,0.0,0.0
1409700381812,14,53765.0,0.8088687721980483
1409700151723,0,0.0,0.0
1409700382261,9,71175.0,0.8296997550997831
1409708332276,0,0.0,0.0
1409708221973,14,27370.0,0.7587316327134404
1409700152539,0,0.0,0.0
1409708221920,21,29050.0,0.7631552120515971
1409708221579,16,38340.0,0.7837598898328695
140970822251A,1,8690.0,0.6735409168789521
1409708221545,2,37710.0,0.7825295517587597
1409700010636,0,0.0,0.0
1409700092844,0,0.0,0.0
1409701151511,0,0.0,0.0
1409708312986,12,81080.0,0.8393753040574665
1409700010918,37,23255.0,0.7466331359525771
1409708432666,7,37235.0,0.7815882480043702
1409708221564,8,34450.0,0.775815427598884
1409700353448,13,167785.0,0.8933801587584321
1409700350867,5,122675.0,0.8701262046542028
1409700092859,0,0.0,0.0
1409700010208,5,23255.0,0.7466331359525771
1409700150689,0,0.0,0.0
1409700382242,5,60465.0,0.8175898546946255
1409708312030,10,79570.0,0.8379792950510269
1409700150725,0,0.0,0.0
1409708362806,0,0.0,0.0
140970009283A,0,0.0,0.0
1409708223452,2,14720.0,0.712674945434748
1409708223077,14,29290.0,0.7637661779892385
1409700010513,14,14975.0,0.7139502763728317
1409708221583,12,33525.0,0.7737943119444323
1409708311653,0,0.0,0.0
1409708223700,6,22310.0,0.7435525859295781
1409700383255,13,75785.0,0.8343601530196686
140970822155A,5,41140.0,0.7889941296518694
1409700010528,0,0.0,0.0
1409708531884,4,28355.0,0.7613570625719275
1409700010566,23,19030.0,0.731744467359006
1409708222172,12,26010.0,0.7549470092689563
1409708363382,0,0.0,0.0
140970833162A,8,59840.0,0.8168182805841617
1409700150693,0,0.0,0.0
1409708331475,3,39805.0,0.7865444770028248
140970862340A,2,44795.0,0.7953146652663713
1409700381808,15,69620.0,0.828059394721914
1409700011085,0,0.0,0.0
140970833148A,0,0.0,0.0
1409708312026,2,27885.0,0.7601158909664781
1412000015548,2,164485.0,0.8919050668054016
140970023276A,5,15325.0,0.715665815724985
1409708532083,10,31580.0,0.7693561230093388
1409708622929,1,29900.0,0.7652967959863076
1409708333594,5,56675.0,0.81278298001211
1409708223486,3,25180.0,0.7525387753188931
1409700012331,0,0.0,0.0
1409701153433,0,0.0,0.0
1409700012134,0,0.0,0.0
1409700151333,0,0.0,0.0
1409708222219,0,0.0,0.0
1409708221530,4,34870.0,0.7767152734946943
1409700013113,0,0.0,0.0
1409708353522,15,17435.0,0.7252443314226907
1409708432702,13,22805.0,0.7451821334558616
1409700382257,15,35445.0,0.7779297854969068
1409700150710,0,0.0,0.0
1409708622914,3,47505.0,0.7996764842238955
1409700150956,0,0.0,0.0
1412000011225,7,465380.0,0.9691377091919298
1409700150960,0,0.0,0.0
1409700092882,0,0.0,0.0
1409700092878,0,0.0,0.0
1409708222469,8,16285.0,0.7201774868975181
1409700350551,4,104810.0,0.8584385800108854
1409707772365,0,0.0,0.0
1409701153429,0,0.0,0.0
1409708532238,5,27135.0,0.7580913041231329
1409700010937,17,23255.0,0.7466331359525771
1409708221916,17,29270.0,0.7637154557133407
1409708221600,0,0.0,0.0
1409708312971,6,84270.0,0.8422409315754943
1409708312187,8,109340.0,0.8615807196083659
140970777244A,0,0.0,0.0
1409708331865,3,42940.0,0.792174080803301
1409700010922,22,17560.0,0.7257748073272596
1409708223062,8,30395.0,0.7665160771659795
1409700013626,3,10465.0,0.6873416747345105
1409708353378,18,16305.0,0.7202686257714288
1409700382524,0,0.0,0.0
1409700013132,3,10305.0,0.6861976514133006
1409708312045,0,0.0,0.0
1409700323217,2,19825.0,0.7347835540600799
1409705601282,8,60960.0,0.8181953028481
1409700321437,10,29880.0,0.7652471088243448
1409700321140,0,0.0,0.0
1412000017099,0,0.0,0.0
1412000012276,14,408805.0,0.9595124537482468
1409701802577,0,0.0,0.0
140970180123A,0,0.0,0.0
1409704241776,0,0.0,0.0
1409704240975,6,189500.0,0.9024179611979545
140970424098A,7,283810.0,0.9324126091736822
1409700320509,4,26255.0,0.7556431969137106
140970032116A,6,29880.0,0.7652471088243448
1409701801244,12,200390.0,0.9065673215120545
1409704240443,35,257825.0,0.9252819030289551
1409700320481,2,28695.0,0.7622421737075954
1409705603683,6,57370.0,0.813688068278675
1409701801047,0,0.0,0.0
1409700321155,12,29880.0,0.7652471088243448
1409700320496,14,29880.0,0.7652471088243448
1409705601719,6,71540.0,0.8300795968715845
1409700321441,0,0.0,0.0
1409700320284,6,26930.0,0.7575281746095506
1409700931028,0,0.0,0.0
1412000011691,13,254880.0,0.9244287922125004
1409705601032,4,54425.0,0.8097747943025769
1409700320833,2,45715.0,0.7968243325474639
1409700321189,18,52645.0,0.8073055235052503
1409700320829,4,41445.0,0.7895426272662305
1409700321831,10,29880.0,0.7652471088243448
1409700320053,8,49890.0,0.803314078446253
1409700321174,0,0.0,0.0
1409700321850,4,45095.0,0.7958103282008335
1409700320180,17,46205.0,0.7976160411216582
1412000012596,15,412465.0,0.9601743372619524
1409700250994,1,113050.0,0.8640585961340365
1409708441687,20,47410.0,0.7995278344110255
1409700251460,0,0.0,0.0
1409700340388,11,11825.0,0.6964139074849401
1409700252609,12,68570.0,0.8269309004104003
1409700341367,12,20315.0,0.7365965768568058
1409700251418,0,0.0,0.0
1409700343221,0,0.0,0.0
1409700252543,9,50865.0,0.80475131271442
1412000015849,8,180910.0,0.8989731088853277
1409708441704,16,42630.0,0.791636038366511
1409700253039,0,0.0,0.0
1409700251403,8,133455.0,0.8763807561035084
1409700340250,3,11370.0,0.6935003747702201
1409700251210,10,93855.0,0.8502405022171552
1409700251422,0,0.0,0.0
1409700342350,15,40035.0,0.786972317854194
1409700251193,0,0.0,0.0
1409700341352,7,20275.0,0.7364502229561795
1409700252204,0,0.0,0.0
140970025130A,22,188890.0,0.9021785343296429
1409700251297,0,0.0,0.0
1409700250759,0,0.0,0.0
1409700250458,5,134245.0,0.8768190458955992
1409700252191,0,0.0,0.0
1409700250354,25,134045.0,0.8767083307659692
1409700343645,1,1955.0,0.562790641968977
1409700340547,9,20315.0,0.7365965768568058
140970025301A,10,122480.0,0.8700080706228973
1409700251390,10,100440.0,0.8552759798098077
1409700251225,2,57175.0,0.8134352340134212
1409700252295,2,112045.0,0.8633954887557012
1409700252558,0,0.0,0.0
1409700340373,4,11130.0,0.691916243342757
1409700342079,9,34845.0,0.7766620153594301
1409700253024,8,25825.0,0.7544169574458007
1409708443397,13,52440.0,0.8070157957926951
1409700201013,17,215195.0,0.9118604800074412
1409700051314,0,0.0,0.0
140970041326A,0,0.0,0.0
1409700411259,0,0.0,0.0
140970041333A,0,0.0,0.0
1409700053166,0,0.0,0.0
1409700053518,0,0.0,0.0
1409700413274,0,0.0,0.0
1409700413310,0,0.0,0.0
1409700051329,0,0.0,0.0
1409700411009,0,0.0,0.0
1409700413325,0,0.0,0.0
1409700053170,0,0.0,0.0
1409700053503,0,0.0,0.0
1409700050655,0,0.0,0.0
1409700412149,0,0.0,0.0
1409700413306,0,0.0,0.0
1409700053151,0,0.0,0.0
1409700053147,0,0.0,0.0
1409700050335,0,0.0,0.0
1409700052581,0,0.0,0.0
1409700413293,0,0.0,0.0
1409700413344,0,0.0,0.0
1409700050640,0,0.0,0.0
1409700053768,0,0.0,0.0
1409700053575,0,0.0,0.0
140970005066A,0,0.0,0.0
1409700413289,0,0.0,0.0
140970005034A,0,0.0,0.0
1409700012346,0,0.0,0.0
1409700353772,6,139670.0,0.8797609070330086
1409700353823,5,104810.0,0.8584385800108854
1409700342505,0,0.0,0.0
1409700353556,0,0.0,0.0
1409700250299,13,89970.0,0.8471012152698861
1409700250782,4,63285.0,0.8209748392434646
1409708312990,0,0.0,0.0
1409700251988,0,0.0,0.0
1409700092810,0,0.0,0.0
1409708311634,0,0.0,0.0
1409708223698,0,0.0,0.0
1409708223471,5,17885.0,0.7271365676162422
1409708221598,16,36250.0,0.7795974080759616
1409705603467,0,0.0,0.0
1409700411263,0,0.0,0.0
1409700253560,0,0.0,0.0
1409700353734,0,0.0,0.0
1409708221901,20,33115.0,0.7728805650083846
1409708223715,5,18100.0,0.7280238923817056
1409708333607,4,45185.0,0.795958384231418
1409708531672,15,33845.0,0.774499749252143
140970853187A,13,31640.0,0.7694970738823307
1409708623414,0,0.0,0.0
140970025080A,0,0.0,0.0
1409700250797,0,0.0,0.0
1409700252223,0,0.0,0.0
140970032027A,19,53190.0,0.8080703227310678
1409700321846,5,63420.0,0.8211330798519155
1409700320265,0,0.0,0.0
1409701152596,0,0.0,0.0
1409701151992,0,0.0,0.0
1409704240570,7,98005.0,0.8534535078941334
1409704241761,0,0.0,0.0
1409701150890,5,7980.0,0.6672121657371629
1409701150871,0,0.0,0.0
1409708223749,0,0.0,0.0
1409708221899,6,17500.0,0.7255206517709467
141200001194A,9,485405.0,0.9722662234424542
1409708432670,0,0.0,0.0
1409700340848,2,11450.0,0.6940209969719981
1409700350138,6,122105.0,0.8697803602274286
1409700352435,4,100570.0,0.8553720317292381
1409700432613,0,0.0,0.0
1409700343236,16,40155.0,0.7871945644640399
1412000014465,6,492360.0,0.9733226850113978
1409700350231,0,0.0,0.0
1409701150886,0,0.0,0.0
1409700432628,0,0.0,0.0
1409708432967,0,0.0,0.0
1409700252420,0,0.0,0.0
1409700253819,0,0.0,0.0
1409700250778,0,0.0,0.0
1409700250763,0,0.0,0.0
1409700253791,0,0.0,0.0
1409700252399,10,69285.0,0.8277012107592236
1409700250369,10,109110.0,0.8614243484724315
1412000015497,8,409660.0,0.95966760301191
1409700250462,0,0.0,0.0
1409700250814,0,0.0,0.0
1409700253005,0,0.0,0.0
1412000012492,0,0.0,0.0
1409701800301,0,0.0,0.0
1409700250477,8,75300.0,0.8338833919865669
1409700251206,0,0.0,0.0
1409700251456,0,0.0,0.0
1409700252562,0,0.0,0.0
1409700253787,0,0.0,0.0
140970025073A,0,0.0,0.0
1409700463861,10,17660.0,0.7261964764242492
1409700463876,9,17660.0,0.7261964764242492
1409704393880,2,19250.0,0.7325979947497033
1409704393895,0,0.0,0.0
1409706133927,4,29165.0,0.763448593874743
1409706133931,5,18475.0,0.729546622795768
1409706133946,2,17875.0,0.7270950375300743
1409706663950,7,52590.0,0.807227902566709
1409700213838,9,30630.0,0.7670879936411678
1409700213842,8,28715.0,0.762293911984015
1409700213857,2,7395.0,0.6615591717190765
1409708274130,0,0.0,0.0
1409708524183,0,0.0,0.0
1409708524164,13,16075.0,0.7192137141163261
140970852415A,15,17200.0,0.724236660153113
1409708524179,12,17460.0,0.7253507301931368
1409708634111,0,0.0,0.0
1409708634126,0,0.0,0.0
1409708634145,0,0.0,0.0
1409708843965,10,30200.0,0.7660381413180896
140970884397A,7,29960.0,0.7654456583096688
1409708443611,12,60845.0,0.8180550827256343
1409708441691,5,37110.0,0.781338540500659
1409708440744,7,23750.0,0.7481971596782473
1409708443804,0,0.0,0.0
1409709033912,0,0.0,0.0
1409709033908,1,20035.0,0.735565990101978
1409708714056,6,48835.0,0.801726929552731
1409708714060,6,48325.0,0.8009473465913899
1409708823984,3,29715.0,0.7648359162389772
1409708743999,8,45250.0,0.7960651303036081
1409708234003,0,0.0,0.0
1409708374200,9,49775.0,0.8031427098391692
1409708234041,0,0.0,0.0
1409708744018,3,28375.0,0.7614094209927252
1409708374198,4,46010.0,0.7973019838245057
1409708824215,0,0.0,0.0
140970823422A,0,0.0,0.0
1409708744022,13,30395.0,0.7665160771659795
1409708744037,0,0.0,0.0
1409708614075,2,55205.0,0.8108314882345067
140970870408A,0,0.0,0.0
1409800012292,6,91515.0,0.8483655965968785
1409800011171,0,0.0,0.0
140980001217A,15,508460.0,0.9757120974457941
1409800012413,16,557850.0,0.9825962457490118
140980001007A,10,548865.0,0.9813904446869256
1409800143248,2,57990.0,0.8144862792888873
1409800011966,0,0.0,0.0
1409800011152,7,435975.0,0.9642908198287845
1409800012659,9,298780.0,0.9362297441138994
1409800011364,15,465145.0,0.9691002012260584
1409800011792,1,5855.0,0.6442215139394458
1409800010671,13,368440.0,0.9517923805226111
1409800010794,0,0.0,0.0
1409800011720,0,0.0,0.0
1409800010385,28,257395.0,0.9251579495338611
1409800011256,17,240330.0,0.9200638201328017
1409800012841,4,3020.0,0.595070425047204
1409800141129,2,9670.0,0.6814751248687279
1409800142945,18,103680.0,0.8576336133006058
140980001320A,6,87005.0,0.8446127411616586
1409800012254,0,0.0,0.0
1409800012752,19,343860.0,0.946665244869023
1409800011294,2,203790.0,0.9078167080221158
1409800012979,1,2115.0,0.5686294001370437
1409800143159,0,0.0,0.0
1409800012216,0,0.0,0.0
1409800010281,15,276345.0,0.9304332237110055
140980001167A,7,268855.0,0.9283927250162767
1409800143178,8,93295.0,0.8497960966709659
1409800012606,8,418510.0,0.9612547745957286
1409800012589,7,225315.0,0.9152730676110605
1409800010718,11,75080.0,0.8336661159882957
1409800011519,9,457470.0,0.9678646761349909
1409800011824,1,140855.0,0.8803882873450953
1409800012428,15,588345.0,0.9865486057242765
1409800010775,0,0.0,0.0
1409800012926,3,56870.0,0.813038040974328
140980128288A,6,31105.0,0.7682307174531147
1409800011434,10,18090.0,0.727982855717785
1409800011449,5,344650.0,0.9468356569530723
1409800011260,17,265225.0,0.9273832629792463
1409800012235,0,0.0,0.0
1409800013337,1,25995.0,0.7549041727581787
1409800012201,0,0.0,0.0
1409800012714,0,0.0,0.0
1409800013360,7,64230.0,0.8220755071210623
1409800142023,16,100440.0,0.8552759798098077
1409800010262,9,183185.0,0.8999011229795566
1409800011059,13,314705.0,0.9400859149991216
1409800011186,0,0.0,0.0
1409800012451,38,437705.0,0.9645849082339483
1409800012771,3,343850.0,0.9466630852456589
1409800012610,17,452930.0,0.9671240298146218
1409800010084,11,528490.0,0.9785812982133191
1409800013089,0,0.0,0.0
1409800011222,6,314605.0,0.9400623146400734
1409800013271,0,0.0,0.0
1409800010116,6,410300.0,0.9597835263706551
1409800013093,0,0.0,0.0
1409800012447,29,462180.0,0.9686253277722288
1409800013267,0,0.0,0.0
1409800011063,17,300585.0,0.9366770146716419
1409800143233,0,0.0,0.0
1409800012165,13,508185.0,0.975671923254729
1409800013144,0,0.0,0.0
1409800012540,2,157710.0,0.8887816032149488
1409800011843,0,0.0,0.0
1409800011805,0,0.0,0.0
140980001142A,18,197165.0,0.905362495152639
1409800011735,0,0.0,0.0
1409800011218,21,6600.0,0.6531144673351581
1409800012502,0,0.0,0.0
1409800011684,5,237265.0,0.9191106740427438
1409800011538,4,489145.0,0.9728361952003219
140980001313A,0,0.0,0.0
1409800011773,2,3205.0,0.5994841504179993
1409800010347,22,583325.0,0.9859122719966269
140980001249A,34,494865.0,0.9736995417258306
1409800012822,5,457530.0,0.9678744151229163
1409800011595,0,0.0,0.0
1409800010597,8,242110.0,0.9206117960642158
1409800012485,41,439405.0,0.9648727667168281
1409800011383,0,0.0,0.0
1409800011468,3,54100.0,0.809330028404385
1409800011646,2,17345.0,0.7248600286236138
1409800010972,0,0.0,0.0
1409800012470,25,422195.0,0.9619057734582558
1409800012894,13,126090.0,0.872165169988125
1409800011491,6,474170.0,0.9705272309273931
1409800011665,7,70670.0,0.8291709962153743
1409800013182,9,120270.0,0.8686559168773524
1409800011237,2,227780.0,0.9160810737145598
1409800013318,0,0.0,0.0
1409800013322,7,87275.0,0.8448428303415936
1409800013197,1,33470.0,0.7736723871448062
1409800012663,7,145405.0,0.8827491400499495
1409800010050,7,505315.0,0.9752513486288547
1409800012964,8,193900.0,0.9041224807579126
1409800011082,9,196235.0,0.9050113943568548
140980001053A,3,469500.0,0.9697922366182179
1409800011858,4,4565.0,0.6257434690776967
140980001085A,23,185735.0,0.9009277132933536
1409800010506,13,455870.0,0.9676044975079965
1409800010031,9,516990.0,0.9769475564290453
1409800010991,6,208800.0,0.9096202360216659
1409800013036,1,6560.0,0.6526631063033393
1409801282875,10,108795.0,0.8612096523037606
1409800011951,1,1030.0,0.5152366251569833
1409800011913,3,293550.0,0.9349183525082582
1409800011862,0,0.0,0.0
1409800011608,4,118590.0,0.8676113073115483
140980001135A,18,295725.0,0.9354665365172756
1409800013110,2,257335.0,0.9251406372364765
1412000012295,22,218210.0,0.9128936767317092
1409800012767,3,215320.0,0.9119036025480308
1409800012536,0,0.0,0.0
1409800140027,10,81970.0,0.8401859903116802
1409800011631,13,184025.0,0.9002408638525188
1409800012432,29,369405.0,0.9519866237408388
1409800012818,0,0.0,0.0
1409800012150,4,57120.0,0.8133637658681854
1409800013002,7,119720.0,0.8683155468539228
1409800013125,0,0.0,0.0
1409800010370,3,163790.0,0.8915906327208776
1409800011542,11,459355.0,0.9681700340571081
1409800011330,5,544735.0,0.9808295550187092
1409800011788,7,161785.0,0.890675991500735
1409800010525,43,494755.0,0.9736830332124807
1409800011909,10,305110.0,0.9377865876211113
1409800011576,3,80485.0,0.8388283499504149
1409800011398,0,0.0,0.0
1409800012076,0,0.0,0.0
1409800011241,1,189345.0,0.902357196339639
1409800012786,13,382005.0,0.9544773026796576
1409800010474,5,447505.0,0.9662292085734899
1412000016048,2,144540.0,0.8823060587756911
1409800011769,1,136820.0,0.8782299525050785
1409800012112,14,205630.0,0.9084841817728138
1409800011504,3,433520.0,0.9638714770368555
140980001181A,5,162290.0,0.8909074260218518
1409800013375,0,0.0,0.0
1409800013290,0,0.0,0.0
1409800012108,9,291095.0,0.9342946967404078
1409800010690,32,361820.0,0.9504459752492991
1409800011203,14,7335.0,0.6609542815012722
1409800011097,15,528295.0,0.9785538930891704
1409800010296,0,0.0,0.0
1409800143021,1,6990.0,0.6573771704812991
1409800012837,4,75230.0,0.833814327647628
1409800012004,1,83370.0,0.8414435825492698
1409800010807,3,306530.0,0.9381313949154276
1409800011190,27,398715.0,0.9576565988138686
1409800012521,0,0.0,0.0
1409800013356,0,0.0,0.0
1409800010101,2,464420.0,0.96898436563563
1409800012273,3,151245.0,0.8856733348443415
1409800010987,2,210210.0,0.9101200160655345
1409800011985,2,146180.0,0.8831438873672484
1409800010879,24,466910.0,0.9693814478876753
1409800011970,0,0.0,0.0
1409800012644,4,301740.0,0.9369618112747011
1409800010046,9,488005.0,0.9726629235376344
1409800142038,14,83925.0,0.8419362921704686
1409800013214,0,0.0,0.0
1409800012199,0,0.0,0.0
1409800011839,0,0.0,0.0
1409800011167,2,191625.0,0.9032460527194419
1409800013252,0,0.0,0.0
1409800013286,0,0.0,0.0
1409800011650,4,4215.0,0.6198211837328703
1409800012930,0,0.0,0.0
1409800012998,0,0.0,0.0
1412000014287,9,66140.0,0.824251536393623
1409800013040,7,91885.0,0.848665224921307
1409800013394,0,0.0,0.0
1409800012269,1,91320.0,0.8482071965488248
1409800013341,0,0.0,0.0
1409800012061,2,89930.0,0.8470681928704176
1409800010968,0,0.0,0.0
1409800012466,0,0.0,0.0
1409800013303,0,0.0,0.0
1409800011453,7,48110.0,0.8006162306367748
1409800010953,5,196680.0,0.9051796013304236
1409800012517,0,0.0,0.0
1409800013106,6,5435.0,0.6386948452219346
1409800143229,0,0.0,0.0
1409800142019,1,5545.0,0.6401825281871053
140980014295A,0,0.0,0.0
1409800142127,0,0.0,0.0
1409800143017,0,0.0,0.0
1409800141114,2,14160.0,0.7097948968427507
1409800143407,0,0.0,0.0
1409800013411,0,0.0,0.0
1409800013074,2,157505.0,0.8886850139389887
1409800011699,3,135650.0,0.8775922013245654
1412000012327,12,226660.0,0.9157150366539261
1409800010351,11,512055.0,0.9762352942315352
1409800012803,1,421050.0,0.9617041061189278
140980001110A,27,537590.0,0.9798490842073838
140980001263A,2,415235.0,0.9606713780229549
1412000014963,0,0.0,0.0
1409800011078,4,234290.0,0.9181736663514872
1409800012131,5,161840.0,0.8907012322687926
1409800012860,15,383620.0,0.9547905883638853
1409800012729,4,43010.0,0.7922950366230408
1409800012733,23,130535.0,0.8747379193245376
140980001103A,3,430890.0,0.9634195993249168
1412000013310,14,216600.0,0.9123437422401204
1409800011044,12,443245.0,0.9655189103576568
1409800011345,2,513060.0,0.976380899599073
1409800010120,7,548325.0,0.9813173483216331
1409800012625,4,288870.0,0.9337249084987823
1409800011379,10,267360.0,0.9279786430097571
140980001270A,2,25420.0,0.7532431949257952
1409800012095,4,317195.0,0.940671158345256
1409800011716,5,153585.0,0.8868134493004095
1409800013055,6,64105.0,0.8219308489776119
140980001338A,3,60765.0,0.8179573818989357
1412000013503,15,299930.0,0.9365150199792142
140980001224A,2,406555.0,0.9591026105113016
1409800013163,0,0.0,0.0
1409800012911,0,0.0,0.0
1409800012042,0,0.0,0.0
1409800012555,4,177800.0,0.8976854228517396
1409800011928,6,229585.0,0.9166672108729813
1409800012377,6,346470.0,0.9472267699912268
1409800012362,9,443020.0,0.9654812050430829
1409800012358,5,495245.0,0.9737565429146641
140980001256A,2,0.0,0.0
1409800012381,0,0.0,0.0
1409800012790,17,516490.0,0.9768757022981219
1409800012220,0,0.0,0.0
1409800012697,8,111670.0,0.8631465357882532
1409800012748,0,0.0,0.0
1409800012856,10,372290.0,0.9525643287126121
1409800012907,0,0.0,0.0
1409800012983,5,145755.0,0.8829276729170021
1409800012343,9,543310.0,0.9806350404759918
1412000011687,30,294630.0,0.93519106004057
1409800012574,0,0.0,0.0
1410100092228,0,0.0,0.0
1410100312317,0,0.0,0.0
1410100011821,12,158695.0,0.8892439588661064
1410100010734,18,281860.0,0.9319006253150939
1410100010965,1,65630.0,0.8236767138042056
1410100011361,8,336060.0,0.9449613641774856
1412000016531,20,76840.0,0.83538677989317
1410100011056,14,266830.0,0.9278312885610233
141010009211A,3,34295.0,0.7754805675758774
1410100010984,2,132905.0,0.876074083020453
141010026122A,0,0.0,0.0
141010001097A,23,190060.0,0.9026370853434328
1410100312321,0,0.0,0.0
1410100012548,0,0.0,0.0
1410100010556,0,0.0,0.0
1410100011728,3,67725.0,0.8260101104059792
1410100010518,0,0.0,0.0
1410100010378,14,227145.0,0.9158737653077634
1410100011408,25,414660.0,0.9605684749511549
1410100011075,18,446545.0,0.9660697333422198
1410100010749,6,147945.0,0.8840351375854063
1410100010541,10,157210.0,0.8885457987695979
1410100011997,1,61505.0,0.8188562472212503
1412000014338,0,0.0,0.0
1410100010151,6,206885.0,0.9089360250601558
1410100011338,10,197425.0,0.9054603561763338
1410100010486,9,234715.0,0.918308250634125
1410100012251,6,70890.0,0.8294018095845493
141010026186A,0,0.0,0.0
1410100012482,11,89455.0,0.8466749251711828
1410100010537,4,110775.0,0.8625489731370409
1410100010522,5,190275.0,0.9027210418867405
1410100010503,7,154115.0,0.8870692670061596
141010026154A,0,0.0,0.0
1410100010842,11,159320.0,0.8895358459379811
1410100091681,3,51190.0,0.8052242751521564
1410100012054,22,194390.0,0.9043099035862717
141010001040A,17,151155.0,0.8856291327870798
1410100011573,1,8515.0,0.6720303759957569
1410100091944,4,56565.0,0.8126387120455477
141010001072A,10,254180.0,0.9242245656374974
1410100012069,21,160315.0,0.8899981759190642
1410100011107,12,396620.0,0.9572653811416354
1410100010861,15,257465.0,0.9251781421143659
1410100011323,21,225265.0,0.9152565867162519
1410100011569,0,0.0,0.0
1410100272355,1,32110.0,0.7705920295405206
1412000011899,11,274665.0,0.9299803947547609
1410100092410,5,35180.0,0.7773725204902773
1410100010791,7,183555.0,0.9000509623163352
141010027236A,0,0.0,0.0
1410100092143,4,24180.0,0.7495295736426527
1410100010448,5,128865.0,0.8737817522808052
1410100011130,2,69320.0,0.827738713888722
1410100010950,9,94785.0,0.8509727072244848
1410100011145,4,68610.0,0.8269742063527226
1410100011431,4,311470.0,0.9393186141884919
141010001147A,9,202970.0,0.9075173032718953
1410100092618,4,50020.0,0.8035073244690779
1410100010946,14,139410.0,0.879622542026863
1410100010594,0,0.0,0.0
1410100011164,18,154735.0,0.8873674112813018
1412000013429,0,0.0,0.0
1412000012219,11,172670.0,0.8955113220450751
1410100010931,34,162485.0,0.8909965991532164
1410100010753,12,113900.0,0.8646148481036903
1410100011357,23,383730.0,0.9548118787078773
1410100011770,5,81910.0,0.8401316146400682
1410100011643,7,65545.0,0.823580475954271
1410100011732,2,30555.0,0.7669059452101313
1410100260683,0,0.0,0.0
1410100011395,23,392085.0,0.9564113946481582
1410100011766,5,92000.0,0.8487581069064889
1410100010490,11,188355.0,0.9019679078844492
1410100010927,19,158015.0,0.8889250771041856
1410100011499,0,0.0,0.0
1410100011215,1,95575.0,0.8515890665131148
1410100092232,6,71185.0,0.8297101876513436
141010001115A,1,22445.0,0.7440005660442849
1410100011501,8,80375.0,0.8387267896659628
1410100011446,1,206535.0,0.9088102891921622
1410100011376,22,216920.0,0.9124533707561401
1410100012529,0,0.0,0.0
1410100260698,0,0.0,0.0
1410100010715,19,126755.0,0.8725557854779855
1410100011751,1,68820.0,0.8272011491406727
1410100012533,1,1490.0,0.5426324430299155
1410100012459,1,4620.0,0.6266326267523818
1410100010397,9,141620.0,0.8807905076810332
1410100010880,19,250265.0,0.9230718835022298
141010009243A,5,33675.0,0.7741258202409115
1412000014501,12,346000.0,0.9471259653967425
1410100011304,13,198455.0,0.9058467739275086
1410100012088,8,74515.0,0.8331051813639129
1410100261785,0,0.0,0.0
1410100010823,21,260800.0,0.9261338670031165
1410100261249,0,0.0,0.0
1410100011624,9,253770.0,0.924104685868858
1410100012497,19,152160.0,0.886121235227622
1410100092139,2,19195.0,0.7323855308503684
1410100011198,0,0.0,0.0
1410100012590,0,0.0,0.0
1410100010147,9,268500.0,0.9282946066913628
1410100010452,2,125805.0,0.8719971323108525
1410100010611,12,107785.0,0.8605170454547014
1410100012073,8,147560.0,0.8838416389877034
1410100010645,9,96335.0,0.8521772303938787
141010001108A,17,435595.0,0.96422606607134
1410100092181,0,0.0,0.0
1410100091520,16,103875.0,0.8577731479206192
1410100010912,8,126275.0,0.872274043908344
1412000012524,11,381700.0,0.9544179886116387
1410101902374,0,0.0,0.0
1410100092209,2,15615.0,0.7170578404609587
1410100092213,5,34335.0,0.7755671277268849
141010009193A,5,63675.0,0.8214310618879953
1410100011037,10,157130.0,0.8885080004751317
1410100010310,6,208815.0,0.9096255705706789
1410100010575,0,0.0,0.0
1412000011297,6,537570.0,0.9798463214629731
141010001204A,16,171375.0,0.894952287476427
1410100261709,0,0.0,0.0
1410100011003,1,137295.0,0.8784873134804841
1410100012020,21,400505.0,0.9579892361137964
1412000014450,2,507225.0,0.9755315081944855
1412000014821,5,164685.0,0.8919953052877501
1410100011268,0,0.0,0.0
1410100010787,2,132595.0,0.8759006711933857
1410100011272,3,66155.0,0.8242683757653683
1410100010630,17,115085.0,0.8653834403865897
141010001065A,15,99920.0,0.8548905249014669
1412000013486,12,222450.0,0.9143227624466538
1410100011126,4,126695.0,0.8725206261831943
1410100012270,0,0.0,0.0
1410100262285,0,0.0,0.0
1410100272340,2,35065.0,0.777129381243895
1410100092092,3,19970.0,0.7353246872959005
1410100012035,21,432885.0,0.9637626250224838
1410100091662,7,65530.0,0.8235634798499663
1410100011287,1,350.0,0.4352216634387447
1410100010857,22,282275.0,0.9320098820480958
1410100011018,11,349065.0,0.9477808899065948
1410100012478,1,1095.0,0.5197767284570672
1410100011658,0,0.0,0.0
1410100261234,0,0.0,0.0
1410100010895,28,189935.0,0.902588229728902
1410100010202,6,165295.0,0.892269857342925
1410100011874,0,0.0,0.0
1410100011041,11,222480.0,0.9143327765537874
1410100010433,0,0.0,0.0
1410100092124,7,65610.0,0.8236540808221675
1410100092105,5,59555.0,0.816463763727604
1410100011588,3,63235.0,0.820916145933995
1410100011982,6,87285.0,0.8448513384871489
1410100012603,0,0.0,0.0
1410100011836,0,0.0,0.0
1410100011906,0,0.0,0.0
1410100011094,0,0.0,0.0
1410100011291,0,0.0,0.0
1410100011554,0,0.0,0.0
1410100011200,0,0.0,0.0
141010001250A,0,0.0,0.0
1410100092162,6,59790.0,0.8167562069337462
1410100091925,4,59015.0,0.8157873705215155
1410100272336,11,53870.0,0.8090136535439264
1410100011516,2,101985.0,0.8564095622187794
1412000013325,15,259805.0,0.9258500109067422
1410100092586,6,54050.0,0.8092613658272418
141010009229A,6,63125.0,0.8207868571283587
1410100092196,7,63030.0,0.8206750171809618
1412000016921,0,0.0,0.0
1412000013679,5,119480.0,0.8681665314375434
1412000013236,11,489110.0,0.9728308814676707
1412000016495,0,0.0,0.0
141200001237A,7,272200.0,0.9293109376308173
1412000016902,4,39875.0,0.7866749505726929
1412000015162,0,0.0,0.0
1410100011592,0,0.0,0.0
1410100012425,1,52340.0,0.8068740539521372
141010001161A,10,314995.0,0.9401543136563069
1410100011605,14,361195.0,0.9503175896725456
1410100012514,0,0.0,0.0
1410100091840,6,65770.0,0.8238349518257513
1410100091713,2,44785.0,0.7952980860550455
1410100091696,0,0.0,0.0
1410100091535,7,79195.0,0.8376284975778311
1410100092444,1,41935.0,0.7904154245605068
1410100092393,3,52115.0,0.8065541421511544
1410100092302,3,52115.0,0.8065541421511544
1410100092406,6,60500.0,0.8176328267143081
1410100011639,0,0.0,0.0
1410100092177,3,62050.0,0.8195113607733782
1410100091893,4,68820.0,0.8272011491406727
1410100092622,5,21270.0,0.7400077735090961
1410100092247,6,59820.0,0.8167934573501083
1410100091855,5,61945.0,0.8193855948902757
1412000017084,6,0.0,0.0
141010001179A,3,120660.0,0.8688963283121168
1410100012266,3,101955.0,0.8563877148467784
1410100091677,2,52650.0,0.8073125759326885
1410100091465,6,77130.0,0.835666511397028
1412000016616,7,65560.0,0.8235974681695147
1412000013857,0,0.0,0.0
1410100091450,0,0.0,0.0
1410100011889,3,72930.0,0.8315085866956364
1410100010363,6,261900.0,0.9264464200840051
141010001019A,7,274600.0,0.9299628189802953
1410100010382,17,223190.0,0.9145693837701021
1410100010772,11,250675.0,0.9231934408254582
1410100092158,8,66585.0,0.8247494878188765
1410100091910,1,62050.0,0.8195113607733782
1410100091802,8,68820.0,0.8272011491406727
1410100011817,12,147885.0,0.8840050151052854
1410100011022,3,269130.0,0.9284686431581369
1410100010999,2,122765.0,0.8701806647332623
1412000013965,0,0.0,0.0
1410100010607,21,104085.0,0.8579231233370918
1410100010626,24,120755.0,0.8689547723749006
1410100010700,13,162410.0,0.8909623144661647
1410100011319,13,166310.0,0.8927244561885918
1410100010819,8,256980.0,0.9250381234766294
1410100011484,14,257685.0,0.9252415687881407
1410100011412,22,211620.0,0.9106164549919512
1410100011427,15,258475.0,0.9254688827030346
1410100011747,0,0.0,0.0
1410100011179,20,183475.0,0.9000185902304932
1410100010768,7,236475.0,0.9188630058560914
1410100012001,2,229100.0,0.9165101709445956
1412000014677,23,199905.0,0.9063873746675012
1410100012016,2,203060.0,0.9075502238061003
1410100010471,2,64555.0,0.8224503047854671
1412000016758,0,0.0,0.0
1410100010679,0,0.0,0.0
1410100011183,3,123020.0,0.8703347517501115
1410100220081,0,0.0,0.0
1410100220096,1,20.0,0.22608606920642574
1410100220113,1,20.0,0.22608606920642574
1410100220024,0,0.0,0.0
1410100340274,0,0.0,0.0
1410100342637,0,0.0,0.0
1410100341978,0,0.0,0.0
1410100342641,0,0.0,0.0
1410100342463,0,0.0,0.0
141010193268A,0,0.0,0.0
1410101932694,2,46590.0,0.7982322300700134
1410101932711,0,0.0,0.0
1410101932707,2,47145.0,0.7991116000342245
1410101892660,4,34195.0,0.7752637247390287
1410101892656,0,0.0,0.0
1410101892675,0,0.0,0.0
1410100380128,0,0.0,0.0
1410100380166,2,12875.0,0.7027308012053717
1410100380132,2,14380.0,0.7109397017958752
141200206504A,0,0.0,0.0
1412002067347,0,0.0,0.0
1412002434713,2,11565.0,0.6947630541256667
1412002066461,0,0.0,0.0
1412002065054,0,0.0,0.0
1412002317192,0,0.0,0.0
1412002313895,0,0.0,0.0
1412002314164,6,6355.0,0.6503058148165948
1412002316480,0,0.0,0.0
1412002313823,0,0.0,0.0
1412002316476,2,3555.0,0.6071783914188112
1412002313838,0,0.0,0.0
141200231696A,0,0.0,0.0
1412002315618,0,0.0,0.0
1412002316211,0,0.0,0.0
1412002316692,0,0.0,0.0
1412002313999,0,0.0,0.0
1412002317239,0,0.0,0.0
1412002312026,0,0.0,0.0
1412002316230,2,20.0,0.22608606920642574
1412002317173,0,0.0,0.0
1412002315872,1,900.0,0.5052279271977086
1412002316226,0,0.0,0.0
1412002315035,0,0.0,0.0
1412002315726,0,0.0,0.0
1412002314817,0,0.0,0.0
1412000014499,23,373910.0,0.9528867649969718
141200231205A,0,0.0,0.0
1412002316245,0,0.0,0.0
1412002316688,0,0.0,0.0
141200231625A,4,40850.0,0.7884688229416226
1412002317351,0,0.0,0.0
1412002315887,8,17605.0,0.7259648547782933
1412002316993,0,0.0,0.0
1412002316207,0,0.0,0.0
141200231415A,2,280.0,0.41870390843122657
1412002315730,2,23595.0,0.7477109479809385
1412002314802,0,0.0,0.0
1412002315603,0,0.0,0.0
1412002316669,10,23920.0,0.7487267889862974
1412002317243,0,0.0,0.0
1412002314179,0,0.0,0.0
1412002316974,6,21020.0,0.7391298201122226
1412002316264,0,0.0,0.0
1412002316989,0,0.0,0.0
1412004306940,7,16205.0,0.7198118087234437
1412004306955,6,16145.0,0.7195363635072666
1412004307421,0,0.0,0.0
1412000012967,2,442175.0,0.9653394294322204
1412000013819,3,96100.0,0.8519958609505494
1412000013683,2,12485.0,0.700446780884524
1412000012562,6,314500.0,0.9400375261881497
1412000015228,15,177795.0,0.8976833345342018
1412000014107,11,258620.0,0.9255105294050178
1412000013289,0,0.0,0.0
1412000010392,37,517805.0,0.9770645298408431
1412000015285,9,177770.0,0.8976728920655161
1412000017008,0,0.0,0.0
1412000012134,1,1320.0,0.5336426818304139
1412000010231,18,402905.0,0.9584329048627858
1412000013594,6,250745.0,0.9232141746432551
1412000016599,0,0.0,0.0
141200001575A,5,42405.0,0.7912430676208829
1412000017116,0,0.0,0.0
141200001461A,11,345765.0,0.9470755117388505
1412000012384,17,403555.0,0.9585526103784677
141200001301A,4,479825.0,0.9714076213446124
1412000015938,0,0.0,0.0
1412000012399,13,366990.0,0.9514995538303265
1412000015143,2,4645.0,0.627033296469077
1412000014304,5,180145.0,0.8986584275854639
1412000010246,21,476150.0,0.9708366732093539
1412000015798,7,369380.0,0.9519815979387355
1412000010405,36,574095.0,0.9847278572821104
1412000013217,5,412825.0,0.9602391230152287
1412000014874,10,143485.0,0.8817620501064019
1412000016739,4,15525.0,0.7166286185953472
141200001397A,0,0.0,0.0
1412000014836,0,0.0,0.0
1412000017046,1,7685.0,0.6644152967332976
1412000012825,0,0.0,0.0
1412000015181,0,0.0,0.0
1412000014978,0,0.0,0.0
1412000014728,5,548990.0,0.9814073548914108
1412000014272,1,260.0,0.41322098018474657
1412000014361,5,546910.0,0.9811254667821333
1412000013950,21,218670.0,0.9130500557420067
1412000011121,2,565985.0,0.983671339744307
1412000015317,0,0.0,0.0
1412000010640,4,527690.0,0.9784688025118695
1412000015478,5,441800.0,0.9652764244420489
1412000013560,15,275730.0,0.9302677761913549
1412000016090,0,0.0,0.0
141200001408A,6,172245.0,0.8953283186404448
1412000012628,14,410225.0,0.9597699509589962
1412000012401,24,312130.0,0.9394758028507899
1412000013039,2,308905.0,0.9387045429231679
1412000017328,0,0.0,0.0
1412000012952,6,552455.0,0.9818745794764154
1412000014075,10,182990.0,0.899822031771363
1412000015459,13,528715.0,0.9786129069482385
1412000015463,14,504230.0,0.9750917283803666
1412000011653,2,5965.0,0.6456034847930631
1412000010212,0,0.0,0.0
141200001529A,9,165345.0,0.8922923166631889
1412000012558,15,387310.0,0.9555014715291223
1412000015139,0,0.0,0.0
1412000014319,6,395170.0,0.9569933979924646
1412000013626,19,197995.0,0.9056744474411023
1412000012914,4,562165.0,0.9831684392936693
141200001212A,8,63915.0,0.8217104274885552
141200001027A,21,565660.0,0.9836286860142401
1412000014662,16,171350.0,0.8949414537887874
1412000017313,2,106145.0,0.8593784715545615
1412000011441,7,211020.0,0.9104056098936546
1412000017277,0,0.0,0.0
1412000015637,0,0.0,0.0
1412000015675,7,135800.0,0.8776742710304798
141200001689A,4,3790.0,0.6119305466204196
1412000016743,5,97045.0,0.8527225220751965
1412000013147,1,358910.0,0.9498463137533933
1412000015815,9,465015.0,0.9690794439968206
1412000013700,13,248565.0,0.9225657315493629
1412000015482,10,385115.0,0.9550794225371996
1412000014910,0,0.0,0.0
141200001340A,0,0.0,0.0
141200001422A,8,248430.0,0.9225253888799277
1412000010227,23,358610.0,0.9497842167449657
1412000015622,7,123245.0,0.8704704458732044
141200001486A,0,0.0,0.0
1412000013804,4,103140.0,0.8572458357769558
1412000013433,7,269075.0,0.9284534657375645
1412000014408,11,421980.0,0.9618679475318196
1412000016777,0,0.0,0.0
1412000012115,7,28075.0,0.760620141843528
1412000014249,11,560490.0,0.9829468480143957
1412000013861,0,0.0,0.0
1412000016565,0,0.0,0.0
1412000016122,0,0.0,0.0
141200001365A,4,129920.0,0.8743872284148024
1412000012717,24,422530.0,0.9619646731570376
1412000016029,3,18665.0,0.7303063833176562
1412000016052,6,210750.0,0.9103105339382712
1412000013664,7,205115.0,0.9082979654801172
1412000016762,0,0.0,0.0
1412000013382,16,232780.0,0.9176935137933229
1412000016809,0,0.0,0.0
1412000012632,9,427925.0,0.9629068437270546
1412000014484,17,338205.0,0.9454338420524931
1412000012702,0,0.0,0.0
1412000011206,1,347835.0,0.9475187588541175
141200001714A,0,0.0,0.0
1412000015656,2,152675.0,0.8863721490480082
1412000014840,1,139260.0,0.8795425986321412
1412000014253,10,551855.0,0.9817938849417748
1412000014573,35,335735.0,0.9448895136510507
1412000013607,13,329215.0,0.943433196925092
1412000011757,3,157120.0,0.8885032743352715
1412000014357,11,530950.0,0.97892615860843
1412000010918,12,436605.0,0.9643980504926488
1412000014234,18,495630.0,0.9738142495327774
1412000015302,0,0.0,0.0
1412000011723,21,340465.0,0.9459284199822623
1412000012929,8,489440.0,0.9728809672736893
1412000016601,5,28935.0,0.7628606665539052
1412000010655,17,616970.0,0.9900764589005525
1412000013448,3,177850.0,0.8977063027977629
1412000013274,17,244570.0,0.9213625163326906
1412000012308,14,223435.0,0.9146508552816073
1412000016847,0,0.0,0.0
1412000015105,8,136460.0,0.8780343040853894
1412000014520,14,262190.0,0.9265286017860301
1412000016620,8,136980.0,0.8783167421748036
1412000013293,2,302355.0,0.9371130117674683
1412000014130,0,0.0,0.0
141200001582A,9,364455.0,0.9509848214856903
1412000017258,0,0.0,0.0
1412000013518,19,263440.0,0.9268817960603959
1412000014323,4,185870.0,0.900981668644222
1412000013185,20,330570.0,0.9437382116256845
1412000010710,14,489190.0,0.9728430265836462
1412000014770,0,0.0,0.0
1412000016635,6,56225.0,0.8121910126019282
1412000010369,11,467060.0,0.9694053008337314
1412000011649,2,5965.0,0.6456034847930631
1412000015355,5,138105.0,0.8789241347744996
1412000014412,7,479555.0,0.9713658232168231
1412000011884,10,175890.0,0.8968833811092871
1412000013734,0,0.0,0.0
1412000013698,3,221445.0,0.9139865070883882
1412000012651,21,436110.0,0.9643138108667754
1412000014291,7,80030.0,0.8384073557188397
1412000014855,8,139575.0,0.8797103804736502
1412000011009,3,249490.0,0.9228415655532329
1412000011812,28,361665.0,0.9504141563177274
1412000015177,2,40980.0,0.7887047648956138
1412000011193,7,313490.0,0.9397986613323532
1412000015800,11,417075.0,0.9609997128821303
1412000014268,6,147905.0,0.8840150572896925
1412000016796,0,0.0,0.0
1412000012454,0,0.0,0.0
1412000011935,21,505610.0,0.9752946884237922
1412000014588,34,291910.0,0.934502316527868
1412000016423,0,0.0,0.0
1412000014592,24,291395.0,0.9343711887283221
1412000017169,0,0.0,0.0
1412000013556,17,257195.0,0.9251002261733111
1412000016527,14,64495.0,0.8223812535963417
1412000017205,8,0.0,0.0
141200001657A,0,0.0,0.0
1412000012863,17,357585.0,0.9495716593180615
1412000013306,0,0.0,0.0
1412000017262,0,0.0,0.0
1412000012647,27,350030.0,0.947985899776684
1412000012666,7,448195.0,0.9663436202244254
1412000011282,6,477230.0,0.9710049179948828
1412000015834,3,123175.0,0.8704282564883306
1412000014395,28,454620.0,0.9674005967823543
1412000013202,10,474565.0,0.9705890661462696
1412000015196,22,370810.0,0.9522685285017984
1412000014569,33,293820.0,0.9349866233369675
1412000011278,12,530670.0,0.9788869868785267
1412000012613,30,372820.0,0.9526699712940295
1412000014944,0,0.0,0.0
1412000015745,0,0.0,0.0
1412000012435,4,407745.0,0.9593196538137267
1412000011808,25,318775.0,0.9410401398561375
1412000014380,32,521125.0,0.9775391400310945
1412000016917,0,0.0,0.0
1412000012261,4,306350.0,0.9380877754568377
141200001671A,8,79080.0,0.8375205868239755
1412000013768,0,0.0,0.0
1412000014446,1,332995.0,0.9442809787272737
1412000013397,6,267705.0,0.9280744055390258
1412000012473,0,0.0,0.0
1412000011742,17,344505.0,0.9468044080730512
1412000011850,10,313915.0,0.9398992674190315
1412000015270,6,386185.0,0.9552854590631612
1412000011460,5,15625.0,0.7171053789973374
1412000011901,6,255430.0,0.9245888628580738
1412000011032,8,334350.0,0.9445825380777854
141200001269A,0,0.0,0.0
1412000017012,0,0.0,0.0
141200001098A,0,0.0,0.0
1412000013151,12,441310.0,0.9651940172799826
1412000014732,5,473680.0,0.9704504523240655
1412000013166,31,632345.0,0.9919043445421332
1412000013378,18,169160.0,0.8939862362208206
141200001372A,4,4805.0,0.629547627041899
1412000016870,5,153425.0,0.8867360478157884
1412000013715,0,0.0,0.0
1412000014041,6,236885.0,0.9189916456080005
1412000014605,11,411725.0,0.9600409887844842
1412000012933,11,537730.0,0.9798684205408327
1412000017050,0,0.0,0.0
1412000012986,10,540010.0,0.9801826199085998
1412000013575,1,219785.0,0.9134277439409362
141200001721A,0,0.0,0.0
141200001326A,5,150215.0,0.8851658875300553
1412000016033,7,182390.0,0.8995781445129108
141200001447A,14,505525.0,0.9752822032801335
1412000010265,8,462375.0,0.968656652373129
1412000010937,15,320395.0,0.9414165686381492
141200001251A,4,16585.0,0.7215329628089706
1412000012948,3,548890.0,0.9813938270358952
1412000014643,0,0.0,0.0
1412000016086,0,0.0,0.0
1412000016781,0,0.0,0.0
1412000013452,7,187445.0,0.9016082680626301
1412000012257,5,181485.0,0.8992087593144867
1412000014766,0,0.0,0.0
1412000015158,0,0.0,0.0
1412000014215,16,454320.0,0.9673515771873717
1412000012416,11,563945.0,0.983403198913382
1412000012670,3,451550.0,0.9668974276184169
1412000017031,0,0.0,0.0
1412000014906,0,0.0,0.0
1412000011846,9,285500.0,0.9328534910659393
1412000012420,9,519005.0,0.977236425949221
1412000015251,7,335245.0,0.9447810535743641
1412000015266,0,0.0,0.0
1412000016512,18,167610.0,0.893302665569292
1412000012609,26,333690.0,0.944435806046747
1412000012331,10,189620.0,0.902464970834507
1412000011920,14,461860.0,0.9685738946482038
141200001479A,7,267775.0,0.9280938205564847
1412000012971,0,0.0,0.0
1412000016832,3,142665.0,0.8813364488756169
141200001244A,8,468105.0,0.9695712640787404
1412000014535,22,318360.0,0.9409434012219291
1412000011210,10,437610.0,0.9645687890569732
1412000017188,0,0.0,0.0
1412000014427,14,410570.0,0.9598323773143129
1412000016813,0,0.0,0.0
1412000012204,7,290400.0,0.9341171870148268
1412000010814,2,1505.0,0.5433757920311457
1412000012172,0,0.0,0.0
1412000012505,0,0.0,0.0
1412000012755,5,5655.0,0.6416409921284939
141200001600A,0,0.0,0.0
1412000016550,0,0.0,0.0
141200001632A,7,118245.0,0.8673949585214933
1412000013611,7,238595.0,0.9195257775148113
1412000010890,3,425915.0,0.9625572175305134
1412000012312,27,223980.0,0.9148317678983335
1412000014554,13,245290.0,0.9215808112769963
1412000013772,17,268635.0,0.9283319345716062
1412000012488,39,378000.0,0.953694641905919
1412000016705,0,0.0,0.0
1412000012064,0,0.0,0.0
1412000015533,0,0.0,0.0
1412000016315,0,0.0,0.0
1412000012223,0,0.0,0.0
1412000014431,18,475600.0,0.9707508462830661
1412000011865,26,401905.0,0.9582483649121957
1412000010617,6,243575.0,0.9210597847877038
1412000013062,4,370605.0,0.9522274631117632
1412000011795,18,285165.0,0.9327663050731277
1412000012990,20,513645.0,0.9764655236887282
1412000017332,2,71590.0,0.8301314790140558
141200001707A,3,105170.0,0.8586932076117593
1412000017065,0,0.0,0.0
1412000016828,0,0.0,0.0
1412000016885,7,47880.0,0.8002603713970995
1412000017135,0,0.0,0.0
1412000017402,0,0.0,0.0
1412000017417,0,0.0,0.0
1412002315779,2,6120.0,0.6475081629603541
1412001395980,0,0.0,0.0
1412002317436,2,3555.0,0.6071783914188112
1412000012806,9,24145.0,0.7494220106433206
1412000012793,10,26455.0,0.7562067141507138
1412000013791,1,27915.0,0.7601957375156653
1412002317224,0,0.0,0.0
141200001739A,0,0.0,0.0
1412000013787,0,0.0,0.0
1412000016103,7,158435.0,0.8891221951206466
1412002312045,0,0.0,0.0
1412002314003,1,0.0,0.0
1412002315590,0,0.0,0.0
1412000015374,3,164155.0,0.8917559331576461
141200001536A,10,233215.0,0.9178321545378739
1412004306936,4,9155.0,0.6774114487852286
1412002316404,0,0.0,0.0
1412002314145,0,0.0,0.0
1412001395995,0,0.0,0.0
1412000015660,2,106095.0,0.8593434832174204
1412000017385,0,0.0,0.0
1412000013984,0,0.0,0.0
1412000017309,0,0.0,0.0
1412000016438,0,0.0,0.0
1412000014200,6,387765.0,0.955588658425187
1412000010994,11,335395.0,0.9448142724659843
1412000015336,8,131045.0,0.8750274852733384
1412000016118,6,123245.0,0.8704704458732044
1412000012844,0,0.0,0.0
141200001283A,0,0.0,0.0
1412000012789,0,0.0,0.0
141200001454A,18,263440.0,0.9268817960603959
1412000014658,12,224540.0,0.9150172017940525
1412000014060,5,203085.0,0.9075593658095171
1412000016014,0,0.0,0.0
1412000016283,7,209510.0,0.9098723187335188
1412000014925,0,0.0,0.0
1412000012774,0,0.0,0.0
1412000016508,0,0.0,0.0
1412000016391,0,0.0,0.0
1412000017281,0,0.0,0.0
1412000010602,9,190100.0,0.9026527123541104
1412000015340,4,146985.0,0.8835517054782988
1412000015444,7,131045.0,0.8750274852733384
1412000010689,26,577180.0,0.9851258370542927
1412000016851,0,0.0,0.0
1412000016141,6,123245.0,0.8704704458732044
1412000013630,4,150860.0,0.8854840635308228
1412000015209,10,196455.0,0.9050946004809434
1412000016866,0,0.0,0.0
1412000016584,5,130020.0,0.8744443641980191
1412000017120,0,0.0,0.0
1412000011579,15,297760.0,0.9359757964694406
141200001319A,15,282505.0,0.9320703648125134
1412000010975,6,257500.0,0.9251882363459727
1412000015641,0,0.0,0.0
141200001290A,0,0.0,0.0
1412000013645,0,0.0,0.0
1412000015942,0,0.0,0.0
1412002312079,0,0.0,0.0
1412002313842,0,0.0,0.0
1412002316654,2,80.0,0.3263315531516697
1412002316673,7,16635.0,0.7217564893913861
1412000017296,2,104335.0,0.8581012714710595
141200001664A,0,0.0,0.0
1412000017101,0,0.0,0.0
1412000017366,0,0.0,0.0
1412000016300,3,148255.0,0.8841905760456386
1412000016071,2,126955.0,0.8726728630470766
1412000016067,7,214030.0,0.9114573690729902
1412000016175,0,0.0,0.0
1412000011418,17,420360.0,0.96158231233982
1412000014889,1,56405.0,0.8124283661338735
1412000012280,11,339915.0,0.9458083610191383
1412000011634,8,179375.0,0.8983403372033022
1412000014094,8,222890.0,0.9144695008476752
1412000012810,0,0.0,0.0
1412000014126,0,0.0,0.0
1412000013490,0,0.0,0.0
1412000013876,4,129920.0,0.8743872284148024
1412000017027,0,0.0,0.0
1412000017154,0,0.0,0.0
1412002434709,3,16160.0,0.71960532065322
1412000013113,2,129525.0,0.8741611113196399
1412000012346,8,227965.0,0.9161413619473103
1412000013414,0,0.0,0.0
1412000013043,10,280550.0,0.9315546842467497
1412000013058,15,380090.0,0.9541041005957888
1412000010373,7,291585.0,0.9344195929331737
1412000012469,1,133875.0,0.8766140929477371
1412000010354,9,402835.0,0.9584200019827747
1412000013081,14,603050.0,0.9883818283195072
1412000013096,11,602355.0,0.9882961963834189
1412000011526,0,0.0,0.0
1412000012543,0,0.0,0.0
1412000012242,14,598255.0,0.9877890101173846
1412000014198,23,604090.0,0.9885097840398034
1412000012539,19,382935.0,0.9546578700508006
1412000014183,3,566500.0,0.9837388793706056
1412000012685,18,449025.0,0.9664810126915053
141200001550A,2,305265.0,0.9378243029732439
1412000012721,5,381490.0,0.954377121860223
1412000012350,0,0.0,0.0
1412000013132,12,501470.0,0.974684136542754
1412000012365,0,0.0,0.0
1412000013128,9,514875.0,0.9766431373441815
1412000012897,4,485960.0,0.9723510817381102
1412000011189,16,566145.0,0.9836923295075178
1412000012882,7,567480.0,0.9838672319623678
1412000010547,6,514725.0,0.9766214998729063
1412000013170,7,569740.0,0.9841623857616373
1412000010636,3,466035.0,0.9692421527914894
141200001066A,12,610890.0,0.9893410274649826
1412000014376,27,647290.0,0.9936390010803549
1412000015552,3,33365.0,0.7734390642651318
141200001116A,4,525600.0,0.9781741007785651
1412000011155,0,0.0,0.0
1412000012238,0,0.0,0.0
1412000013077,9,333965.0,0.9444969796315928
1412000014111,0,0.0,0.0
1412000015124,2,0.0,0.0
1412000016298,0,0.0,0.0
1412000016724,0,0.0,0.0
1412000017370,0,0.0,0.0
1412000620161,4,3430.0,0.6045210324185526
1412000620176,9,3430.0,0.6045210324185526
1412000620180,5,3230.0,0.6000609743928365
1412000620208,4,21520.0,0.7408754682887888
1412000620299,0,0.0,0.0
1412000620284,14,45940.0,0.7971889205487954
1412007500301,0,0.0,0.0
1412007500316,0,0.0,0.0
1412007530320,0,0.0,0.0
1412007560335,10,13575.0,0.7066620049616583
1412007560424,9,13575.0,0.7066620049616583
1412007570439,5,5430.0,0.6386265099404572
1412007570462,1,20.0,0.22608606920642574
1412007580759,21,2750.0,0.5881179549797592
1412007580797,10,2495.0,0.5808943164817708
141200758080A,0,0.0,0.0
1412007580829,6,2495.0,0.5808943164817708
1412007580833,9,2750.0,0.5881179549797592
1412007580496,3,790.0,0.4955587409971581
1412007580509,19,2390.0,0.5777027902310585
1412007580551,16,2390.0,0.5777027902310585
1412007580566,4,2390.0,0.5777027902310585
1412007580693,17,2390.0,0.5777027902310585
1412007580744,13,2390.0,0.5777027902310585
1412007630852,0,0.0,0.0
1412007630867,0,0.0,0.0
1412007580848,11,2750.0,0.5881179549797592
1412401760160,0,0.0,0.0
1412401760599,0,0.0,0.0
1412401760601,0,0.0,0.0
141240001032A,0,0.0,0.0
1412400010565,0,0.0,0.0
1412400010279,0,0.0,0.0
1412400010264,0,0.0,0.0
1412400010300,0,0.0,0.0
1412400010230,0,0.0,0.0
1412400010531,0,0.0,0.0
1412400010457,0,0.0,0.0
1412400010283,0,0.0,0.0
1412400010211,0,0.0,0.0
1412400010315,0,0.0,0.0
1412400010508,0,0.0,0.0
1412400010512,0,0.0,0.0
1412400010442,0,0.0,0.0
1412400010141,0,0.0,0.0
1412400010476,0,0.0,0.0
1412400010245,0,0.0,0.0
141240001018A,0,0.0,0.0
1412400010480,0,0.0,0.0
1412400010584,0,0.0,0.0
1412400010298,0,0.0,0.0
1412400010527,0,0.0,0.0
1412400010334,0,0.0,0.0
1412400010461,0,0.0,0.0
1412400010495,0,0.0,0.0
1412400010423,0,0.0,0.0
1412400010404,0,0.0,0.0
1412400010419,0,0.0,0.0
1412400010175,0,0.0,0.0
141240001057A,0,0.0,0.0
1412400010349,0,0.0,0.0
1412400010438,0,0.0,0.0
141240001025A,0,0.0,0.0
1412400010137,0,0.0,0.0
1412400010546,0,0.0,0.0
1412400010550,0,0.0,0.0
1412400940387,0,0.0,0.0
1412400010122,0,0.0,0.0
1412400010226,0,0.0,0.0
1412400010156,0,0.0,0.0
1412400940391,0,0.0,0.0
1412400010372,0,0.0,0.0
