cve_ageb,transit_demand,accessibility_score,coverage_gap_raw,coverage_gap_n,demand_quantile,access_quantile,gap_category
0100100010017,5059.773544502288,79915.0,0.06331364863734781,0.0066429000017585536,4,2,High-gap
0100100010106,458.71468121536,120940.0,0.003792879844017827,0.00040964346687810406,1,3,Medium-gap
0100100010163,1330.229143201433,0.0,1330.229143201433,0.7784327903946286,2,1,Medium-gap
0100100010182,0.0,84690.0,0.0,0.0,1,2,Medium-gap
0100100010229,12036.29137566321,124320.0,0.09681623680362296,0.009999677676464674,5,4,Medium-gap
0100100010233,7013.692952311485,126275.0,0.05554256511381011,0.005849172741332177,4,4,Medium-gap
0100100010286,5326.67082203483,126535.0,0.042096089824515,0.004461864430554351,4,5,Medium-gap
0100100010290,3673.8652023720106,128545.0,0.0285801596500242,0.003049232027751123,3,5,Medium-gap
0100100010303,5207.485905304351,128545.0,0.04051068026468619,0.004297115145242229,4,5,Medium-gap
0100100010322,3565.68854096474,128090.0,0.027837151251569117,0.0029710383303692893,3,5,Medium-gap
0100100010337,5033.334986758999,128190.0,0.03926433982696912,0.004167424204958555,4,5,Medium-gap
0100100010341,2830.224451738415,128545.0,0.022017211361990377,0.0023565892222468126,3,5,Medium-gap
0100100010356,1443.0299516217456,128545.0,0.011225786501499429,0.0012079521145348996,2,5,Low-gap
0100100010360,3131.148973998349,128445.0,0.02437716218487418,0.002606165366677735,3,5,Medium-gap
0100100010375,4480.723482701148,127385.0,0.035174379309352265,0.0037407382701976693,3,5,Medium-gap
0100100010407,738.0774290601257,128245.0,0.005755169198728426,0.0006209700103921499,1,5,Low-gap
0100100010411,2293.2760156666395,128245.0,0.01788185218772234,0.00191786217328197,2,5,Low-gap
0100100010426,4807.670325730614,128245.0,0.03748787740538196,0.0039823010654754225,4,5,Medium-gap
0100100010430,3659.0262219153774,128245.0,0.028531308749710535,0.0030440927273295035,3,5,Medium-gap
0100100010445,2820.058166780587,126495.0,0.022293654872727886,0.002385854235419452,3,4,Medium-gap
0100100010464,843.1413053001559,128545.0,0.006559062944783625,0.0007074254120956142,2,5,Low-gap
0100100010483,7169.090787537294,127185.0,0.05636698054453552,0.005933653942377151,5,5,Medium-gap
0100100010498,5053.178312702759,126135.0,0.04006134896225312,0.0042503768159221095,4,4,Medium-gap
0100100010500,6812.793494659881,128445.0,0.053040137448109564,0.005592334104776889,4,5,Medium-gap
0100100010515,13063.525816525153,128445.0,0.10170441910627931,0.01048085684604632,5,5,Medium-gap
0100100010534,5501.957677041798,126670.0,0.04343502204168119,0.004600805691803363,4,5,Medium-gap
0100100010549,7044.11489188696,128445.0,0.05484106077174034,0.005777234762862197,4,5,Medium-gap
0100100010553,2459.9087480703915,128325.0,0.019169215498576996,0.0020546314428794127,2,5,Low-gap
0100100010568,4414.832467161707,127265.0,0.03468980298871425,0.003690073088416266,3,5,Medium-gap
0100100010572,8033.571916746108,128325.0,0.06260283899401609,0.006570540363710979,5,5,Medium-gap
0100100010587,4434.362671095804,126180.0,0.03514287151865815,0.0037374446743263425,3,4,Medium-gap
0100100010591,9407.638947145571,126180.0,0.07455669987672923,0.00778104105435608,5,4,Medium-gap
0100100010604,4602.929260130461,123900.0,0.03715005738557769,0.003947061355068591,3,3,Medium-gap
0100100010619,7772.791039037905,126470.0,0.06145907788376707,0.006454005075664452,5,4,Medium-gap
0100100010623,9897.126200899833,127265.0,0.0777672449900196,0.008103861267766757,5,5,Medium-gap
0100100010638,21271.329403128897,128445.0,0.16560523023783455,0.01658183993638178,5,5,Medium-gap
0100100010642,6833.507159405383,128445.0,0.05320140105106724,0.005608903911572811,4,5,Medium-gap
0100100010657,7224.846812164555,128445.0,0.056248126155462645,0.0059214785181518235,5,5,Medium-gap
0100100010676,1420.9569327114618,124035.0,0.011456004165818486,0.0012325841521586567,2,4,Low-gap
0100100010680,1061.737498872018,125320.0,0.008472143526400348,0.0009128918426435848,2,4,Low-gap
0100100010695,6366.052193639522,128325.0,0.049608436276666626,0.005239124573590432,4,5,Medium-gap
0100100010708,15245.598592277229,128325.0,0.11880366092823924,0.012147422164092455,5,5,Medium-gap
0100100010712,10522.560922939643,127385.0,0.08260374705964268,0.008588360423823743,5,5,Medium-gap
0100100010727,4175.412280419051,127385.0,0.03277763867629921,0.0034899137246311557,3,5,Medium-gap
0100100010731,2456.676265999672,126215.0,0.019464063716166508,0.0020859317543262578,2,4,Low-gap
0100100010746,1806.5231099301031,127385.0,0.01418148862457494,0.001523770831509226,2,5,Low-gap
0100100010784,9622.620456270288,128325.0,0.07498574300040746,0.007824237119311484,5,5,Medium-gap
0100100010799,7200.50695016635,127265.0,0.056578402324001305,0.0059553085696400975,5,5,Medium-gap
0100100010801,2447.4084059871248,127385.0,0.01921253831651143,0.0020592310467748153,2,5,Low-gap
0100100010816,8921.72337908307,126670.0,0.07043224873162027,0.007364909260521012,5,5,Medium-gap
0100100010820,3867.583145010901,126335.0,0.030613468409724075,0.0032629276108334347,3,4,Medium-gap
0100100010835,1631.6077196418298,126135.0,0.012935305698942648,0.0013907277368790238,2,4,Low-gap
0100100010854,7081.467650917708,127265.0,0.05564304410382748,0.005859472762165038,5,5,Medium-gap
0100100010869,9844.93675794406,126135.0,0.0780501740814998,0.008132263657955451,5,4,Medium-gap
0100100010873,2365.7752808921846,128325.0,0.018435666045011803,0.00197672045646296,2,5,Low-gap
0100100010888,4426.803859199842,125820.0,0.035183346652783255,0.003741675632902195,3,4,Medium-gap
0100100010892,8024.944881775787,126215.0,0.06358104267110182,0.006670107899487659,5,4,Medium-gap
0100100010905,11526.798578490852,126550.0,0.0910842156797722,0.009432694103535874,5,5,Medium-gap
0100100010939,3537.6966393832176,125665.0,0.02815158148889292,0.003004135650848204,3,4,Medium-gap
0100100010962,6888.144962690475,126550.0,0.054429794807551696,0.005735037946911745,4,5,Medium-gap
0100100010977,6164.6607831783,123210.0,0.05003336376766929,0.005282923037912301,4,3,Medium-gap
0100100010996,0.0,104060.0,0.0,0.0,1,2,Medium-gap
0100100011000,1248.341084936823,122440.0,0.010195449930471192,0.0010976429520242223,2,3,Medium-gap
0100100011034,9051.12060700573,119815.0,0.07554183587338695,0.007880198907191839,5,3,Medium-gap
0100100011091,3859.875400069495,118080.0,0.03268836984840486,0.0034805602916406467,3,3,Medium-gap
0100100011161,7170.593960529596,112700.0,0.06362493642939811,0.006674573526863337,5,2,High-gap
0100100011195,257.7637844937401,117875.0,0.0021867367784259737,0.00023636401610272655,1,3,Medium-gap
0100100011208,38.9142377038024,114785.0,0.00033901553938461485,3.6677967589040515e-05,1,2,Medium-gap
0100100011227,165.8416798103568,115975.0,0.0014299655084703455,0.00015462314302684089,1,2,Medium-gap
0100100011265,1393.7582407467607,0.0,1393.7582407467607,0.7834772743688401,2,1,Medium-gap
0100100011299,0.0,10835.0,0.0,0.0,1,2,Medium-gap
0100100011316,4437.803597589332,127995.0,0.03467142408816941,0.00368815100390661,3,5,Medium-gap
0100100011320,22207.116708098525,124655.0,0.17814719474472568,0.017739943071017613,5,4,Medium-gap
0100100011354,7283.443884816402,127185.0,0.0572660818393251,0.006025713379288498,5,5,Medium-gap
0100100011373,8893.572039296194,121620.0,0.07312529940796568,0.0076368027856465355,5,3,Medium-gap
0100100011392,8912.707311448976,0.0,8912.707311448976,0.9841889051093419,5,1,High-gap
0100100011405,13479.410094189185,120610.0,0.11175937596230182,0.01146396213979731,5,3,Medium-gap
0100100011424,50.88376128014249,0.0,50.88376128014249,0.42731392032478344,1,1,Medium-gap
0100100011439,6534.559381934407,122060.0,0.05353519454972847,0.005643193075555365,4,3,Medium-gap
0100100011458,16696.391000027576,125665.0,0.13286323269641412,0.013498756629450836,5,4,Medium-gap
0100100011462,7054.7516058453,125155.0,0.056367665999594904,0.005933724156308553,4,4,Medium-gap
0100100011477,719.1421277596684,124745.0,0.0057648511997151685,0.0006220116800685837,1,4,Low-gap
0100100011481,186.05109059716185,0.0,186.05109059716185,0.5660772212598981,1,1,Medium-gap
0100100011509,3150.4213301687228,127145.0,0.02477798224221543,0.0026484968872939685,3,5,Medium-gap
0100100011528,12768.800463691494,123715.0,0.10321058281622017,0.010628689254767029,5,3,Medium-gap
0100100011547,4097.820902103041,126335.0,0.032435892398865254,0.0034541017644155497,3,4,Medium-gap
0100100011551,587.3528305422043,126215.0,0.004653552881902487,0.0005023834964826464,1,4,Low-gap
0100100011636,2568.704661660871,125625.0,0.020447237527748005,0.0021902375187368133,2,4,Low-gap
0100100011674,5282.270316217426,123395.0,0.04280746795858396,0.0045357064927892005,4,3,Medium-gap
0100100011689,8908.353349614228,122975.0,0.07243977157830982,0.007567655892248799,5,3,Medium-gap
0100100011693,5854.28384893836,124120.0,0.04716594169349554,0.004987025434078753,4,4,Medium-gap
0100100011710,5437.461064505333,123460.0,0.04404193279258497,0.004663726227558517,4,3,Medium-gap
0100100011744,10659.374367712076,123015.0,0.08665030864043764,0.008992066697222207,5,3,Medium-gap
0100100011782,1807.5045944892704,0.0,1807.5045944892704,0.8115874569246722,2,1,Medium-gap
0100100011956,0.0,0.0,0.0,0.0,1,1,Medium-gap
0100100011960,0.0,0.0,0.0,0.0,1,1,Medium-gap
0100100011975,11323.035950683545,127230.0,0.08899588897897168,0.00922538642842525,5,5,Medium-gap
0100100011994,1094.6154716807127,128055.0,0.008547943647159936,0.0009210248082003155,2,5,Low-gap
0100100012009,5029.787584936302,128190.0,0.03923666704321131,0.004164542882470252,4,5,Medium-gap
0100100012013,2717.3685634659078,127955.0,0.021236742032150955,0.002273924012294189,3,5,Medium-gap
0100100012028,2171.704963070564,128090.0,0.016954391511273738,0.001819221658708752,2,5,Low-gap
0100100012032,4549.325021317005,126315.0,0.036015429726376745,0.003828618546244956,3,4,Medium-gap
0100100012047,3651.5860267339904,125845.0,0.0290163058558396,0.003095105451911093,3,4,Medium-gap
0100100012051,6629.297277148481,125435.0,0.052850037287130336,0.005572798087705697,4,4,Medium-gap
0100100012066,9210.728521847075,121695.0,0.07568637031494113,0.007894739232549226,5,3,Medium-gap
0100100012070,1509.5287803315734,125845.0,0.011995047759416854,0.0012902369588472702,2,4,Low-gap
0100100012085,1695.5455963431646,123135.0,0.013769698515001011,0.001479826012637673,2,3,Medium-gap
0100100012102,329.7681954692772,121405.0,0.002716242981971873,0.0002935206915655914,1,3,Medium-gap
0100100012117,4252.2288019558,127385.0,0.033380660370494405,0.003553076123441769,3,5,Medium-gap
0100100012121,5467.043087927858,126135.0,0.04334244853117158,0.0045912050591508545,4,4,Medium-gap
0100100012136,3402.345888348289,125885.0,0.0270271983250583,0.002885735016587699,3,4,Medium-gap
0100100012140,5048.763626467453,128345.0,0.0393371326450957,0.004175003111669367,4,5,Medium-gap
0100100012155,7543.264688481866,126985.0,0.059402333237379444,0.0062441316361196144,5,5,Medium-gap
0100100012174,7780.219888753608,125665.0,0.06191189254654089,0.0065001563684626415,5,4,Medium-gap
0100100012189,6114.9097470769175,126335.0,0.04840195785110275,0.005114672759593931,4,4,Medium-gap
0100100012193,10178.8673449142,122270.0,0.08324841822602416,0.00865277715876572,5,3,Medium-gap
0100100012206,8931.384969176836,123015.0,0.07260344157814297,0.007584168752129445,5,3,Medium-gap
0100100012210,9196.41654516661,118735.0,0.07745263900726494,0.008072270174643981,5,3,Medium-gap
0100100012225,6285.880654595414,115610.0,0.054370956523128545,0.0057289996604512955,4,2,High-gap
0100100012259,1710.370312755248,126695.0,0.013499797252914442,0.0014510133966550113,2,5,Low-gap
0100100012263,0.0,124820.0,0.0,0.0,1,4,Low-gap
0100100012278,7089.936099733745,128445.0,0.05519779595887568,0.005813823275774051,5,5,Medium-gap
0100100012282,6154.012412175459,126180.0,0.048771307979612294,0.0051527875209378534,4,4,Medium-gap
0100100012297,6846.375839995799,127385.0,0.05374511987185247,0.005664752232705671,4,5,Medium-gap
0100100012314,5600.16386497336,127030.0,0.04408501755456039,0.004668191583243816,4,5,Medium-gap
0100100012329,6506.246238236588,125135.0,0.05199340108551167,0.005484720399197997,4,4,Medium-gap
0100100012333,4544.671243764094,125530.0,0.036203577154361025,0.0038482680638437282,3,4,Medium-gap
0100100012348,6710.331158534725,123375.0,0.054389274725511645,0.005730879604434763,4,3,Medium-gap
0100100012352,6775.06529498794,126805.0,0.05342858614724808,0.0056322428358919875,4,5,Medium-gap
0100100012367,6339.446781982921,126650.0,0.05005445501403795,0.005285096509901287,4,5,Medium-gap
0100100012371,91.69328536039544,11770.0,0.0077897617331064,0.0008396482292971615,1,2,Medium-gap
0100100012386,316.633306475258,117940.0,0.0026846754434442476,0.0002901140317446648,1,3,Medium-gap
0100100012390,0.0,122390.0,0.0,0.0,1,3,Medium-gap
0100100012403,0.0,116965.0,0.0,0.0,1,2,Medium-gap
0100100012422,3659.161809371498,127385.0,0.02872499183090369,0.003064467489323779,3,5,Medium-gap
0100100012456,0.0,0.0,0.0,0.0,1,1,Medium-gap
0100100012460,2572.9663638893167,126335.0,0.020366058478100593,0.0021816289699199114,2,4,Low-gap
0100100012475,2137.362689241517,126335.0,0.016918081063525176,0.001815358014341326,2,4,Low-gap
0100100012494,7524.960000578384,118155.0,0.06368665155030963,0.0066808519377893035,5,3,Medium-gap
0100100012507,6841.434766076292,122665.0,0.055772869141215105,0.0058727795712219645,4,3,Medium-gap
0100100012511,3195.601233654021,125530.0,0.025456669935346815,0.0027201369040993364,3,4,Medium-gap
0100100012526,1440.546919759622,0.0,1440.546919759622,0.787047671187243,2,1,Medium-gap
0100100012564,6536.938108882903,127185.0,0.051396679735842804,0.005423324265213104,4,5,Medium-gap
0100100012579,7125.779127175744,126470.0,0.05634318639985249,0.005931216583752905,5,4,Medium-gap
0100100012583,6526.103135566527,127185.0,0.05131148975175355,0.005414556300486812,4,5,Medium-gap
0100100012598,5136.2658144224,128245.0,0.04005010537889992,0.004249207027289011,4,5,Medium-gap
0100100012600,5643.797944973105,128090.0,0.044060846936733296,0.0046656865345176945,4,5,Medium-gap
0100100012634,4836.096886274795,124245.0,0.03892356201628056,0.004131936676095237,4,4,Medium-gap
0100100012649,3236.7063593897137,125200.0,0.025852080729304987,0.0027618532972617203,3,4,Medium-gap
0100100012668,7236.729250677203,125865.0,0.05749550514576774,0.006049191610849935,5,4,Medium-gap
0100100012672,2701.6845632051563,126335.0,0.02138491453904791,0.0022896229026378935,3,4,Medium-gap
0100100012687,3601.3218918767507,124745.0,0.028869237425462546,0.0030796391137870712,3,4,Medium-gap
0100100012691,5784.746383601213,125710.0,0.0460162307483133,0.004868155795857704,4,4,Medium-gap
0100100012704,10182.83925396179,125730.0,0.08098908983434308,0.00842685238460215,5,4,Medium-gap
0100100012719,17123.767437842856,125355.0,0.13660109957116418,0.013855199653481443,5,4,Medium-gap
0100100012723,10522.693784904652,125355.0,0.0839424820902442,0.008722086462947002,5,4,Medium-gap
0100100012761,4017.850913487818,124280.0,0.03232876234893361,0.0034428730507045416,3,4,Medium-gap
0100100012780,5596.737082776216,126985.0,0.04407365444045971,0.004667013914550476,4,5,Medium-gap
0100100012795,8542.283562146738,127970.0,0.06675171376442114,0.006992209829666189,5,5,Medium-gap
0100100012808,8373.659401172492,125860.0,0.06653100961515078,0.006969819971521551,5,4,Medium-gap
0100100012812,7760.204177938048,126500.0,0.06134500263190052,0.006442375314882675,5,4,Medium-gap
0100100012831,3303.783298191636,116795.0,0.02828678463467615,0.0030183641914675392,3,2,Medium-gap
0100100012846,2338.513096199335,121005.0,0.01932559622001665,0.0020712335366086377,2,3,Medium-gap
0100100012850,8911.890706620017,124945.0,0.07132593845837415,0.007455212974818228,5,4,Medium-gap
0100100012865,7621.254239589164,125625.0,0.06066621749947594,0.0063731485687629815,5,4,Medium-gap
0100100012884,1576.1456508670362,125155.0,0.012593448583104575,0.0013542022953711038,2,4,Low-gap
0100100012920,703.0149494281771,125695.0,0.005592977894508792,0.0006035186384037235,1,4,Low-gap
0100100012935,1802.8311788601636,124745.0,0.014452015927245472,0.0015526308609384472,2,4,Low-gap
0100100012954,8416.729626978331,125355.0,0.06714261484873744,0.007031854355644389,5,4,Medium-gap
0100100012969,7163.099375326583,124945.0,0.05732956137312585,0.006032210121796715,5,4,Medium-gap
0100100012973,6005.414118257166,125355.0,0.04790687416842565,0.005063561967042398,4,4,Medium-gap
0100100012988,1201.0795885530506,125155.0,0.009596660076648746,0.0010334840337875464,2,4,Low-gap
0100100012992,2918.865911800704,0.0,2918.865911800704,0.863423121140018,3,1,Medium-gap
0100100013011,7653.001646045197,123540.0,0.061947059243855865,0.006503739767484212,5,3,Medium-gap
0100100013045,7657.919272596552,118610.0,0.06456331430134264,0.006769997391993736,5,3,Medium-gap
0100100013064,3874.3184648049473,119405.0,0.032446597866145316,0.0034552237816956734,3,3,Medium-gap
0100100013079,2611.1804149263157,119785.0,0.021798711159286693,0.0023334526335428043,2,3,Medium-gap
0100100013083,1372.8564522883398,123560.0,0.011110758672140399,0.0011956426615582242,2,3,Medium-gap
0100100013098,484.5078830536115,120645.0,0.004015946513383051,0.0004336871825825615,1,3,Medium-gap
0100100013115,4067.420961026861,126115.0,0.0322514269484194,0.003434766504877688,3,4,Medium-gap
0100100013149,4059.8771900981,121820.0,0.03332657907994599,0.0035474129828343293,3,3,Medium-gap
0100100013153,1808.6712063898756,0.0,1808.6712063898756,0.81165723612874,2,1,Medium-gap
0100100013168,6653.122184154107,128445.0,0.05179703676373034,0.005464520492429438,4,5,Medium-gap
0100100013172,1553.903937894512,127185.0,0.012217570628013397,0.0013140276896280321,2,5,Low-gap
0100100013187,5420.632778842076,127230.0,0.04260465435972425,0.004514659287464968,4,5,Medium-gap
0100100013191,5098.460179080317,121685.0,0.041898494313892455,0.004441344790084122,4,3,Medium-gap
0100100013204,2973.058213861253,122055.0,0.02435814883218566,0.0026041569116574126,3,3,Medium-gap
0100100013219,1907.3492240542175,128325.0,0.014863310818183513,0.0015964933268697657,2,5,Low-gap
0100100013223,5867.781886775604,127230.0,0.046119121022200595,0.004878799034604642,4,5,Medium-gap
0100100013238,3513.45446858738,123165.0,0.02852617174047529,0.0030435522802457374,3,3,Medium-gap
0100100013242,3019.703660387824,80.0,37.280292103553386,0.39441105055188963,3,1,Medium-gap
0100100013257,4649.935197797449,125215.0,0.03713531176365201,0.003945522903428744,3,4,Medium-gap
0100100013261,8612.115714776051,127970.0,0.06729740108912216,0.007047548500500188,5,5,Medium-gap
0100100013276,7581.996196844332,123975.0,0.06115696745212244,0.006423202747737604,5,3,Medium-gap
0100100013280,1873.481992045816,127030.0,0.014748226748162386,0.0015842219993172702,2,5,Low-gap
0100100013295,2746.166391120843,128245.0,0.021413271299852182,0.0022926270443468584,3,5,Medium-gap
0100100013308,9782.755166814211,123540.0,0.07918630387332312,0.008246241253658205,5,3,Medium-gap
0100100013312,10005.18168403576,124945.0,0.08007604632429818,0.00833541729364283,5,4,Medium-gap
0100100013327,8651.290507019588,124945.0,0.06924023583803875,0.0072443437873926115,5,4,Medium-gap
0100100013331,7068.2067087446885,124825.0,0.056624474939072696,0.005960026928067979,4,4,Medium-gap
0100100013346,3975.3657654748886,125235.0,0.03174299534858099,0.003381455940173559,3,4,Medium-gap
0100100013350,0.0,115470.0,0.0,0.0,1,2,Medium-gap
0100100013365,244.6001588626277,0.0,244.6001588626277,0.5955447467835405,1,1,Medium-gap
0100100013399,7040.952602106268,124945.0,0.056351964865672115,0.005932115814287488,4,4,Medium-gap
0100100013401,1070.539579959359,0.0,1070.539579959359,0.754950988301702,2,1,Medium-gap
0100100013454,342.716034443259,107540.0,0.003186840688139956,0.00034429325917250357,1,2,Medium-gap
0100100013488,0.0,0.0,0.0,0.0,1,1,Medium-gap
0100100013492,7656.454658349963,88555.0,0.08645890350004476,0.008973005011540343,5,2,High-gap
0100100013505,7884.66729200082,112840.0,0.06987413521681676,0.007308475906738547,5,2,High-gap
0100100013524,126.34406272812588,122740.0,0.001029355005484116,0.0001113271312176253,1,3,Medium-gap
0100100013539,2804.145583814497,114360.0,0.024520121228517565,0.002621265497396532,3,2,Medium-gap
0100100013562,153.48458733336346,123165.0,0.0012461603635204803,0.00013476053816691277,1,3,Medium-gap
0100100013577,1244.675417618835,123975.0,0.010039648138501282,0.0010809528190816981,2,3,Medium-gap
0100100013581,1878.1686930574087,123975.0,0.015149453870566954,0.0016269985143440046,2,3,Medium-gap
0100100013596,1385.4787397724217,115695.0,0.011975165431582956,0.0012881110121453962,2,2,Medium-gap
0100100013609,1818.4904122237065,120570.0,0.015082320062234754,0.0016198422739222903,2,3,Medium-gap
0100100013613,5015.463046295188,123540.0,0.04059755907994259,0.004306149735899674,4,3,Medium-gap
0100100013670,0.0,0.0,0.0,0.0,1,1,Medium-gap
0100100013685,2683.0388278557134,97030.0,0.027651357069964376,0.0029514766428988043,2,2,Medium-gap
0100100013702,7830.458500947779,112630.0,0.06952311975342293,0.007272968081207012,5,2,High-gap
0100100013717,6783.785642909411,112415.0,0.06034537470564164,0.006340411596588792,4,2,High-gap
0100100013721,10489.628615316278,122850.0,0.08538496728000812,0.008865991360262645,5,3,Medium-gap
0100100013736,3971.703426334591,120750.0,0.03289168144640285,0.0035018617522425428,3,3,Medium-gap
0100100013740,1423.1935853736095,123975.0,0.01147958948000911,0.0012351073358493694,2,3,Medium-gap
0100100013755,3796.145401556481,120630.0,0.031469070152419204,0.0033527231782963735,3,3,Medium-gap
0100100013774,2732.158662896049,125335.0,0.021798674466203236,0.002333448747763518,3,4,Medium-gap
0100100013789,4936.907458233315,123915.0,0.03984075872553435,0.004227424175555854,4,3,Medium-gap
0100100013793,3891.273050644813,123270.0,0.0315668166125432,0.0033629769469528175,3,3,Medium-gap
0100100013806,4541.281553391096,123270.0,0.03683982082883319,0.003914688902670614,3,3,Medium-gap
0100100013810,1400.3164390476045,0.0,1400.3164390476045,0.7839848793002814,2,1,Medium-gap
0100100013825,6742.219485098754,123540.0,0.05457475239069422,0.005749912799916388,4,3,Medium-gap
0100100013844,161.0362837210833,0.0,161.0362837210833,0.5505427214824671,1,1,Medium-gap
0100100013859,0.0,117590.0,0.0,0.0,1,2,Medium-gap
0100100013863,6314.208686605524,0.0,6314.208686605524,0.9468972520959138,4,1,High-gap
0100100013878,2296.570057621475,120255.0,0.019097342815505878,0.0020470002551496564,2,3,Medium-gap
0100100013882,15605.36818074008,122180.0,0.1277233627220278,0.013006693310522345,5,3,Medium-gap
0100100013897,7393.348113163082,117650.0,0.06284135377653469,0.006594826300191987,5,3,Medium-gap
0100100013914,126.10929908062155,0.0,126.10929908062155,0.5242727531587794,1,1,Medium-gap
0100100013971,5105.693364104701,123540.0,0.04132792647060248,0.004382071356445259,4,3,Medium-gap
0100100013986,1383.2845563653864,122865.0,0.011258481242698438,0.0012114506156009966,2,3,Medium-gap
0100100013990,4754.28234368917,123540.0,0.03848343743121045,0.004086086257683513,4,3,Medium-gap
0100100014005,167.12250884160616,111185.0,0.0015030894972533067,0.00016252415460631388,1,2,Medium-gap
0100100014024,29.52673426461524,94285.0,0.00031316138413566426,3.3881253823775606e-05,1,2,Medium-gap
0100100014039,0.0,111270.0,0.0,0.0,1,2,Medium-gap
0100100014043,90.98292974241532,0.0,90.98292974241532,0.48927349822104776,1,1,Medium-gap
0100100014058,499.5767815335298,122440.0,0.00408014293850532,0.0004406057410073816,1,3,Medium-gap
0100100014062,6785.9812645480815,97030.0,0.06993621898721111,0.007314754929511445,4,2,High-gap
0100100014077,2539.316800934588,120495.0,0.02107386801997235,0.002256664867956633,2,3,Medium-gap
0100100014081,0.0,120940.0,0.0,0.0,1,3,Medium-gap
0100100014096,766.8270419380489,42050.0,0.018235643431501008,0.0019554661268187247,1,2,Medium-gap
0100100014109,2802.441163873299,119240.0,0.02350232859396767,0.0025137146379678676,3,3,Medium-gap
0100100014113,801.7529727411888,105555.0,0.007595522497453378,0.0008187904466614123,1,2,Medium-gap
0100100014128,1227.3658103996634,122440.0,0.01002414069143231,0.0010792914562792976,2,3,Medium-gap
0100100014132,2722.329325662601,114185.0,0.023841183031742957,0.0025495334950245857,3,2,Medium-gap
0100100014147,0.0,116660.0,0.0,0.0,1,2,Medium-gap
0100100014151,51.0124081154698,106880.0,0.00047728228698711467,5.163342809250078e-05,1,2,Medium-gap
0100100014202,2095.3235074988056,100705.0,0.020806342298361622,0.0022283102013470535,2,2,Medium-gap
0100100014217,4258.176140716351,81190.0,0.05244640589124843,0.005531306414653776,3,2,Medium-gap
0100100014255,2766.730216050041,0.0,2766.730216050041,0.8576328987560263,3,1,Medium-gap
0100100014306,306.02744259736204,0.0,306.02744259736204,0.6197002604680637,1,1,Medium-gap
0100100014325,4456.278666528074,116390.0,0.03828714132989727,0.004065630648794644,3,2,Medium-gap
0100100014344,282.0788588980709,0.0,282.0788588980709,0.6109125155520101,1,1,Medium-gap
0100100014359,5145.3567151935495,0.0,5145.3567151935495,0.9247501345562975,4,1,High-gap
0100100014363,4725.266947711476,0.0,4725.266947711476,0.9155358611520277,4,1,High-gap
0100100014378,1062.1250820031107,123270.0,0.008616179652984973,0.0009283456600980899,2,3,Medium-gap
0100100014414,476.73713569846456,117125.0,0.0040702929810500195,0.0004395442229912036,1,2,Medium-gap
0100100014429,66.79980703257246,0.0,66.79980703257246,0.45626534148767095,1,1,Medium-gap
0100100014433,14436.867373213703,98005.0,0.14730595446415223,0.014869565919511525,5,2,High-gap
0100100014448,2534.548657501124,113205.0,0.022388819121787928,0.0023959267338743567,2,2,Medium-gap
0100100014452,2358.0525912105877,116100.0,0.02031035556292011,0.0021757216153591302,2,2,Medium-gap
0100100014467,4767.429637177629,60165.0,0.07923793566428929,0.008251418152024776,4,2,High-gap
0100100014471,1024.5169429368798,0.0,1024.5169429368798,0.7502006957074925,2,1,Medium-gap
0100100014486,2989.524223812972,123350.0,0.02423591396756388,0.0025912438731743414,3,3,Medium-gap
0100100014490,364.2534811556911,0.0,364.2534811556911,0.6384910563764211,1,1,Medium-gap
0100100014503,0.0,0.0,0.0,0.0,1,1,Medium-gap
0100100014518,2005.7089134573905,122440.0,0.016381023623274805,0.0017581958404344503,2,3,Medium-gap
0100100014522,0.0,0.0,0.0,0.0,1,1,Medium-gap
0100100014537,232.50137037523683,0.0,232.50137037523683,0.5900784157226078,1,1,Medium-gap
0100100014556,0.0,123015.0,0.0,0.0,1,3,Medium-gap
0100100014560,116.15260415571652,123350.0,0.0009416429875373245,0.00010184533581422477,1,3,Medium-gap
0100102374594,933.7921402780784,0.0,933.7921402780784,0.7401776179109972,2,1,Medium-gap
0100102394185,1087.570759342885,0.0,1087.570759342885,0.7566573340929581,2,1,Medium-gap
0100102933666,4019.046120524758,63905.0,0.0628899652696892,0.0065997753274822536,3,2,Medium-gap
0100102933929,5661.758147590193,90755.0,0.0623843949445788,0.006548293276690825,4,2,High-gap
0100103574166,2306.9013404982925,0.0,2306.9013404982925,0.8379727038935014,2,1,Medium-gap
0100103574170,3968.4661118317513,122440.0,0.032411252046551,0.003451519217234822,3,3,Medium-gap
0100103574289,0.0,0.0,0.0,0.0,1,1,Medium-gap
0100103574293,39.00745842730522,0.0,39.00745842730522,0.3991863441759837,1,1,Medium-gap
0100103574382,306.2212672821397,0.0,306.2212672821397,0.61976854999534,1,1,Medium-gap
0100103674607,1765.693900201146,0.0,1765.693900201146,0.8090564328329213,2,1,Medium-gap
0100103674611,1145.660650951066,0.0,1145.660650951066,0.7622828859802401,2,1,Medium-gap
0100104792742,2849.7546689030546,111275.0,0.025609787096076912,0.002736292887359621,3,2,Medium-gap
0100104792757,2140.8082950643284,0.0,2140.8082950643284,0.8298908526006447,2,1,Medium-gap
0100104792899,344.1265098263949,122440.0,0.0028105496510678197,0.00030369730309503444,1,3,Medium-gap
0100104793416,0.0,70015.0,0.0,0.0,1,2,Medium-gap
0100104793933,2188.494495168936,0.0,2188.494495168936,0.8322736163188229,2,1,Medium-gap
0100110253948,6306.9879124898025,116975.0,0.05391693947895126,0.005682394768346744,4,2,High-gap
0100110253952,0.0,118660.0,0.0,0.0,1,3,Medium-gap
0100110253967,0.0,120155.0,0.0,0.0,1,3,Medium-gap
0100110254541,0.0,0.0,0.0,0.0,1,1,Medium-gap
0100123714575,3633.6367557299695,111565.0,0.0325693917119012,0.003468092711783603,3,2,Medium-gap
0100500010020,15032.792872449774,78790.0,0.19079327426292056,0.018895244060438725,5,2,High-gap
0100500010124,2075.1374977855694,0.0,2075.1374977855694,0.8265211183753675,2,1,Medium-gap
0100500010158,4154.18091885598,41175.0,0.10088840389683262,0.010400679198026973,3,2,Medium-gap
0100500010177,1653.963120759483,0.0,1653.963120759483,0.8019870737140966,2,1,Medium-gap
0100500010228,1124.547448291176,97990.0,0.011476027883082895,0.0012347263159378748,2,2,Medium-gap
0100500010247,6881.78705699491,76045.0,0.09049505637370683,0.009374248612387195,4,2,High-gap
0100500010251,6369.543111034272,92100.0,0.0691582405297909,0.007236045477953052,4,2,High-gap
0100500010355,256.713818656135,100880.0,0.0025447192103184445,0.0002750091460852176,1,2,Medium-gap
0100500010374,5901.311661182186,100995.0,0.05843114243318732,0.006144888142997636,4,2,High-gap
0100500010482,2969.6228184911483,28970.0,0.10250329013465702,0.010559292483796327,3,2,Medium-gap
0100500010497,8173.966603475238,71685.0,0.11402458783409924,0.01168421179060154,5,2,High-gap
0100500010514,6004.87219615195,715.0,8.386693011385406,0.24230936251005536,4,2,High-gap
0100500010533,10315.121753880345,0.0,10315.121753880345,1.0,5,1,High-gap
0100500010548,11660.56285156186,75150.0,0.1551617789724935,0.015607961628601796,5,2,High-gap
0100500010552,5663.493004412599,0.0,5663.493004412599,0.9351303484035879,4,1,High-gap
0100500010571,366.14458702336873,0.0,366.14458702336873,0.6390498595653505,1,1,Medium-gap
0100500010586,0.0,106850.0,0.0,0.0,1,2,Medium-gap
0100500010622,0.0,91840.0,0.0,0.0,1,2,Medium-gap
0100500010637,3246.3873026461115,37810.0,0.08585827676195053,0.008913167889877583,3,2,Medium-gap
0100500010641,4123.972029092367,0.0,4123.972029092367,0.9008113071875933,3,1,Medium-gap
0100500010656,953.0691330094104,0.0,953.0691330094104,0.7423863526323676,2,1,Medium-gap
0100500010660,0.0,11475.0,0.0,0.0,1,2,Medium-gap
0100500010675,0.0,11475.0,0.0,0.0,1,2,Medium-gap
0100500010694,0.0,0.0,0.0,0.0,1,1,Medium-gap
0100500010707,0.0,0.0,0.0,0.0,1,1,Medium-gap
0100500410302,943.9693061012272,510.0,1.8472980549926168,0.11322563045917,2,1,Medium-gap
0100500410317,191.49308262266453,510.0,0.37474184466274857,0.034438914955626385,1,1,Medium-gap
0100500410389,5260.335585339728,53660.0,0.09802902639421046,0.01011926106506058,4,2,High-gap
0100500410393,4572.051776172631,79245.0,0.05769441708316674,0.0060695433130312695,3,2,Medium-gap
0100500410406,9068.67824540662,0.0,9068.67824540662,0.9860659400876479,5,1,High-gap
0100500410463,541.1279433534676,98355.0,0.0055017278392113095,0.0005936991271424883,1,2,Medium-gap
0100500410478,2925.614476450008,78405.0,0.03731365554230554,0.003964128537206876,3,2,Medium-gap
0100502450590,90.84544469986912,0.0,90.84544469986912,0.48911164093831117,1,1,Medium-gap
0100502450603,2683.602939898698,0.0,2683.602939898698,0.8543331256596678,2,1,Medium-gap
0100504270444,1777.9225860391823,32690.0,0.0543856898240856,0.005730511698968927,2,2,Medium-gap
0100504270459,3143.1969809300244,105540.0,0.029781762357093684,0.0031755684188771852,3,2,Medium-gap
0100504680618,2301.086800965248,0.0,2301.086800965248,0.8376997401231163,2,1,Medium-gap
0100504820711,4575.664871386291,11225.0,0.4075953029918307,0.036994443769667276,3,2,Medium-gap
0101100010013,3962.015792615911,0.0,3962.015792615911,0.8964771515471077,3,1,Medium-gap
0101100010028,4363.18875238178,0.0,4363.18875238178,0.9069113239505897,3,1,Medium-gap
0101100010032,4733.817128682679,0.0,4733.817128682679,0.9157314408548933,4,1,High-gap
0101100010051,3134.03654864132,0.0,3134.03654864132,0.8711170475630363,3,1,Medium-gap
0101100010066,3897.880566080508,0.0,3897.880566080508,0.8947116495566015,3,1,Medium-gap
0101100010070,8036.460714471988,0.0,8036.460714471988,0.9729918645960897,5,1,High-gap
0101100010117,4767.821921154652,0.0,4767.821921154652,0.9165057979953497,4,1,High-gap
0101100010121,3148.102873489351,0.0,3148.102873489351,0.8716014706299353,3,1,Medium-gap
0101100010140,1699.420093804618,0.0,1699.420093804618,0.8049191429101682,2,1,Medium-gap
0101100110193,1705.3876574101912,0.0,1705.3876574101912,0.8052982301208187,2,1,Medium-gap
0101100110206,1564.1345900495792,0.0,1564.1345900495792,0.7959483216568751,2,1,Medium-gap
0101100190155,5387.177992152847,0.0,5387.177992152847,0.9297188566837902,4,1,High-gap
0101100520174,4663.398869954455,0.0,4663.398869954455,0.914110037616298,4,1,High-gap
0101100520189,1866.535426225136,0.0,1866.535426225136,0.8150630207199768,2,1,Medium-gap
0101101280136,4946.873809891358,114820.0,0.04308335417642555,0.00456433031945818,4,2,High-gap
0101101380210,3398.359000418373,39360.0,0.08633822820605098,0.008960985454983635,3,2,Medium-gap
0101101380225,7567.558226907204,50505.0,0.1498348359978459,0.015107814491120475,5,2,High-gap
