route_id,modification_type,reason,current_score,proposed_score,overlap_route_id,detail
R_01,retire,"Route has low demand-gain (f1=0.005, score=0.111) with no high-scoring overlapping route. Consider service reduction or rerouting to higher-demand corridor.",0.11088178830403042,,,Reduce frequency or retire R_01; reallocate vehicles to higher-demand routes.
R_02,shortcut,Route detour_ratio=2.05 > 1.5. Current route_km=15.7km; estimated shortcut=8.4km (straight_line_km=7.7km x 1.1).,0.1997959570871533,,,Replace detoured alignment with direct route between highest-demand endpoints (~8.4km).
R_03,shortcut,Route detour_ratio=1.73 > 1.5. Current route_km=32.8km; estimated shortcut=20.8km (straight_line_km=18.9km x 1.1).,0.0735810045595672,,,Replace detoured alignment with direct route between highest-demand endpoints (~20.8km).
R_04,retire,"Route has low demand-gain (f1=0.008, score=0.113) with no high-scoring overlapping route. Consider service reduction or rerouting to higher-demand corridor.",0.11277948255201527,,,Reduce frequency or retire R_04; reallocate vehicles to higher-demand routes.
R_05,shortcut,Route detour_ratio=1.74 > 1.5. Current route_km=24.6km; estimated shortcut=15.5km (straight_line_km=14.1km x 1.1).,0.10581537585212314,,,Replace detoured alignment with direct route between highest-demand endpoints (~15.5km).
R_06,shortcut,Route detour_ratio=1.70 > 1.5. Current route_km=27.8km; estimated shortcut=18.0km (straight_line_km=16.3km x 1.1).,0.08432004632891202,,,Replace detoured alignment with direct route between highest-demand endpoints (~18.0km).
R_07,shortcut,Route detour_ratio=1.97 > 1.5. Current route_km=14.5km; estimated shortcut=8.1km (straight_line_km=7.4km x 1.1).,0.19591061580068864,,,Replace detoured alignment with direct route between highest-demand endpoints (~8.1km).
R_08,shortcut,Route detour_ratio=1.56 > 1.5. Current route_km=13.0km; estimated shortcut=9.2km (straight_line_km=8.3km x 1.1).,0.2335380550240232,,,Replace detoured alignment with direct route between highest-demand endpoints (~9.2km).
R_09,shortcut,Route detour_ratio=2.17 > 1.5. Current route_km=25.8km; estimated shortcut=13.1km (straight_line_km=11.9km x 1.1).,0.12405270265761409,,,Replace detoured alignment with direct route between highest-demand endpoints (~13.1km).
R_10N,retire,"Route has low demand-gain (f1=0.004, score=0.213) with no high-scoring overlapping route. Consider service reduction or rerouting to higher-demand corridor.",0.21342847360443148,,,Reduce frequency or retire R_10N; reallocate vehicles to higher-demand routes.
R_10S,shortcut,Route detour_ratio=1.64 > 1.5. Current route_km=16.3km; estimated shortcut=11.0km (straight_line_km=10.0km x 1.1).,0.1896475200256339,,,Replace detoured alignment with direct route between highest-demand endpoints (~11.0km).
R_11,shortcut,Route detour_ratio=1.54 > 1.5. Current route_km=28.6km; estimated shortcut=20.5km (straight_line_km=18.6km x 1.1).,0.08004242467716016,,,Replace detoured alignment with direct route between highest-demand endpoints (~20.5km).
R_12,shortcut,Route detour_ratio=2.66 > 1.5. Current route_km=22.1km; estimated shortcut=9.2km (straight_line_km=8.3km x 1.1).,0.1480590257440636,,,Replace detoured alignment with direct route between highest-demand endpoints (~9.2km).
R_14,shortcut,Route detour_ratio=2.01 > 1.5. Current route_km=15.8km; estimated shortcut=8.7km (straight_line_km=7.9km x 1.1).,0.22434039002231992,,,Replace detoured alignment with direct route between highest-demand endpoints (~8.7km).
R_16,shortcut,Route detour_ratio=1.86 > 1.5. Current route_km=22.6km; estimated shortcut=13.3km (straight_line_km=12.1km x 1.1).,0.1313730873313128,,,Replace detoured alignment with direct route between highest-demand endpoints (~13.3km).
R_18,shortcut,Route detour_ratio=1.55 > 1.5. Current route_km=19.0km; estimated shortcut=13.4km (straight_line_km=12.2km x 1.1).,0.146290685209305,,,Replace detoured alignment with direct route between highest-demand endpoints (~13.4km).
R_19,shortcut,Route detour_ratio=1.70 > 1.5. Current route_km=21.5km; estimated shortcut=14.0km (straight_line_km=12.7km x 1.1).,0.1267390982745602,,,Replace detoured alignment with direct route between highest-demand endpoints (~14.0km).
R_20N,shortcut,Route detour_ratio=3.32 > 1.5. Current route_km=18.3km; estimated shortcut=6.0km (straight_line_km=5.5km x 1.1).,0.15359585863527517,,,Replace detoured alignment with direct route between highest-demand endpoints (~6.0km).
R_20S,merge,Route overlaps 100.0% of served AGEBs with R_20N (Jaccard=1.00). Consolidation improves frequency without expanding coverage.,0.15353932138306145,,R_20N,Merge R_20S into R_20N; combine headways to improve service frequency.
R_23,shortcut,Route detour_ratio=2.07 > 1.5. Current route_km=29.2km; estimated shortcut=15.6km (straight_line_km=14.1km x 1.1).,0.08406322845895994,,,Replace detoured alignment with direct route between highest-demand endpoints (~15.6km).
R_24,retire,"Route has low demand-gain (f1=0.004, score=0.167) with no high-scoring overlapping route. Consider service reduction or rerouting to higher-demand corridor.",0.1670358160708192,,,Reduce frequency or retire R_24; reallocate vehicles to higher-demand routes.
R_25,retire,"Route has low demand-gain (f1=0.004, score=0.152) with no high-scoring overlapping route. Consider service reduction or rerouting to higher-demand corridor.",0.1515412837969429,,,Reduce frequency or retire R_25; reallocate vehicles to higher-demand routes.
R_27,shortcut,Route detour_ratio=1.99 > 1.5. Current route_km=19.0km; estimated shortcut=10.6km (straight_line_km=9.6km x 1.1).,0.17001116987506892,,,Replace detoured alignment with direct route between highest-demand endpoints (~10.6km).
R_28,shortcut,Route detour_ratio=1.61 > 1.5. Current route_km=29.5km; estimated shortcut=20.1km (straight_line_km=18.3km x 1.1).,0.08777698629684309,,,Replace detoured alignment with direct route between highest-demand endpoints (~20.1km).
R_29,shortcut,Route detour_ratio=2.27 > 1.5. Current route_km=17.4km; estimated shortcut=8.4km (straight_line_km=7.7km x 1.1).,0.1780673279623824,,,Replace detoured alignment with direct route between highest-demand endpoints (~8.4km).
R_30,shortcut,Route detour_ratio=2.02 > 1.5. Current route_km=24.6km; estimated shortcut=13.4km (straight_line_km=12.2km x 1.1).,0.13129037965398965,,,Replace detoured alignment with direct route between highest-demand endpoints (~13.4km).
R_33,retire,"Route has low demand-gain (f1=0.009, score=0.123) with no high-scoring overlapping route. Consider service reduction or rerouting to higher-demand corridor.",0.12268795586152689,,,Reduce frequency or retire R_33; reallocate vehicles to higher-demand routes.
R_34,retire,"Route has low demand-gain (f1=0.012, score=0.123) with no high-scoring overlapping route. Consider service reduction or rerouting to higher-demand corridor.",0.12289828880627857,,,Reduce frequency or retire R_34; reallocate vehicles to higher-demand routes.
R_35,shortcut,Route detour_ratio=1.73 > 1.5. Current route_km=21.2km; estimated shortcut=13.5km (straight_line_km=12.2km x 1.1).,0.13604679748650142,,,Replace detoured alignment with direct route between highest-demand endpoints (~13.5km).
R_36,shortcut,Route detour_ratio=1.89 > 1.5. Current route_km=14.1km; estimated shortcut=8.2km (straight_line_km=7.5km x 1.1).,0.19421200961506502,,,Replace detoured alignment with direct route between highest-demand endpoints (~8.2km).
R_37,shortcut,Route detour_ratio=1.79 > 1.5. Current route_km=27.4km; estimated shortcut=16.8km (straight_line_km=15.3km x 1.1).,0.10592934270274831,,,Replace detoured alignment with direct route between highest-demand endpoints (~16.8km).
R_38,retire,"Route has low demand-gain (f1=0.004, score=0.147) with no high-scoring overlapping route. Consider service reduction or rerouting to higher-demand corridor.",0.14698391338861846,,,Reduce frequency or retire R_38; reallocate vehicles to higher-demand routes.
R_39,shortcut,Route detour_ratio=1.64 > 1.5. Current route_km=16.9km; estimated shortcut=11.3km (straight_line_km=10.3km x 1.1).,0.1852019777514546,,,Replace detoured alignment with direct route between highest-demand endpoints (~11.3km).
R_40N,merge,Route overlaps 84.3% of served AGEBs with R_40S (Jaccard=0.84). Consolidation improves frequency without expanding coverage.,0.05531923914097486,,R_40S,Merge R_40N into R_40S; combine headways to improve service frequency.
R_40S,shortcut,Route detour_ratio=2.91 > 1.5. Current route_km=26.0km; estimated shortcut=9.8km (straight_line_km=8.9km x 1.1).,0.08894835721574451,,,Replace detoured alignment with direct route between highest-demand endpoints (~9.8km).
R_41ALAMEDA,merge,Route overlaps 75.0% of served AGEBs with R_24 (Jaccard=0.75). Consolidation improves frequency without expanding coverage.,0.14859402685034512,,R_24,Merge R_41ALAMEDA into R_24; combine headways to improve service frequency.
R_41PENAL,merge,Route overlaps 61.1% of served AGEBs with R_41ALAMEDA (Jaccard=0.61). Consolidation improves frequency without expanding coverage.,0.13922869086166853,,R_41ALAMEDA,Merge R_41PENAL into R_41ALAMEDA; combine headways to improve service frequency.
R_42,shortcut,Route detour_ratio=1.73 > 1.5. Current route_km=18.6km; estimated shortcut=11.8km (straight_line_km=10.7km x 1.1).,0.1749127111137816,,,Replace detoured alignment with direct route between highest-demand endpoints (~11.8km).
R_43N,shortcut,Route detour_ratio=1.92 > 1.5. Current route_km=15.5km; estimated shortcut=8.9km (straight_line_km=8.1km x 1.1).,0.1937454329184764,,,Replace detoured alignment with direct route between highest-demand endpoints (~8.9km).
R_43S,shortcut,Route detour_ratio=1.69 > 1.5. Current route_km=17.0km; estimated shortcut=11.0km (straight_line_km=10.0km x 1.1).,0.17767181401844398,,,Replace detoured alignment with direct route between highest-demand endpoints (~11.0km).
R_45,shortcut,Route detour_ratio=1.95 > 1.5. Current route_km=22.4km; estimated shortcut=12.7km (straight_line_km=11.5km x 1.1).,0.1452612618866999,,,Replace detoured alignment with direct route between highest-demand endpoints (~12.7km).
R_46,shortcut,Route detour_ratio=1.73 > 1.5. Current route_km=24.0km; estimated shortcut=15.2km (straight_line_km=13.8km x 1.1).,0.12585369147147246,,,Replace detoured alignment with direct route between highest-demand endpoints (~15.2km).
R_47,shortcut,Route detour_ratio=2.12 > 1.5. Current route_km=23.0km; estimated shortcut=11.9km (straight_line_km=10.8km x 1.1).,0.12564612323218421,,,Replace detoured alignment with direct route between highest-demand endpoints (~11.9km).
R_48,shortcut,Route detour_ratio=2.10 > 1.5. Current route_km=18.1km; estimated shortcut=9.5km (straight_line_km=8.6km x 1.1).,0.18015931736413393,,,Replace detoured alignment with direct route between highest-demand endpoints (~9.5km).
R_50,shortcut,Route detour_ratio=2.10 > 1.5. Current route_km=31.3km; estimated shortcut=16.4km (straight_line_km=14.9km x 1.1).,0.09474309058091629,,,Replace detoured alignment with direct route between highest-demand endpoints (~16.4km).
R_51,retire,"Route has low demand-gain (f1=0.010, score=0.218) with no high-scoring overlapping route. Consider service reduction or rerouting to higher-demand corridor.",0.21750183829184286,,,Reduce frequency or retire R_51; reallocate vehicles to higher-demand routes.
R_52,retire,"Route has low demand-gain (f1=0.007, score=0.275) with no high-scoring overlapping route. Consider service reduction or rerouting to higher-demand corridor.",0.2753292352523784,,,Reduce frequency or retire R_52; reallocate vehicles to higher-demand routes.
