cve_ageb,npp_score,equity_score,final_score,priority_rank,priority_quintile
1500501430501,0.517008520303291,0.1686283403451419,0.4473324843116612,314,3
1500500340380,0.5651855607428745,0.547664312353628,0.5616813110650253,53,5
1500500040215,0.5518881732807329,0.5259322517405022,0.5466969889726868,77,5
1500500350499,0.537438639413216,0.5863304178075072,0.5472169950920743,76,5
1500500370395,0.5578562176265947,0.5102706123918223,0.5483390965796402,74,5
1500500010361,0.5052408876467274,0.19211326975290693,0.4426153640679633,324,2
1500501650516,0.562082494962936,0.3137491632933308,0.512415828629015,151,4
1500500450342,0.5642110301550384,0.5234401204002169,0.5560568482040741,62,5
1500501650520,0.5258056770375282,0.32000664892641645,0.4846458714153059,216,3
1500500010450,0.5096104863513081,0.1950723831617585,0.44670286571339823,316,3
1500500010164,0.596379339951602,0.1788327625641261,0.5128700244741068,150,4
1500500160431,0.497373860656398,0.5675025643443339,0.5113996013939852,153,4
1500500320145,0.5222621496174122,0.3547212976437154,0.48875397922267294,201,4
1500500320484,0.505466225139701,0.17861704410907295,0.4400963889335754,330,2
1500501650535,0.4020434097973249,0.16694004041644817,0.3550227359211496,474,1
1500500320376,0.41448640604589215,0.2159002897557511,0.374769182787864,458,1
1500501650554,0.39613186385975085,0.17857049189322124,0.35261958946644495,475,1
1500501680573,0.4683703445781294,0.1949062541196424,0.4136775264864321,388,2
1500501680588,0.5250993778183851,0.21909975648973615,0.4638994535526554,279,3
1501800100228,0.42653624595041373,0.4971166202456334,0.4406523208094577,328,2
1501800100158,0.4945959572050242,0.3640045334007867,0.4684776724441767,257,3
1501800100213,0.3446658602975802,0.3306233536665648,0.3418573589713771,486,1
1501800080035,0.5830886868686284,0.36073652296165787,0.5386182540872343,88,5
1501800100143,0.6104508629703854,0.49628663258658756,0.5876180168936259,24,5
1501800060196,0.515675094144228,0.35922880731914836,0.4843858367792121,219,3
1501800110232,0.24857641227640498,0.0051363840967096,0.19988840664046592,533,1
1501800110247,0.2811055392336052,0.00502440131382935,0.22588931164965007,529,1
1501800360251,0.5045211455825663,0.18681769372381915,0.4409804552108169,326,2
1501800010139,0.6019402619745768,0.3428361976717388,0.5501194491140092,70,5
1501800010162,0.39966521049887777,0.5189462098996556,0.42352141037903335,370,2
1501800010124,0.633538594928076,0.36084999018164765,0.5790008739787903,35,5
1501800010177,0.552559721363815,0.3838657871310292,0.5188209345172579,128,4
1501800010209,0.3634776125194826,0.43217663279567214,0.3772174165747205,454,1
1501800400266,0.41815949150847037,0.01290765746965855,0.33710912470070803,490,1
1502200010108,0.12000144468408822,0.2056233536665648,0.13712582648058355,537,1
1502200010042,0.32463910867924684,0.33613079258862355,0.3269374454611222,500,1
1502200010057,0.3555542705132554,0.1966491799868346,0.3237732524079713,502,1
1502200010080,0.3705839247020879,0.3461863633760417,0.3657044124368787,465,1
1502200010076,0.11495010740743086,0.2056233536665648,0.13308475665925767,538,1
1502200010095,0.19934468328597665,0.19515527041006053,0.19850680071079344,534,1
1502200010061,0.38087278410618125,0.18823335433366745,0.3423448981516785,485,1
1502200010112,0.3987611658364601,0.3443327673537858,0.38787548613992523,433,1
1505100010256,0.5485614387887094,0.1663375371461385,0.47211665846019524,249,3
1505100200330,0.5690790225215488,0.32450672510283857,0.5201645630378069,123,4
1505100010453,0.3690652565548278,0.0052494960419645,0.29630210445225513,514,1
1505100240383,0.5643022205949384,0.3462433096710355,0.5206904384101578,121,4
1505100280415,0.48087014473372447,0.3450528954896602,0.45370669488491167,297,3
1505100260307,0.5058022909542651,0.3269433526690045,0.47003050329721296,255,3
1505100010275,0.5143545621309794,0.1788859188664071,0.447260833478065,315,3
1505100010186,0.4051023601495619,0.03424537034185975,0.3309309621880215,496,1
1505100010260,0.5219031626595124,0.17379669377889245,0.45228186888338845,304,3
1505100240379,0.5283444311246515,0.3451369497833386,0.49170293485638894,193,4
1505100260434,0.3921234690496241,0.3306233536665648,0.37982344597301226,451,1
1505100240491,0.36297735388360136,0.2056233536665648,0.3315065538401941,495,1
1505100070294,0.4849860803089098,0.3305362873674589,0.45409612172061964,295,3
1505100010472,0.42831403342604385,0.2056233536665648,0.3837758974741481,444,1
1505100240398,0.5555290119674263,0.3711199433158858,0.5186471982371182,129,4
1505100170400,0.5579080788036407,0.4968489429052634,0.5456962516239653,80,5
1505100260326,0.5164887075174814,0.3141815766352317,0.47602728134103156,239,3
1505100200449,0.2696544129320838,0.3306233536665648,0.28184820107898,519,1
1505100220364,0.6076867330215102,0.4801409235659484,0.5821775711303978,31,5
1505100010241,0.5710371063198729,0.1838390532123624,0.49359749569837086,188,4
1505100260311,0.5322769551706616,0.195785630526142,0.46497869024175775,270,3
1505100280504,0.3903829788016659,1.0,0.5123063830413328,152,4
1505100010468,0.48924253336326173,0.19206849038238474,0.42980772476708634,359,2
1505100260345,0.38723336326965174,0.18383727594860735,0.34655414580544286,482,1
1505100210078,0.5756159306348076,0.3679025869776873,0.5340732619033837,94,5
1505100860487,0.39297262086870294,0.0127503746302199,0.31692817162100634,509,1
1505400350417,0.3670825534028464,0.32589053993192807,0.35884415070866277,471,1
1505400350402,0.4992721034444682,0.32862708429710163,0.46514309961499495,269,3
1505400350648,0.5299331365364472,0.33999331247412545,0.49194517172398294,191,4
1505400470652,0.4988997938366981,0.22518875557651513,0.4441575861846615,321,3
1505400320031,0.591193769536979,0.36436863364277366,0.5458287423581379,79,5
1505400370968,0.5643346675178157,0.1764487673826297,0.4867574874907785,211,4
1505400381025,0.473828389355838,0.03423641835648885,0.3859099951559682,436,1
1505400491241,0.4823412939523083,0.0557039539439914,0.39701382595064494,418,2
1505400491203,0.4894283759517308,0.02536651470345385,0.3966160037020754,419,2
1505400491167,0.5521338711338954,0.16135658144567672,0.4739784131962517,248,3
1505400491222,0.3453235869553915,0.0067341923285377,0.27760570803002077,520,1
1505400491218,0.5139359534841538,0.1593766152000377,0.4430240858273306,323,3
1505400320794,0.37613832369288613,0.0188493058694962,0.3046805201282081,512,1
1505400340864,0.5407620614206801,0.1654836312690952,0.46570637539036314,268,3
1505400550775,0.20197548297964918,0.2056233536665648,0.20270505711703232,532,1
1505400350811,0.5634173366773215,0.3331989030465559,0.5173736499511684,134,4
1505400010332,0.5330897458017783,0.0448026012731489,0.43543231689605244,345,2
1505400381006,0.4663918127082665,0.01822365887234925,0.37675818194108307,455,1
1505400491133,0.5054984424597573,0.02010561986352265,0.4084198779405104,393,2
1505400340898,0.4833194265056413,0.03078349959594935,0.39281224112370294,421,2
1505400320760,0.4697768173082737,0.5022135159574606,0.4762641570381111,237,3
1505400381082,0.5154260497119947,0.1624445923944827,0.44482975824849236,319,3
1505400381097,0.5230049627907252,0.2133398406364744,0.46107193835987503,284,3
1505400430741,0.5458469096713852,0.33561087344291557,0.5037997024256913,165,4
1505400010563,0.5909114386462453,0.21509634996888805,0.5157484209107739,141,4
1505400010578,0.5835528955037964,0.1887576644304558,0.5045938492891283,163,4
1505400550506,0.5545595486627212,0.3538135236603595,0.5144103436622488,146,4
1505400491186,0.5104765706632142,0.1735650572908878,0.4430942679887489,322,3
1505400491237,0.4798681767898012,0.0378171864519725,0.3914579787222355,423,2
1505400470667,0.5763555330176031,0.34668964492393556,0.5304223553988696,102,5
1505400370915,0.5479121608293241,0.18250213343893346,0.474830155351246,243,3
1505400340879,0.41790312234481114,0.0192834956491609,0.3381791970056811,489,1
1505400010722,0.6142805441280335,0.20788681608887238,0.5330017985202012,97,5
1505400370949,0.5256818483651544,0.16263240130616036,0.4530719589533556,300,3
1505400431256,0.3970394188401691,0.36191647844031444,0.39001483076019816,431,1
1505400381078,0.5112101173132289,0.03935125334977865,0.4168383445205388,381,2
1505400491152,0.5108962508234703,0.03345899586762355,0.415408799832301,383,2
1505400370991,0.490396673010316,0.20804378051744782,0.43392609451174236,350,2
1505400381010,0.5206785935066061,0.0272845986354045,0.42199979453236575,376,2
1505400350633,0.5779255824862579,0.3306233536665648,0.5284651367223193,104,5
1505400491190,0.4977706265197891,0.16274285676213054,0.4307650725682574,358,2
1505400491129,0.49412766737900365,0.01527901152008575,0.3983579362072201,415,2
1505400491148,0.49909274891408684,0.05334618339979435,0.4099434358112284,392,2
1505400491114,0.539350722734951,0.1655551114763176,0.46459160048322434,271,3
1505400340826,0.5185899536201414,0.03810376443832425,0.42249271578377795,374,2
1505400340845,0.5320767665384699,0.0337752495784884,0.43241646314647364,352,2
1505400340830,0.47200161360487125,0.0385244302007701,0.38530617692405106,438,1
1505400340883,0.5328474262742815,0.0118400284540348,0.4286459467102322,363,2
1505400370972,0.45430463955315703,0.2008063642140002,0.40360498448532567,402,2
1505400340900,0.21168977378337706,0.013835364644549,0.17211889195561145,535,1
1505400370934,0.5328843714183096,0.0458533059579079,0.43547815832622927,344,2
1505400370953,0.5514389006932231,0.16423393974527145,0.47399790850363277,247,3
1505400381044,0.5143266027400649,0.0162596218234108,0.4147132065567341,384,2
1505400381059,0.5038319111867157,0.02089908743760825,0.4072453464368942,394,2
1505400370987,0.5323945955704696,0.17603441118448485,0.4611225586932727,283,3
1505400010703,0.5578773301206033,0.18545762277878125,0.4833933886522389,223,3
1505400010718,0.41125850186429863,0.1680953370545924,0.3626258689023574,468,1
1505400381063,0.5339302480958134,0.035355931382454,0.4342153847531415,347,2
1505400491171,0.5550220792837519,0.15663457760050994,0.4753445789471035,240,3
1505400010351,0.3192670202460089,0.0376580926713315,0.26294523473107345,524,1
1505400010510,0.4847137920012293,0.01658879289395645,0.39108879217977477,425,2
1505400410756,0.48902738627853853,0.19071975901413785,0.4293658608256584,360,2
1505400010737,0.5665466417086792,0.18816836723644853,0.49087098681423313,197,4
1505400010258,0.5123809481601397,0.17829437219475813,0.44556363296706336,317,3
1505400010281,0.4863910792116239,0.1926221559161237,0.42763729455252386,366,2
1505401061260,0.3987339496875617,0.01012070580609645,0.32101130091126867,505,1
1505500010058,0.6404454380423529,0.36209248235380714,0.5847748469046437,27,5
1505500010043,0.5518393446741998,0.2071037789740976,0.4828922315341794,225,3
1505500010062,0.5089256552794548,0.34854980582389117,0.47685048538834207,236,3
1506200010226,0.5215099855963794,0.20752672800966193,0.4587133340790359,289,3
1506200220067,0.5748445855218333,0.3706475104073699,0.5340051704989406,95,5
1506200220141,0.38178340440063463,0.5360598306468427,0.41263868964987627,389,2
1506200200279,0.3639073775276286,0.4799978691740781,0.3871254758569185,435,1
1506200010118,0.5045082040210769,0.37657861159344674,0.47892228553555083,234,3
1506200010211,0.47695735751631113,0.2077007770705232,0.4231060414271536,371,2
1506200010298,0.31060658989686646,0.39696793707052336,0.3278788593315979,499,1
1506200220160,0.3000277184522682,0.5333859588032909,0.3466993665224728,481,1
1506200230033,0.5564410936544573,0.34052813379619473,0.5132585016828047,147,4
1506200140315,0.4488412255093478,0.3590483278070739,0.43088264596889303,356,2
1506200220283,0.4411465418134587,0.5579727407419297,0.4645117815991529,272,3
1506200010194,0.5399371626153949,0.1983157068105123,0.47161287145441844,250,3
1506200200122,0.3577181229113797,0.4556233536665648,0.3772991690624168,453,1
1506200010245,0.4872352909578934,0.20522409904821326,0.4308330525759574,357,2
1506200010175,0.5433923023554791,0.20735332501921222,0.4761845068882257,238,3
1506200140300,0.4089815290160919,0.3643302124303227,0.4000512656989381,409,2
1506200200137,0.5588235238407798,0.5064500524428432,0.5483488295611926,73,5
1506200010207,0.5625850088071555,0.2054328973394448,0.4911545865136133,195,4
1506200200048,0.6279754515518076,0.5076081366232484,0.6039019885660957,13,5
1506200010264,0.3858628128408354,0.1995542663152241,0.34860110353571316,477,1
1506200010230,0.5475689586472304,0.364830125967914,0.5110211921113671,155,4
1506700050218,0.5641703181039855,0.3410279854641501,0.5195418515760185,125,4
1506700050222,0.42749175967723396,0.47700109872482505,0.43739362748675226,338,2
1506700130260,0.5033009814999291,0.362643522103685,0.4751694896206803,241,3
1506700150275,0.5415953881766411,0.34132603167936193,0.5015415168771853,169,4
1506700120186,0.6213731570855249,0.740446459054509,0.6451878174793217,3,5
1506700010203,0.5189891491835693,0.3474094118640765,0.48467320171967077,215,4
1506700010190,0.5566725820539393,0.208584878735764,0.4870550413903043,208,4
1506700140148,0.5842866427987198,0.6182123017728542,0.5910717745935467,21,5
1507200010078,0.4706174862903562,0.3221747008906301,0.440928929210411,327,2
1507200010097,0.36275643532768415,0.48485992942158207,0.38717713414646376,434,1
1507200010059,0.6155663713360824,0.32970136462230554,0.558393369993327,58,5
1507200010082,0.32796909721555045,0.3292054028240575,0.3282163583372519,498,1
1507200010063,0.588926435936341,0.3278534581264451,0.5367118403743618,91,5
1507200170114,0.5592151653786642,0.343386491259933,0.5160494305549179,140,4
1507600010378,0.39262717605618447,0.3818936382448011,0.39048046849390783,428,2
1507600010310,0.537275813579589,0.34902246762631917,0.49962514438893507,174,4
1507600010147,0.5268774940724228,0.02589246419497455,0.42668048809693315,368,2
1507600010132,0.5411787611686292,0.33932697028350306,0.500808402991604,172,4
1507600010109,0.6179294164675123,0.3596051270326399,0.5662645585805378,46,5
1507600010414,0.5701407067649856,0.34524513224964176,0.5251615918619169,108,5
1507600010306,0.5784498773391523,0.33631314094810894,0.5300225300609437,103,5
1507600010382,0.573149927020515,0.5189002569554011,0.5622999930074923,51,5
1507600010058,0.5575216376651738,0.3598226677972476,0.5179818436915886,131,4
1507600120397,0.2836028319782786,0.19567078254043013,0.26601642209070897,523,1
1507600010202,0.5182830082828781,0.5002235939224982,0.5146711254108022,145,4
1507600010359,0.6311988438147953,0.35273147649107545,0.5755053703500513,40,5
1507600010096,0.6359455502925332,0.35535366524886236,0.5798271732837991,34,5
1507600010185,0.5674562590770869,0.3349497937916805,0.5209549660200056,120,4
1507600010363,0.3810887214329868,0.19095286864744626,0.3430615508758787,484,1
1507600010325,0.5714881787799255,0.35373717981978203,0.5279379789878968,105,5
1507600010113,0.5804640358489208,0.34161903679515565,0.5326950360381678,98,5
1507600010128,0.491362413978381,0.3559366181283107,0.46427725480836696,273,3
1507600010240,0.4281507260064542,0.5347294366616668,0.4494664681374968,310,3
1507600010077,0.5818804784480653,0.37569061152015976,0.5406425050624842,84,5
1507600010062,0.5613953808613974,0.223582947464863,0.49383289418209053,187,4
1508700790333,0.45715572955921074,0.02460331131636735,0.3706452459106421,460,1
1508700010070,0.6333234009537057,0.3725193002073615,0.581162580804437,33,5
1508700300189,0.5262376523053488,0.7292672477028184,0.5668435713848428,45,5
1508700290297,0.6562597696552988,0.723172976607759,0.6696424110457908,2,5
1508700300085,0.6339427302962677,0.5687494304885355,0.6209040703347213,8,5
1508700210136,0.5467221476395442,0.5202018908324463,0.5414180962781246,82,5
1508700290282,0.6222935265144715,0.7188489294515039,0.6416046071018779,5,5
1508700300329,0.5065465287333507,0.7426008917378315,0.5537574013342469,67,5
1508700790348,0.46472702935677024,0.15660394359512736,0.4031024122044417,405,2
1508700170314,0.5672562885038961,0.52922352173579,0.5596497351502749,54,5
1508700300174,0.6152050049277789,0.6880013379344498,0.6297642715291131,6,5
1508700270278,0.5637466325168408,0.5292376056607204,0.5568448271456168,61,5
1508700800352,0.4759947293182346,0.16613766376200056,0.4140233162069878,387,2
1508900010060,0.4071475691286447,0.3258558114586493,0.3908892175946456,426,2
1508900010130,0.33019385000098544,0.3222604261830425,0.32860716523739686,497,1
1508900010075,0.22568411131396401,0.34463473144811746,0.24947423534079471,526,1
1508900010111,0.3259960366396411,0.32301614312611415,0.3254000579369357,501,1
1508900010145,0.14043766619769682,0.2056233536665648,0.15347480369147043,536,1
1508900010126,0.45714535490518793,0.30982421883587413,0.42768112769132516,365,2
1509000010146,0.49455492123565115,0.20668275281815646,0.43698048755215224,339,2
1509000270288,0.6118791607918005,0.5159075025554538,0.5926848291445312,18,5
1509000010150,0.6284543724625339,0.34814561686231993,0.5723926213424911,43,5
1509000060339,0.45334375138059496,0.7284925479087304,0.508373510686222,157,4
1509000350127,0.6199149681984237,0.5490494780877617,0.6057418701762913,12,5
1509000280269,0.6210903239833041,0.5336108147723313,0.6035944221411096,14,5
1509000010165,0.5941211911046234,0.2001556672924473,0.5153280863421882,142,4
1509000350358,0.4106347851963818,0.6775489358491871,0.46401761532694286,276,3
1509000010362,0.4570643324277299,0.35070539384155247,0.43579254471049444,343,2
1509000060292,0.4090819856670177,0.5341949776581532,0.4341045840652448,349,2
1509000060305,0.336684986857594,0.5806233536665648,0.3854726602193882,437,1
1509000010273,0.3510815432666852,0.19054341879935635,0.3189739183732194,508,1
1509000350235,0.5792478886852024,0.5576190667928287,0.5749221243067276,41,5
1509000350254,0.4436779333486982,0.582050644798692,0.471352475638697,251,3
1509000350343,0.47458335899519666,0.5847760923499639,0.49662190566615017,181,4
1509000360023,0.6989376508404976,0.6964006133105566,0.6984302433345094,1,5
1509000060381,0.38589809574029993,0.4556233536665648,0.39984314732555293,410,2
1509000010201,0.5600395463500536,0.2147273575159516,0.49097710858323323,196,4
1509000060216,0.6342773963379809,0.5605089815019209,0.619523713370769,9,5
1509000060220,0.6421710272298577,0.5248456643534312,0.6187059546545725,10,5
1509000370076,0.5881183115940839,0.34333171291545805,0.5391609918583588,87,5
1509000380184,0.6528998702584877,0.5121417064542563,0.6247482374976414,7,5
1509000390057,0.5460720198001469,0.33356105861675567,0.5035698275634687,166,4
1509000010199,0.643978287709379,0.3368771885318607,0.5825580678738753,30,5
1509000360377,0.4819094389396396,0.7609641610812732,0.5377203833679663,90,5
1509000060324,0.5271096719270489,0.5658412342265982,0.5348559843869588,93,5
1510600664723,0.5615084443299635,0.5453655822085592,0.5582798719056827,59,5
1510600664757,0.6075358970301272,0.5232465736999624,0.5906780323640943,22,5
1510600664668,0.5647211520248554,0.5687423791747555,0.5655253974548354,47,5
1510600464827,0.49827743318936313,0.2019013668094609,0.43900221991338273,332,2
1510600644969,0.5402189166174827,0.1767382603016113,0.4675227853543084,261,3
1510600464812,0.49039394801541547,0.21762878126891388,0.4358409146661152,342,2
1510600644973,0.5225412998519974,0.19175896865707331,0.4563848336130126,294,3
1510602354564,0.425773247807269,0.0032993678365529,0.34127847181312576,487,1
1510600644988,0.5918784794641263,0.3767978074960481,0.5488623450705107,71,5
1510600644954,0.560746111025483,0.1922769715810832,0.48705228313660304,209,4
1510602334460,0.4377946321349142,0.025755359251849,0.35538677755830117,473,1
1510600873994,0.5126458657325608,0.1725903067544182,0.4446347539369323,320,3
1510600803871,0.4884083814393744,0.0339994924477496,0.39752660364104947,417,2
1510600803829,0.43187252884916,0.17589796159669616,0.3806776153986673,449,1
1510600873975,0.3038617674574199,0.2056233536665648,0.2842140846992489,516,1
1510600803852,0.5227707464421393,0.1970751335615185,0.4576316238660152,291,3
1510600924066,0.49768392736895567,0.44348590153600687,0.4868443222023659,210,4
1510602354526,0.5351344754731067,0.0196177224376991,0.4320311248660252,354,2
1510602354530,0.2725369069910363,0.0017250759583152,0.2183745407844921,531,1
1510602334437,0.4293122803245369,0.01868362643535525,0.3471865495467006,479,1
1510600864210,0.5239810873943472,0.32535320678719515,0.4842555112729169,220,3
1510602334386,0.4213733821787379,0.16037305765740725,0.3691733172744718,461,1
1510600904314,0.4132899418887366,0.1626268257953302,0.3631573186700553,467,1
1510600904297,0.5850595594911506,0.3177832118217093,0.5316042899572624,101,5
1510601124653,0.372764962945728,0.2056233536665648,0.33933664108989536,488,1
1510600754193,0.39332917637717757,0.02997012282714275,0.3206573656671706,506,1
1510600864244,0.5334743675163558,0.18569557687346389,0.46391860938777746,278,3
1510600803867,0.4810623666351425,0.00107211718296495,0.38506431674470704,439,1
1510600933937,0.5254857796969911,0.33918219738083416,0.48822506323375975,204,4
1510600803886,0.4691434278617918,0.02812543479464695,0.38093982924836284,448,1
1510600722178,0.6083127087411305,0.528699233256582,0.5923900136442208,20,5
1510600803890,0.4994552379311522,0.1676573456833529,0.4330956594815924,351,2
1510600704795,0.45557520980481825,0.17069836590834145,0.39859984102552287,413,2
1510600704808,0.3862421982659499,0.19008969588918564,0.3470116977905971,480,1
1510600844600,0.46389704504263796,0.05103361006202115,0.38132435804651466,447,1
1510600864263,0.5621326533997456,0.20567370600023005,0.4908408639198425,198,4
1510600864259,0.532451339200084,0.19017837000613674,0.4639967453612946,277,3
1510600844598,0.6155061063004462,0.3509136206084035,0.5625876091620376,50,5
1510600833922,0.5687266869192187,0.5209517816624036,0.5591717058678557,55,5
1510600924070,0.5091109624927918,0.20374177003077548,0.44803712400038853,313,3
1510600754102,0.5152193529794143,0.19639303962835192,0.4514540903092019,308,3
1510600644916,0.3021412695345451,0.2056233536665648,0.2828376863609491,518,1
1510600664776,0.592765216418738,0.5228823590870078,0.578788644952392,37,5
1510600664761,0.6059680259239909,0.49178047709543193,0.5831305161582792,29,5
1510600864278,0.5243827125879007,0.19258532352112473,0.45802323477454554,290,3
1510600924051,0.5039336343000824,0.3598315207376218,0.47511321158759034,242,3
1510600864282,0.5288516677180919,0.19930373558719316,0.46294208129191217,280,3
1510600992197,0.5403286368180373,0.6025790865402282,0.5527787267624755,68,5
1510600010330,0.5334652908029082,0.1990786491357058,0.4665879624694677,264,3
1510600011945,0.578932942728665,0.19090245970782077,0.5013268461244962,170,4
1510600832712,0.5869459903763055,0.5178921098813624,0.573135214277317,42,5
1510600012214,0.5611844034312868,0.19145234486054613,0.4872379917171387,206,4
1510600832892,0.49633108469448695,0.5302374727593435,0.5031123623074583,167,4
1510600013335,0.5347943684360547,0.35592598288407706,0.4990206913256592,176,4
1510600621771,0.6057653006545516,0.5198145786251582,0.588575156248673,23,5
1510600754189,0.5414555756984822,0.1845889982926461,0.47008226021731503,254,3
1510600833918,0.5002945415252273,0.525483442268732,0.5053323216739283,161,4
1510600731574,0.4581659125246639,0.3625342925047255,0.43903958852067626,331,2
1510600010400,0.6025493139029144,0.16391785221095675,0.514823021564523,144,4
1510600622680,0.553737157125481,0.5611571696805767,0.5552211596365002,64,5
1510600664719,0.5978223935861081,0.5254723854286867,0.5833523919546239,28,5
1510600664687,0.5482231216659708,0.5095445217135172,0.5404874016754802,85,5
1510602354511,0.4846507015241232,0.0112953930753896,0.3899796398343765,432,1
1510600464831,0.4346939140167949,0.18541815980134715,0.38483876317370536,440,1
1510600434884,0.5338722649245533,0.20100196345219215,0.4672982046300811,263,3
1510600434899,0.4803119568617528,0.18030255262100559,0.4203100760136034,378,2
1510600644935,0.5476373161341306,0.2142771704380739,0.48096528699491925,229,3
1510600434901,0.5173490012507196,0.3455241730620338,0.4829840356129824,224,3
1510600644992,0.5167672152697406,0.37413757420439797,0.488241287056672,203,4
1510600975007,0.35955649196960077,0.3606824911551787,0.3597816918067164,470,1
1510600874047,0.4696591883052725,0.03136450845712835,0.3820002523356437,446,1
1510602354545,0.4979399113235349,0.00935032538388535,0.400221994135605,408,2
1510600933956,0.4639722372393214,0.1677069544767095,0.4047191806867991,398,2
1510600874028,0.4955468831865118,0.2200953070546115,0.4404565679601318,329,2
1510600873960,0.4358553538276284,0.2524910247637274,0.39918248801484824,411,2
1510600775026,0.537026426971069,0.3348655474201816,0.4965942510608915,182,4
1510600803833,0.5651850920173223,0.1956099275234611,0.49127005911855004,194,4
1510602354507,0.5282545112793611,0.0313571147216243,0.42887503196781374,362,2
1510600874009,0.4596047896833466,0.1839565007893362,0.40447513190454454,399,2
1510600754121,0.50083093047829,0.02503245145557,0.405671234673746,397,2
1510602344494,0.5359906716438938,0.3864372449566841,0.5060799863064519,159,4
1510602334441,0.4110064155515779,0.0234865532171582,0.333502443084694,493,1
1510602334456,0.4745733688499434,0.02253315367182985,0.3841653258143207,443,1
1510602334422,0.41164240013323683,0.0193780400987902,0.33318952812634756,494,1
1510600904352,0.44157466041508936,0.01616810288029625,0.3564933489081308,472,1
1510600904333,0.5547908978705014,0.2030905341001093,0.484450825116423,217,3
1510600754206,0.4645517500271388,0.03210589864236055,0.37806257975018315,452,1
1510602334403,0.5505351485831328,0.1697832158875327,0.47438476204401275,246,3
1510600754136,0.5579025112139603,0.17715052681704305,0.4817521143345769,226,3
1510602334418,0.5328678057991473,0.3747389322697646,0.5012420310932708,171,4
1510600754140,0.437149511579629,0.2140063757078286,0.39252088440526894,422,2
1510602334371,0.5526027176121271,0.36529256238139807,0.5151406865659813,143,4
1510600754155,0.5387845341794959,0.18254926508407146,0.46753748036041104,260,3
1510600754117,0.5302207994136342,0.3733296769762854,0.49884257492616446,177,4
1510600904348,0.45952739932995884,0.1834644952250517,0.40431481850897744,400,2
1510600464846,0.5082343856636848,0.17878293185518285,0.44234409490198445,325,2
1510600803814,0.5156886749183673,0.19455654936730699,0.4514622498081553,307,3
1510600874013,0.4230644058335891,0.3438993289314784,0.40723139045316703,395,2
1510600754174,0.5396196693360888,0.1785117351072086,0.4673980824903128,262,3
1510600664672,0.4997768875657494,0.5665298309669863,0.5131274762459967,148,4
1510600664704,0.6386881190258569,0.5330558175311614,0.6175616587269177,11,5
1510600644920,0.45645042370576344,0.20657245434020086,0.40647482983265093,396,2
1510600464865,0.39272613617067403,0.02594075752405125,0.3193690604413495,507,1
1510600874032,0.5283466989168771,0.1838305246759179,0.4594434640686853,287,3
1510600924085,0.5220620816083446,0.1939403709864459,0.4564377394839649,293,3
1510600664691,0.5228505118279285,0.5275333272505753,0.5237870749124579,110,4
1510600464850,0.5591762987065122,0.18936098300869358,0.4852132355669485,213,4
1510600803903,0.41230574456878055,0.1883012308340028,0.367504841821825,463,1
1510600803848,0.5301732661958087,0.1784880913663518,0.45983623122991735,286,3
1510600933941,0.4610159942583254,0.3447068801540075,0.43775417143746187,336,2
1510600775011,0.5230298621365139,0.3438446987052701,0.4871928294502652,207,4
1510600704780,0.41356412013263605,0.1837489773215141,0.36760109157041165,462,1
1510602334390,0.35454837516908744,0.16041006473536515,0.315720713082343,510,1
1510600864225,0.525975018867603,0.31831135974278885,0.4844422870426402,218,3
1510600844615,0.5328664681404064,0.19877348260023386,0.4660478710323719,267,3
1510600904329,0.3691906126961365,0.03348702060834005,0.30204989427857726,513,1
1510600904367,0.4267473940568497,0.2084359470578656,0.3830851046570529,445,1
1510600982515,0.600362548060955,0.5047756269367605,0.5812451638361161,32,5
1510600012106,0.49608069056779724,0.2089230492628581,0.4386491623068094,333,2
1510600553655,0.5937741306521712,0.5554409372965372,0.5861074919810445,25,5
1510600011061,0.4322563082196437,0.03014892211154605,0.3518348309980242,476,1
1510600010345,0.5002991702518123,0.0184085483867805,0.4039210458788059,401,2
1510600701790,0.49007169962610403,0.1759354252949786,0.42724444475987894,367,2
1510600012089,0.5761353475528949,0.1678816523205466,0.4944846085064253,186,4
1510600010519,0.4917390157584166,0.0288240373628033,0.39915602007929396,412,2
1510600013231,0.48901338678521517,0.0133446858783678,0.3938796466038457,420,2
1510600011023,0.4112529713445039,0.03546889140700945,0.33609615535700504,491,1
1510600010415,0.5459285113332343,0.1552968043901884,0.46780216994462515,259,3
1510600011926,0.6050171360829856,0.19311581536015615,0.5226368719384198,113,4
1510602354579,0.3842716707163185,0.00913450744591015,0.30924423806223683,511,1
1510602203778,0.46828062826605554,0.199206961340459,0.41446589488093627,385,2
1510600652981,0.5604977139723074,0.5105609294736345,0.5505103570725729,69,5
1510600012036,0.5826644367247376,0.17977689131566266,0.5020869276429226,168,4
1510600683744,0.5461008650871508,0.5381825064555461,0.5445171933608299,81,5
1510600012074,0.5632881346987886,0.194065871421813,0.4894436820433935,199,4
1510600010453,0.5885046738001997,0.04574431164172725,0.4799526013685052,231,3
1510600013104,0.4961209484799414,0.0331827059743104,0.4035332999788152,403,2
1510600012125,0.601437016835795,0.17666707783921215,0.5164830290364785,139,4
1510600013195,0.5691103904672733,0.2199462760721193,0.49927756758824254,175,4
1510600013320,0.49095978332444473,0.21329951875360995,0.43542773041027777,346,2
1510600013208,0.5662746890677683,0.03844704236313845,0.46070915972684234,285,3
1510600012816,0.5109859185220231,0.21832219596701663,0.45245317401102186,303,3
1510600010631,0.514623027690211,0.0451403814459392,0.4207264984413566,377,2
1510600013369,0.580730290415744,0.34449204762227187,0.5334826418570496,96,5
1510600010646,0.583333431447802,0.19029254339853136,0.5047252538379479,162,4
1510600013388,0.5686025176805646,0.1981310035539967,0.49450821485525104,185,4
1510600013354,0.5903388143332814,0.34551903435246545,0.5413748583371182,83,5
1510600010580,0.5568520828945359,0.0376893020410513,0.453019526723839,301,3
1510600010595,0.6092174558924165,0.1657046614933527,0.5205148970126038,122,4
1510600010449,0.5828093448967775,0.04179714317191765,0.47460690455180554,245,3
1510600010468,0.5775622129882366,0.07472699044991275,0.4769951684805719,235,3
1510600010472,0.4762531914439225,0.01720681806505685,0.3844439167681494,442,1
1510600010561,0.5881224685778279,0.17986803981570346,0.506471582825403,158,4
1510600012040,0.55468122478971,0.176113301330087,0.4789676400977855,233,3
1510600010557,0.6054850652636278,0.18627535334713646,0.5216431228803295,117,4
1510600010538,0.5927055709285906,0.03562896254544425,0.4812902492519613,227,3
1510600010576,0.592317032351049,0.03580148027774085,0.4810139219363874,228,3
1510600010398,0.5661141000190497,0.0434906469056134,0.4615894093963625,282,3
1510600011979,0.42555547808292776,0.17203432734373542,0.37485124793508934,457,1
1510600012144,0.5800457729891463,0.18307540666505964,0.500651699724329,173,4
1510600011983,0.5689760970157667,0.18270722502046344,0.49172232261670606,192,4
1510600010491,0.5918133828810618,0.03253624081276655,0.47995795446740275,230,3
1510600972267,0.5619301276181479,0.33657334636095165,0.5168587713667087,136,4
1510600682500,0.5683162502073413,0.5205478244004698,0.558762565045967,57,5
1510600792695,0.5848367249053806,0.5552835251460556,0.5789260849535157,36,5
1510600791502,0.555563372962592,0.37487006255084426,0.5194247108802424,126,4
1510600512746,0.5855854734865195,0.5379611374584917,0.5760606062809139,39,5
1510600512731,0.5164120972305634,0.5351638129539992,0.5201624403752505,124,4
1510600702252,0.3858878311551558,0.18335200706676055,0.34538066633747677,483,1
1510601122483,0.5780541542858088,0.3699163298027067,0.5364265893891884,92,5
1510600831521,0.5843069159533185,0.36304771514020173,0.5400550757906952,86,5
1510600653458,0.43551759373365906,0.5252622037473009,0.45346651573638747,298,3
1510600012159,0.5891811378982557,0.172560629490037,0.5058570362166119,160,4
1510600010487,0.6504972682349083,0.23749340190331258,0.5678964949685892,44,5
1510600012411,0.43649237058048507,0.2056233536665648,0.3903185671977011,430,2
1510600013246,0.5625917104252588,0.1741607476217934,0.48490551786456576,214,4
1510600013212,0.5183910895864006,0.17517916877528406,0.4497487054241773,309,3
1510600012430,0.5070710726157903,0.0427813494640195,0.4142131279854362,386,2
1510600011678,0.4961473501480855,0.17657903085086601,0.4322336862886416,353,2
1510600013373,0.41903665091558095,0.20674753099389376,0.37657882693124356,456,1
1510600010608,0.6087215381804667,0.17951836396854653,0.5228809033380827,111,4
1510600010307,0.536906003529155,0.03305791621734035,0.43613638606679206,340,2
1510600010434,0.5885363044916049,0.06339433445180526,0.483507910483645,222,3
1510600010773,0.4978550946489512,0.0258406630323635,0.4034522083256337,404,2
1510600010769,0.31264663732179504,0.0220633043856496,0.25452997073456596,525,1
1510600664738,0.5402368195383211,0.5287106293848887,0.5379315815076346,89,5
1510600832394,0.368946236246954,0.5829063235148589,0.411738253700535,390,2
1510600664742,0.5178802256425243,0.5214808733788017,0.5186003551897799,130,4
1510600831659,0.5130527384373207,0.38587836419210514,0.4876178635882776,205,4
1510600703034,0.2389985265012764,0.16760590419285504,0.22472000203959214,530,1
1510600703477,0.3221947467755343,0.1834356954655586,0.29444293651353914,515,1
1510600652977,0.47128917028755557,0.3753580213019959,0.45210294049044364,306,3
1510600012021,0.5869344907012577,0.2007453535585311,0.5096966632727125,156,4
1510600622407,0.4627373764558191,0.503564810713753,0.4709028633074059,253,3
1510600832286,0.49265284177943136,0.3598272650289615,0.46608772642933743,266,3
1510600831589,0.558285672091129,0.5104662651830326,0.5487217907095098,72,5
1510600831517,0.6132008999488906,0.5095543490823518,0.5924715897755828,19,5
1510600621767,0.6159952956545535,0.5294554154674352,0.5986873196171298,16,5
1510600832727,0.6128926104952555,0.5469431526183146,0.5997027189198674,15,5
1510601273621,0.43295585549395704,0.562194978435813,0.45880368008232825,288,3
1510600011697,0.47323250501666025,0.03045535716883685,0.38467707544709556,441,1
1510600012017,0.5675537149040475,0.1919646067016135,0.4924358932635607,189,4
1510600012110,0.5941052934814784,0.18036453569250643,0.5113571419236841,154,4
1510600010383,0.6062310520055029,0.2371062362112205,0.5324060888466464,100,5
1510600010523,0.5682029730757043,0.0375884191613009,0.46208006229282367,281,3
1510600010504,0.6040549671524091,0.16796867804059396,0.5168377093300461,137,4
1510600010542,0.5770338012475217,0.03213489028823195,0.4680540190556638,258,3
1510600012426,0.5065131594920118,0.0612189278108273,0.41745431315577497,380,2
1510600012445,0.5165082893517847,0.1787708076637971,0.4489607930141872,311,3
1510600012055,0.5740905566881047,0.18304705922876585,0.49588185719623695,183,4
1510600010379,0.5559064896375058,0.23643529217949033,0.4920122501459027,190,4
1510600011998,0.5705217254526096,0.20616189113260885,0.49764975858860944,179,4
1510600013227,0.45582414608622357,0.0012889279698726,0.36491710246295345,466,1
1510600011930,0.5680392930115257,0.206234498702557,0.49567833414973195,184,4
1510600011682,0.4788517310274868,0.03777505090256275,0.390636395002502,427,2
1510600971837,0.5674743728679926,0.3594192824168084,0.5258633547777558,106,5
1510600630241,0.4925138696755074,0.2007443025654059,0.43415995625348713,348,2
1510600971841,0.5707529568101788,0.34550313895758505,0.5257029932396601,107,5
1510600441748,0.5715977667990444,0.3279101810553544,0.5228602496503064,112,4
1510600441752,0.5703665152411402,0.3316838234231897,0.5226299768775501,114,4
1510600442765,0.355424072905343,0.31840523396503867,0.34802030511728216,478,1
1510600882479,0.5501717940763858,0.38736998262844025,0.5176114317867968,133,4
1510600792271,0.5659390992928498,0.5206127280623947,0.5568738250467588,60,5
1510600822182,0.5933905675211115,0.5175345372058324,0.5782193614580557,38,5
1510600701786,0.5236572514310609,0.18921893097850123,0.45676958734054895,292,3
1510600730294,0.61276432428621,0.36644371993583913,0.5635002034161358,49,5
1510600732750,0.5055173308223759,0.5607952508632486,0.5165729148305505,138,4
1510600732943,0.4993726801107932,0.5238731073594471,0.504272765560524,164,4
1510600732869,0.40083210758336263,0.19754187409938065,0.3601740608865662,469,1
1510600503636,0.5251226981702021,0.5066424323058093,0.5214266449973235,119,4
1510600843509,0.49550614209715776,0.36208009501733107,0.46882093268119246,256,3
1510600842905,0.4853247286527069,0.2033823196111588,0.42893624684439735,361,2
1510600502708,0.4347241826371741,0.37151546745895037,0.4220824396015294,375,2
1510600501184,0.5621709822309733,0.3599567629538716,0.521728138375553,116,4
1510601885030,0.4503044073529714,0.5545650556114373,0.4711565370046646,252,3
1510601885045,0.5398783454882525,0.5821612162341113,0.5483349196374243,75,5
1510600841803,0.562839023547192,0.3560333105117785,0.5214778809401093,118,4
1510602334475,0.5157257557102074,0.03097409757979005,0.41877542408412394,379,2
1510602115064,0.48020899603345235,0.1944671143084146,0.42306061968844483,372,2
1510602215079,0.5221738506710343,0.17797730544391005,0.4533345416256095,299,3
1510602305083,0.35209808475239734,0.0086868081055977,0.28341582942303745,517,1
1510602305098,0.2859699330425047,0.0170437462823774,0.23218469569047923,527,1
1510601315115,0.33892126680441287,0.0,0.2711370134435303,522,1
1510600495100,0.5561026943568046,0.505718238650249,0.5460258032154934,78,5
1510600715149,0.496083346734363,0.3477200421060054,0.4664106858086915,265,3
1510602285134,0.5349066109680566,0.2906635520423943,0.48605799918292414,212,4
1511500010043,0.5789240837140665,0.34659972537681316,0.5324592120466158,99,5
1511500010058,0.6186168185266517,0.33614952313398583,0.5621233594481185,52,5
1511500060113,0.23230887504336634,0.2056233536665648,0.22697177076800604,528,1
1511500060109,0.3997296841549329,0.3565558824837972,0.39109492382070576,424,2
1511500060081,0.552874740373226,0.35360431735347175,0.5130206557692752,149,4
1511500060096,0.5156302533942725,0.35660461518890757,0.4838251257531995,221,3
1511800670204,0.4050518030822467,0.5184016377785678,0.4277217700215109,364,2
1511800530153,0.5700375760415872,0.49630133990207026,0.5552903288136839,63,5
1511800010859,0.46837753819483713,0.2088177949548244,0.4164655895468346,382,2
1511800640717,0.40071653687296044,0.5552408284954655,0.43162139519746145,355,2
1511800010083,0.519781227188942,0.19074470874189792,0.45397392349953325,296,3
1511800010331,0.3718328585322709,0.3466942756188347,0.3668051419495837,464,1
1511800600810,0.5155639476935755,0.16310121011751771,0.445071400178364,318,3
1511800530276,0.5170065623811433,0.5437352516683168,0.522352300238578,115,4
1511800870435,0.528991403359667,0.8094660046381822,0.58508632361537,26,5
1511800600825,0.5482140527087013,0.18066218804629955,0.47470367977622097,244,3
1511800670168,0.6128802539144926,0.3437303850869961,0.5590502801489934,56,5
1511800670543,0.4564223882387572,0.35481076860309313,0.4361000643116244,341,2
1511800870609,0.62167309041402,0.730545911420485,0.643447654615313,4,5
1511800600755,0.5114228392062156,0.35406364996666656,0.4799510013583058,232,3
1511800540878,0.40097808515066563,0.34778707129024977,0.39033988237858247,429,2
1511800530454,0.32303932029848004,0.3753653406270757,0.3335045243641992,492,1
1511800670596,0.405715902394514,0.5693175180765264,0.4384362255309165,334,2
1511800750420,0.5170145921911455,0.5282961118050534,0.5192708961139272,127,4
1511800600774,0.6096161917606723,0.3341115500650444,0.5545152634215468,66,5
1511800600793,0.5276023105684761,0.33142843394687466,0.48836753524415577,202,4
1511800600806,0.5371052549334903,0.33755653236336486,0.4971955104194652,180,4
1511800580261,0.39124809801375354,0.3342721679955867,0.3798529120101202,450,1
1511800600789,0.5628170720368337,0.3380959098473094,0.5178728395989289,132,4
1511800010079,0.49902950112861605,0.19495899037726017,0.43821539897834494,335,2
1511800010134,0.534845381446316,0.1808057978255061,0.46403746472215407,275,3
1511800010149,0.5325803228811711,0.19101465784354116,0.4642671898736451,274,3
1511800010219,0.45161682201488695,0.1839937497530187,0.3980922075625133,416,2
1511800010280,0.44828017224530076,0.20825552253464905,0.40027524230317046,406,2
1511800010505,0.5198785866219334,0.18423372406487085,0.45274961411052095,302,3
1511800580242,0.4128727538012059,0.34130238459878964,0.3985586799607227,414,2
1511800640365,0.5679789793298009,0.5022014794860825,0.5548234793610572,65,5
1511801340736,0.3353557708913651,0.0177514721598283,0.2718349111450577,521,1
1511800010399,0.46447961377803343,0.19508486973643135,0.41060066496971304,391,2
1511801340721,0.5077021975154015,0.1565012992912389,0.437462017870569,337,2
1511800580257,0.4474771218745084,0.32779667637390253,0.42354103277438726,369,2
1511800540863,0.5609319165501466,0.34061986028679336,0.516869505297476,135,4
1511800640651,0.3915609838851431,0.5484001988911948,0.42292882688635347,373,2
1511800870628,0.5198400818685581,0.9071391605386347,0.5972998976025734,17,5
1511800870613,0.492388966474025,0.84956508956674,0.5638241910925681,48,5
1511800600844,0.3999013485589996,0.00604185721300085,0.3211294502897999,504,1
1511800530581,0.43129831753769193,0.5353541384430013,0.4521094817187538,305,3
1511800640350,0.5629975404310915,0.36721570670866077,0.5238411736866054,109,4
1511800540897,0.4501117529151947,0.200741696331427,0.40023774159844117,407,2
1511800540882,0.37640036255271947,0.3524530310856848,0.3716108962593126,459,1
1511800010685,0.4866840054164153,0.5442708905021392,0.49820138243356016,178,4
1511800590416,0.5169892931891873,0.3783135065843841,0.48925413586822664,200,4
1511800600740,0.4304332419387255,0.5224850701096115,0.4488436075729027,312,3
1511800640702,0.3580053728776145,0.17656550704829171,0.32171739971174995,503,1
