origin_zone,dest_zone,dist_km,observed_flow,modeled_flow_beta20,modeled_flow_calibrated
06A,06B,3.14,47555.00,7357.21,3799.75
06B,06A,3.95,47489.00,91703.46,56873.42
65B,68B,4.93,40002.00,16629.82,12322.81
24B,21A,4.01,39445.00,55290.83,34709.20
21A,24B,3.81,39401.00,23725.64,14287.93
68B,44,3.07,38763.00,19401.70,9844.53
70A,70B,3.60,38558.00,77885.41,44877.36
44,68B,3.41,38433.00,27887.26,15388.56
68B,65B,4.68,38344.00,12061.04,8568.44
70B,70A,3.60,37857.00,56235.69,32427.36
70B,05,3.66,37288.00,22369.39,13052.34
07,18,4.09,36889.00,25727.58,16423.59
05,70B,5.23,36195.00,86189.33,66961.02
18,07,4.94,35779.00,34710.67,25765.94
68A,68B,4.74,34678.00,22535.43,16188.67
68B,68A,4.83,34173.00,10695.65,7795.26
70B,68A,3.79,29621.00,19889.36,11932.39
68A,70B,4.76,28477.00,60695.24,43705.09
07,08,3.58,27784.00,24728.54,14173.40
68B,70B,7.15,27584.00,32775.83,32692.34
09,70A,4.70,27197.00,46319.19,33029.54
08,07,4.34,27088.00,61110.96,40909.03
70B,68B,6.26,27013.00,18062.90,16190.66
70B,08,7.60,26301.00,4388.06,4595.65
05,09,4.47,25791.00,21702.51,14865.50
08,09,3.83,25764.00,33195.33,20105.08
70A,05,4.34,25742.00,8379.62,5603.98
09,08,3.62,25506.00,27095.15,15684.28
70A,09,3.40,25497.00,16053.40,8834.81
70B,09,4.90,25141.00,14660.06,10808.44
05,70A,5.49,24458.00,29834.42,24089.22
09,05,4.63,24154.00,19540.84,13772.39
09,70B,6.77,23942.00,58594.79,55928.77
08,70B,9.25,23566.00,31020.32,37999.42
39F,21A,18.85,23329.00,893.39,1933.70
70B,69A,3.89,20830.00,87507.53,53644.12
69A,70B,3.48,20290.00,53307.64,29892.15
24B,23,2.98,20181.00,3727.69,1844.83
06B,43,4.35,19763.00,40819.81,27368.12
23,24B,4.17,19677.00,15746.78,10193.70
43,06B,4.03,19566.00,16990.84,10722.83
68B,61,7.23,18833.00,1777.53,1789.31
08,42,4.67,18828.00,15125.13,10736.20
07,70B,7.64,18682.00,40953.46,43061.83
41,42,4.39,18514.00,7791.31,5258.06
42,08,5.03,18256.00,6949.47,5233.18
61,68B,9.78,18166.00,4881.96,6255.40
42,41,4.33,18153.00,4487.81,2999.49
16,68A,3.52,18109.00,13744.08,7774.29
68A,16,3.04,18041.00,4275.46,2148.93
30F,30,3.80,17507.00,1615.56,972.17
69B,21A,4.09,17487.00,13494.56,8603.78
70B,07,6.65,17444.00,18821.76,17714.50
70A,07,3.83,17361.00,29924.45,18111.81
07,70A,4.75,17198.00,40344.02,29022.45
21A,69B,4.11,17155.00,12987.70,8322.51
70B,06B,8.41,17153.00,4272.37,4849.97
30,30F,4.05,16937.00,9461.28,5986.43
70B,43,11.59,16668.00,4191.28,6148.22
43,70B,9.27,16398.00,20410.75,25053.54
21A,21B,4.29,16145.00,21208.37,14062.59
70B,18,10.74,16122.00,2996.99,4136.43
70B,24B,10.55,15902.00,7493.00,10198.58
21B,70B,4.77,15785.00,46939.26,33883.11
18,70B,11.53,15616.00,14681.92,21451.66
21B,21A,4.18,15602.00,23114.87,15012.38
21B,43,4.38,15451.00,16331.30,11015.84
70B,21B,5.34,15339.00,33211.34,26242.38
21A,70B,7.11,14954.00,15599.34,15490.41
43,21B,5.02,14948.00,34413.97,25880.82
06B,70B,8.38,14940.00,37502.80,42452.31
24B,70B,9.81,14925.00,24435.63,31365.98
07,42,5.04,14788.00,11709.81,8831.53
24B,43,4.80,14637.00,29969.64,21723.26
08,41,4.20,14614.00,9554.87,6222.57
43,24B,5.27,14472.00,27484.94,21480.16
21B,24B,5.17,14420.00,17401.62,13394.03
24B,21B,5.85,14355.00,34018.83,28882.88
09,07,5.01,14258.00,46435.78,34857.60
42,07,6.84,14212.00,12339.14,11880.25
41,08,4.95,14143.00,6508.71,4836.28
07,09,4.73,14070.00,19593.02,14052.96
21B,06B,4.06,14054.00,10251.31,6495.61
06B,21B,5.52,14054.00,42708.22,34650.83
21A,69A,4.73,13994.00,24380.74,17473.03
38,43,10.88,13877.00,6003.77,8375.48
70B,21A,7.74,13846.00,12092.65,12848.03
43,38,8.46,13576.00,1465.24,1670.91
38,70B,18.84,13424.00,6819.60,14756.13
69A,21A,4.69,13379.00,11088.69,7895.45
69A,68B,4.58,13095.00,11345.85,7928.33
08,70A,6.54,12780.00,23645.53,21956.39
05,68B,8.89,12775.00,11026.62,13084.57
37F,38,4.20,12743.00,3356.93,2186.30
70A,08,5.26,12710.00,4829.76,3768.03
68B,69A,5.50,12684.00,38292.56,30966.62
65B,61,5.51,12650.00,2002.79,1621.69
69A,69B,4.38,12631.00,9367.43,6312.97
68A,01,3.20,12258.00,2270.13,1189.75
38,37F,5.45,12242.00,3744.51,3004.13
01,68A,3.55,12184.00,7091.17,4043.84
61,65B,7.46,12132.00,3582.31,3695.48
65A,24B,4.63,12088.00,3737.76,2634.85
69B,69A,4.58,12069.00,19640.41,13718.07
18,42,4.66,12045.00,11200.83,7929.19
42,18,5.60,11890.00,7650.35,6273.11
24B,25,3.94,11817.00,3322.78,2056.47
68B,09,11.85,11620.00,2194.75,3277.43
68B,05,9.13,11616.00,3140.80,3808.33
24B,65A,6.19,11453.00,12054.44,10709.50
25,24B,4.56,11371.00,10037.62,6985.22
24B,68B,11.09,11351.00,7046.68,9983.03
06A,21B,3.74,11191.00,16282.47,9672.19
68B,69B,4.91,10943.00,19340.40,14285.45
68B,24B,11.13,10922.00,5889.40,8367.17
68B,43,13.86,10874.00,2562.20,4337.84
42,70B,13.64,10771.00,7151.52,11949.48
43,22,5.00,10719.00,6949.21,5209.01
09,68B,12.36,10589.00,6485.47,10018.77
70B,42,13.63,10574.00,1284.35,2145.34
68A,05,4.39,10567.00,11150.76,7524.62
21B,06A,3.68,10551.00,42836.52,25122.61
69B,68B,4.81,10517.00,9511.90,6907.92
37F,35,4.07,10504.00,6286.13,3997.63
05,68A,4.63,10497.00,16372.18,11538.55
43,68B,13.21,10472.00,3711.52,6045.95
70A,06B,6.84,10470.00,3406.10,3276.69
61,15,3.48,10382.00,1229.79,689.49
15,61,3.64,10315.00,1209.69,702.37
57,43,2.92,10264.00,8481.06,4130.17
43,57,2.80,10230.00,8608.12,4055.21
22,43,4.41,10155.00,5267.79,3566.33
37F,34,3.89,9942.00,11890.67,7282.24
35,37F,3.98,9919.00,1975.23,1234.18
68B,16,4.98,9853.00,1933.69,1445.18
06B,70A,7.15,9822.00,19648.64,19586.05
20,18,4.72,9821.00,3862.12,2765.39
46F,61,7.02,9684.00,640.36,629.39
61,46F,4.99,9650.00,418.96,313.44
34,37F,3.69,9532.00,2769.65,1627.50
38,06B,11.07,9486.00,3113.80,4404.10
18,20,3.84,9400.00,1936.95,1174.05
16,68B,5.58,9332.00,13554.72,11083.86
70B,16,4.73,9292.00,2454.20,1758.92
70B,65B,10.82,9284.00,2578.22,3580.08
06B,38,8.49,9278.00,2183.48,2496.81
01,16,2.61,9219.00,2524.05,1125.83
16,01,2.58,9180.00,2902.20,1280.81
52,60,5.87,9026.00,808.74,688.95
60,52,5.81,8852.00,1418.88,1198.04
69B,70B,7.30,8754.00,11191.57,11344.49
34,38,4.97,8691.00,1983.32,1479.67
70B,69B,7.45,8670.00,9597.88,9895.43
16,70B,7.81,8666.00,18742.27,20054.41
06B,07,6.17,8423.00,30042.12,26629.83
38,34,6.87,8419.00,9306.70,8987.02
65B,70B,10.95,8394.00,9138.27,12813.91
68A,44,4.64,8309.00,6967.17,4916.82
44,68A,5.08,8228.00,5067.49,3846.01
39F,38,4.73,8186.00,2244.96,1607.60
38,39F,4.64,8152.00,2164.24,1526.48
06A,07,4.04,8080.00,12223.48,7729.29
69B,65B,4.73,8069.00,4191.19,3004.78
24A,24B,5.11,8041.00,4214.18,3211.37
02F,54,7.31,8007.00,58.08,58.98
08,68B,15.24,8004.00,4213.95,7697.57
07,06B,6.36,7943.00,9308.13,8455.33
68B,21A,8.07,7904.00,9743.52,10699.05
54,02F,9.19,7817.00,154.72,188.60
65B,69B,5.28,7770.00,10945.45,8563.99
65A,21A,4.32,7749.00,3729.26,2487.08
25,23,1.93,7733.00,1802.90,631.91
44,70B,8.90,7723.00,11087.87,13177.01
23,25,1.68,7626.00,4885.30,1529.03
24B,24A,4.54,7606.00,5008.83,3473.57
07,06A,5.47,7547.00,43352.44,34902.46
34,06B,4.51,7499.00,6361.15,4390.28
70B,44,8.81,7437.00,2693.96,3174.76
17,38,9.28,7423.00,132.41,162.57
06B,34,4.27,7267.00,26245.03,17315.89
17,11F,2.38,7199.00,789.93,326.78
69A,24B,7.39,7169.00,5147.16,5269.67
26,68B,5.05,7156.00,4612.84,3481.68
11F,17,3.15,7153.00,3104.16,1608.78
70A,18,7.42,7140.00,3304.60,3395.17
18,70A,8.71,7076.00,9795.97,11442.70
06A,70B,5.02,7075.00,18225.24,13708.11
21A,65A,4.99,7054.00,6218.19,4653.85
68B,26,4.38,7051.00,2843.78,1915.45
70B,06A,5.58,7030.00,33404.43,27321.72
61,26,5.03,6877.00,1625.19,1223.61
24B,69A,7.71,6867.00,27296.92,28921.43
68B,06B,13.19,6862.00,1520.13,2472.72
26,61,3.94,6813.00,1137.82,704.59
41,70B,13.74,6808.00,6379.72,10725.20
61,63F,9.46,6780.00,4.22,5.27
63F,61,9.41,6772.00,12.34,15.33
34,43,5.30,6769.00,8580.43,6737.71
43,34,5.31,6768.00,11280.43,8869.08
68B,08,15.91,6764.00,876.41,1656.76
07,05,8.12,6749.00,5666.55,6253.80
05,08,6.95,6701.00,6458.86,6298.95
43,30,8.56,6699.00,1149.47,1324.22
08,18,6.34,6695.00,11907.38,10783.00
05,07,8.01,6694.00,15993.77,17459.79
21A,68B,7.77,6682.00,4820.55,5139.15
08,05,7.55,6515.00,7260.96,7566.12
21A,43,6.05,6500.00,6340.38,5528.76
43,06A,5.82,6459.00,28103.90,23777.71
69B,24B,6.73,6444.00,5736.99,5447.40
06A,43,6.11,6356.00,3620.76,3183.76
70B,41,11.06,6345.00,993.92,1404.50
18,32,4.25,6337.00,7471.30,4914.30
18,06B,6.78,6331.00,6699.43,6399.99
32,18,4.02,6245.00,2883.46,1815.75
38,17,9.68,6229.00,1557.57,1978.38
22,24B,5.56,6216.00,4900.67,3997.02
70B,34,13.65,6214.00,1865.80,3119.73
68B,46F,9.59,6196.00,150.44,189.64
26,65B,4.35,6135.00,2653.01,1777.05
65B,26,3.84,6131.00,2417.13,1465.80
18,08,6.14,6110.00,6842.14,6043.89
46F,68B,13.08,6052.00,1227.00,1983.42
34,70B,12.03,6008.00,5676.55,8581.54
24B,69B,7.03,6000.00,13231.62,13016.81
65B,05,13.41,5996.00,951.91,1569.38
24B,22,5.61,5989.00,7397.73,6077.61
06B,68B,13.77,5968.00,5124.78,8630.17
07,38,13.70,5953.00,760.60,1275.64
69A,21B,4.00,5903.00,19983.96,12523.43
43,21A,6.69,5892.00,14831.22,14020.14
24B,68A,12.75,5830.00,2152.99,3408.23
68A,24B,12.86,5829.00,3619.87,5769.86
68A,43,14.18,5817.00,2005.90,3458.83
70B,61,13.64,5775.00,571.11,954.77
70A,68B,9.17,5732.00,4429.25,5390.31
21B,07,7.05,5716.00,9342.52,9214.37
43,68A,13.33,5713.00,1470.45,2412.48
16,44,3.72,5698.00,9019.46,5333.12
70A,69A,6.12,5683.00,18643.05,16413.99
30,43,9.57,5682.00,3154.30,3970.55
44,16,3.45,5657.00,2115.10,1178.15
05,65B,13.77,5642.00,1960.98,3301.48
05,06A,9.29,5630.00,14856.20,18257.45
61,70B,16.69,5624.00,4544.88,8925.90
07,21B,8.58,5597.00,16071.86,18543.57
06B,18,5.97,5588.00,13295.71,11485.30
21B,69A,4.12,5524.00,43454.30,27910.58
68B,70A,9.92,5512.00,6488.54,8409.84
38,70A,17.54,5502.00,3001.06,6131.24
69B,65A,4.60,5456.00,5523.86,3874.65
69A,68A,4.25,5445.00,5324.23,3501.95
65A,69B,4.68,5439.00,2343.75,1665.12
70A,68A,6.31,5437.00,3769.40,3403.42
24B,30,9.46,5426.00,1260.53,1572.80
06A,18,5.30,5412.00,2958.60,2320.59
09,41,6.11,5393.00,4561.18,4011.18
65B,21A,8.42,5347.00,5840.16,6638.93
18,06A,7.91,5330.00,16944.25,18312.31
20,42,4.42,5301.00,3044.12,2067.62
41,40,4.31,5280.00,740.03,492.30
09,21B,10.20,5280.00,12776.08,16925.21
21A,65B,7.61,5279.00,2143.48,2247.65
68A,70A,6.96,5274.00,10824.47,10559.86
42,20,4.32,5254.00,1040.00,693.37
68A,69A,5.49,5231.00,31482.65,25427.92
70B,01,4.90,5218.00,1346.54,993.18
68A,65B,9.44,5172.00,2426.28,3022.28
13,20,2.89,5146.00,432.49,208.99
37F,32,4.56,5143.00,3293.99,2291.69
06A,05,9.45,5143.00,805.59,1003.60
30,24B,11.39,5142.00,3301.88,4776.57
21B,09,9.14,5140.00,2351.16,2853.58
65B,68A,9.09,5138.00,1973.24,2384.63
69A,70A,5.88,5138.00,7130.10,6076.96
44,65B,6.14,5106.00,3669.52,3240.56
24B,06B,8.03,5097.00,5741.58,6282.92
40,42,7.33,5085.00,527.93,536.88
68B,07,13.38,5050.00,4069.04,6697.09
41,09,7.46,5011.00,3982.30,4106.01
32,35,3.36,4982.00,2421.56,1319.09
20,13,2.91,4968.00,1015.61,492.95
70B,35,15.20,4945.00,873.38,1591.99
01,70B,7.28,4932.00,11362.11,11491.60
32,37F,3.87,4906.00,794.49,484.73
57,30,7.02,4904.00,239.60,235.49
02F,35,9.12,4873.00,653.53,791.60
38,07,15.55,4857.00,4352.63,8076.30
38,06A,13.92,4830.00,6784.75,11522.88
35,32,3.72,4825.00,3409.57,2017.25
40,41,3.52,4820.00,1164.23,659.00
21B,38,10.57,4805.00,571.79,779.25
35,29F,2.70,4796.00,1580.11,722.77
30,57,7.60,4776.00,654.53,685.27
29F,35,3.19,4773.00,1754.33,918.29
06B,24B,8.32,4771.00,16571.82,18646.57
35,70B,15.57,4763.00,2817.14,5234.87
21A,06B,7.02,4759.00,2521.17,2478.68
68B,21B,9.10,4732.00,10030.28,12125.84
37F,70B,14.95,4705.00,4429.70,7966.66
24B,30F,9.86,4684.00,3811.38,4912.86
42,40,7.27,4684.00,286.89,290.00
35,02F,6.96,4670.00,686.70,670.00
24B,65B,10.21,4660.00,3548.28,4704.55
70B,30,19.78,4647.00,235.31,529.40
30F,24B,10.68,4626.00,1855.23,2549.16
06A,34,6.95,4577.00,1730.21,1685.71
70A,41,9.54,4545.00,703.05,883.14
70A,06A,4.27,4494.00,30066.97,19853.39
38,21B,15.05,4456.00,5290.58,9565.86
22,30F,5.51,4440.00,1806.17,1462.75
65B,24B,10.89,4440.00,4021.68,5614.63
65B,44,5.28,4410.00,4285.54,3355.22
14F,65B,9.69,4404.00,180.89,230.05
40,08,4.12,4400.00,1771.67,1137.77
06A,70A,3.97,4399.00,11147.84,6940.46
34,06A,7.33,4390.00,8290.72,8437.85
65B,14F,9.89,4372.00,336.06,434.21
41,70A,11.14,4359.00,3702.77,5261.80
30,70B,18.83,4348.00,2775.27,6001.06
08,40,4.16,4338.00,1752.96,1132.77
43,39F,11.31,4328.00,263.67,379.37
65B,70A,13.62,4306.00,2252.52,3759.87
07,68B,14.01,4304.00,4497.62,7677.79
30F,22,6.27,4296.00,1224.04,1099.38
21B,68B,8.96,4261.00,4920.95,5875.10
43,70A,9.15,4252.00,7983.38,9698.85
70A,42,10.82,4206.00,1073.29,1490.95
43,18,9.79,4201.00,3303.19,4233.37
39F,30,6.48,4172.00,961.76,886.11
68A,08,10.97,4169.00,1511.64,2122.37
39F,43,12.99,4163.00,1460.55,2347.73
08,06A,8.70,4135.00,19035.27,22202.35
42,70A,10.73,4120.00,4403.45,6074.16
43,24A,5.78,4094.00,2303.65,1939.24
52,02F,4.19,4079.00,1641.61,1068.51
06B,21A,8.81,4078.00,12825.31,15111.93
24A,43,5.98,4072.00,2074.34,1792.96
35,52,7.76,4012.00,1048.26,1116.13
52,35,7.87,4009.00,1009.54,1086.89
41,05,10.79,3993.00,1614.82,2238.17
23,65A,5.23,3993.00,4507.01,3500.53
69B,21B,6.58,3977.00,6819.92,6362.06
21B,69B,6.60,3971.00,6836.22,6393.08
65A,23,3.78,3964.00,181.19,108.59
18,43,11.40,3948.00,4406.01,6381.86
02F,52,5.22,3935.00,1750.14,1356.80
05,69B,11.36,3900.00,5092.67,7351.64
69B,05,11.37,3900.00,720.04,1040.45
07,43,10.96,3897.00,5847.71,8202.81
38,30,8.02,3864.00,1806.38,1975.45
08,68A,11.68,3853.00,2894.60,4273.74
05,43,14.78,3852.00,3173.36,5654.28
38,68B,23.90,3850.00,1563.72,4092.75
30,39F,4.98,3846.00,761.88,569.05
34,30,8.19,3805.00,588.26,654.07
24A,30F,5.42,3765.00,1356.84,1083.67
05,41,9.59,3753.00,1626.47,2051.44
43,05,14.24,3720.00,1351.64,2337.92
30F,24A,6.64,3704.00,484.48,455.24
70A,43,11.04,3697.00,2430.62,3431.48
30,34,10.03,3674.00,1772.39,2316.99
22,30,4.67,3668.00,768.39,544.68
65A,68B,8.35,3659.00,976.52,1102.09
68B,18,17.63,3655.00,972.93,1996.02
43,07,9.10,3641.00,9206.22,11132.97
34,57,3.88,3631.00,2101.46,1284.48
01,68B,7.20,3593.00,4285.19,4296.76
18,21B,11.25,3588.00,7640.01,10942.37
68B,65A,8.36,3583.00,4711.65,5325.11
45,42,9.90,3576.00,299.33,387.10
68B,01,7.88,3561.00,455.94,491.52
42,45,8.27,3542.00,95.15,106.61
65B,46F,9.22,3538.00,106.24,129.84
49F,03,7.26,3524.00,23.99,24.22
57,34,3.90,3520.00,2935.36,1801.88
68A,69B,7.84,3514.00,6217.14,6676.00
30,38,6.55,3507.00,1369.17,1272.82
17,21A,21.08,3499.00,162.27,384.12
69B,68A,7.57,3488.00,1548.91,1616.48
69A,05,6.47,3487.00,2409.17,2217.81
07,21A,12.47,3474.00,5808.46,9038.19
21B,18,9.29,3461.00,2235.58,2747.54
06B,37F,5.77,3418.00,3632.58,3050.56
03,49F,7.50,3417.00,26.41,27.37
70B,57,13.69,3371.00,393.02,658.72
69A,09,7.69,3361.00,2005.80,2120.25
37F,43,8.98,3351.00,3609.16,4316.43
43,37F,7.66,3345.00,1372.50,1446.14
08,43,14.14,3333.00,3895.03,6700.94
09,21A,13.54,3330.00,5534.42,9197.05
18,68B,17.88,3323.00,2253.18,4675.54
21A,17,20.46,3312.00,113.63,262.59
15,68B,12.72,3309.00,657.31,1038.82
07,35,9.13,3295.00,3024.24,3665.30
06A,42,10.58,3286.00,511.80,698.21
46F,65B,12.66,3268.00,559.21,880.40
35,07,10.04,3268.00,2944.07,3851.98
68B,15,10.54,3263.00,177.53,241.42
21A,07,10.65,3261.00,3021.53,4144.37
17,39F,4.41,3257.00,188.42,127.70
09,69A,9.82,3254.00,19237.34,24728.01
06A,08,5.89,3254.00,1754.66,1498.79
07,41,7.01,3242.00,3082.60,3026.71
42,06A,11.72,3238.00,5259.20,7783.13
37F,06B,7.10,3224.00,3092.05,3067.67
61,44,8.27,3196.00,2019.11,2262.47
21B,05,11.48,3189.00,1267.95,1845.82
13,18,7.36,3187.00,823.51,840.10
21B,68A,9.41,3162.00,1796.84,2232.24
24A,22,3.09,3161.00,2628.79,1339.13
42,09,8.30,3147.00,3546.54,3984.60
05,69A,7.92,3141.00,25984.05,28128.58
44,61,7.12,3139.00,962.84,956.69
30,22,5.95,3134.00,2756.55,2372.54
06B,32,5.56,3128.00,5891.07,4802.78
38,18,13.25,3127.00,2484.13,4057.67
39F,17,5.11,3125.00,1933.67,1475.10
44,26,3.53,3120.00,2286.44,1298.10
09,42,7.78,3113.00,5518.44,5889.58
68A,21B,9.00,3083.00,8393.66,10063.29
21A,09,12.08,3081.00,993.81,1507.18
18,38,12.38,3073.00,759.92,1175.63
41,07,8.59,3072.00,7087.11,8186.64
70A,65B,13.62,3070.00,856.66,1430.34
18,13,6.54,3059.00,816.91,758.93
22,24A,2.52,3055.00,2403.02,1041.88
11F,38,8.64,3053.00,409.75,475.43
32,06B,5.28,3052.00,1465.27,1146.25
68B,06A,11.41,3027.00,6985.69,10125.26
06A,21A,7.38,3017.00,3193.38,3266.42
18,24B,15.29,3009.00,3633.42,6653.28
60,35,12.65,3000.00,340.78,536.31
08,21B,11.59,2976.00,9773.75,14342.98
06A,68B,10.69,2972.00,1485.61,2043.69
26,44,3.69,2970.00,2551.45,1499.33
05,01,4.37,2966.00,2083.59,1402.75
05,21B,10.08,2963.00,11499.69,15089.95
43,69B,10.15,2957.00,4741.71,6256.35
38,11F,9.28,2947.00,658.78,809.23
61,14F,9.40,2943.00,429.25,532.78
22,21B,8.80,2941.00,2223.29,2618.39
45,13,5.40,2915.00,144.51,115.21
13,45,5.13,2905.00,45.92,35.13
11F,39F,4.24,2884.00,548.32,359.92
38,12F,14.75,2877.00,521.36,927.72
12F,38,14.34,2877.00,59.81,104.04
39F,11F,4.30,2874.00,1061.91,705.76
69A,43,9.35,2873.00,2169.76,2680.75
65B,69A,8.47,2867.00,10571.86,12066.03
21B,22,8.34,2863.00,1523.49,1718.57
35,60,13.07,2860.00,187.86,303.49
43,69A,8.66,2850.00,16164.32,18791.43
21B,08,10.74,2845.00,1227.87,1694.61
43,30F,10.19,2844.00,2666.01,3527.71
43,25,7.95,2842.00,608.08,660.32
57,70B,11.30,2837.00,1924.25,2767.29
42,68B,19.81,2835.00,1250.52,2816.69
30F,43,9.99,2821.00,1429.52,1862.51
24B,18,13.80,2819.00,2223.43,3751.22
25,43,7.74,2809.00,2350.84,2497.13
69A,65B,7.67,2807.00,1729.64,1823.76
21A,06A,7.55,2791.00,7510.49,7824.38
37F,18,8.10,2761.00,2718.35,2996.01
44,69A,7.96,2759.00,9596.43,10424.48
69A,44,7.83,2748.00,1149.39,1232.55
05,21A,12.34,2744.00,5858.80,9038.31
21A,24A,7.45,2719.00,624.83,643.84
05,24B,14.95,2706.00,4597.21,8266.95
24B,05,15.41,2706.00,1544.44,2846.18
69B,44,6.86,2703.00,1381.13,1332.94
44,69B,7.51,2703.00,4333.17,4496.25
68B,42,20.83,2686.00,481.44,1128.56
21A,05,12.60,2676.00,776.48,1217.89
02F,60,9.82,2663.00,251.56,323.18
60,02F,9.44,2662.00,282.86,352.14
70B,22,15.04,2661.00,839.71,1517.59
08,21A,15.31,2655.00,4277.95,7842.50
43,08,11.95,2631.00,1627.28,2446.04
68A,42,16.87,2626.00,601.35,1191.14
18,41,8.40,2612.00,1752.82,1988.76
69B,43,9.68,2600.00,1867.44,2372.83
24B,38,12.89,2599.00,843.93,1348.37
39F,70B,21.92,2595.00,1746.43,4265.77
09,68A,8.60,2589.00,5407.99,6248.93
34,18,8.17,2586.00,2219.04,2461.93
18,37F,7.52,2583.00,1585.25,1645.31
17,30,7.21,2583.00,176.11,176.88
68A,61,11.55,2582.00,571.71,836.47
21B,70A,5.62,2579.00,12899.39,10612.60
01,05,4.63,2576.00,4389.52,3090.96
38,65A,20.76,2570.00,1103.42,2580.39
18,34,8.14,2566.00,5343.31,5909.69
42,68A,16.41,2564.00,735.35,1424.57
23,21A,6.19,2542.00,6197.98,5505.54
14F,61,8.35,2541.00,85.92,96.98
38,24B,14.80,2540.00,4811.90,8583.58
24A,21A,8.33,2536.00,1377.71,1551.57
02F,07,18.89,2515.00,628.35,1362.28
07,02F,15.25,2515.00,499.84,913.50
41,18,8.64,2502.00,2907.17,3373.53
30,17,6.74,2497.00,1305.15,1241.19
65A,09,14.83,2490.00,154.01,275.21
09,40,4.02,2488.00,1893.17,1191.97
34,70A,10.85,2483.00,2658.74,3701.63
07,20,6.06,2470.00,950.74,830.62
42,24B,19.58,2468.00,1509.90,3369.13
61,68A,13.54,2462.00,1028.45,1708.46
70A,34,11.27,2458.00,1442.20,2068.97
05,38,19.83,2448.00,358.47,807.95
65A,44,9.80,2428.00,209.43,268.75
42,13,5.24,2415.00,866.64,674.52
38,02F,9.77,2395.00,1232.62,1578.26
02F,38,10.46,2395.00,281.56,380.57
06B,05,12.48,2391.00,2638.96,4108.55
40,09,4.28,2381.00,2283.00,1510.54
13,42,5.21,2372.00,1134.75,878.33
22,70B,13.06,2365.00,2040.13,3293.77
16,05,6.19,2346.00,4665.63,4143.40
35,18,6.43,2342.00,2981.66,2730.61
69B,07,12.49,2336.00,1661.35,2587.16
07,68A,11.23,2331.00,2820.77,4036.21
70B,40,8.65,2320.00,292.40,339.46
08,69A,12.16,2308.00,12411.92,18918.87
44,65A,10.75,2291.00,1494.66,2065.08
21A,23,3.97,2290.00,703.83,438.54
21B,24A,8.25,2284.00,690.13,771.69
06A,09,6.09,2281.00,2280.91,2000.28
21A,44,10.29,2270.00,813.90,1085.61
70A,69B,9.91,2251.00,2864.01,3706.44
26,24B,14.55,2247.00,654.84,1152.22
24B,26,13.29,2247.00,431.97,707.25
43,65B,14.14,2246.00,1381.74,2376.82
68A,09,7.72,2245.00,4239.24,4493.71
44,21A,10.80,2234.00,2849.39,3951.36
65B,43,14.29,2228.00,1575.67,2733.48
24A,21B,9.65,2226.00,1341.76,1700.92
20,07,8.59,2217.00,2818.34,3253.54
18,35,6.16,2215.00,5414.96,4794.38
69B,61,9.12,2215.00,397.82,481.84
34,24B,9.56,2213.00,3913.06,4922.47
40,70B,10.72,2209.00,1981.68,2731.30
30F,70B,19.15,2200.00,1324.87,2904.23
65A,70B,10.17,2198.00,1780.69,2354.34
17,12F,5.74,2185.00,271.31,226.99
06B,08,8.76,2184.00,4538.22,5324.36
21A,70A,8.93,2175.00,3774.95,4495.23
21B,34,8.09,2172.00,2962.48,3261.10
12F,17,5.37,2161.00,429.59,340.99
43,61,19.86,2158.00,246.89,557.17
05,65A,15.64,2153.00,1894.70,3533.41
68A,07,10.31,2153.00,5618.88,7507.18
07,69A,10.05,2142.00,16376.03,21431.16
52,70B,22.62,2140.00,1159.78,2904.47
61,69B,12.04,2140.00,2429.79,3675.96
37F,06A,10.07,2139.00,5295.96,6946.41
07,37F,9.13,2129.00,1316.78,1596.25
06A,37F,7.20,2127.00,407.22,408.42
06A,24B,8.04,2117.00,3098.91,3394.03
21A,30,11.81,2116.00,272.08,405.14
24A,30,6.36,2113.00,299.80,272.33
69B,70A,9.83,2108.00,2350.32,3023.56
24B,42,20.15,2104.00,720.74,1645.39
38,05,23.06,2101.00,711.05,1808.27
37F,24B,13.42,2100.00,2393.85,3948.60
70B,65A,11.41,2097.00,2889.88,4188.79
09,06A,8.01,2094.00,22708.34,24800.41
70A,24B,11.19,2089.00,3511.13,5008.46
70B,25,16.66,2082.00,151.44,296.95
52,29F,6.36,2074.00,246.51,223.98
32,70B,12.26,2074.00,1723.66,2644.65
05,42,12.14,2068.00,1994.74,3036.78
02F,59,5.35,2060.00,95.88,75.84
32,07,6.90,2044.00,2366.08,2292.12
68B,41,19.58,2037.00,277.24,618.74
30,70A,18.91,2035.00,1048.82,2275.70
42,43,16.62,2035.00,1414.31,2767.72
70A,21B,5.95,2033.00,14124.60,12158.96
69A,07,8.61,2032.00,3782.76,4377.13
61,43,21.39,2031.00,812.49,1945.83
61,24B,17.82,2030.00,1735.88,3592.10
69A,06B,7.39,2022.00,1862.30,1907.30
61,65A,12.23,2021.00,1661.90,2546.29
60,70B,25.94,2018.00,769.77,2150.52
44,46F,8.48,2010.00,100.83,115.22
65A,61,10.77,2003.00,88.17,122.01
24B,61,15.32,2002.00,555.26,1018.45
24A,25,3.41,2002.00,476.63,262.87
09,65A,17.78,1998.00,1669.07,3447.87
30,24A,7.35,1997.00,799.97,815.48
07,32,6.99,1997.00,3386.25,3314.34
43,42,15.53,1984.00,906.07,1679.77
30,12F,8.61,1980.00,622.46,719.85
12F,30,8.49,1975.00,137.31,157.08
21B,23,7.27,1974.00,284.35,287.41
24B,08,17.21,1971.00,1049.68,2112.74
08,24B,16.71,1971.00,4137.20,8132.15
24B,37F,13.04,1966.00,633.96,1022.20
70A,21A,9.24,1964.00,4475.76,5476.57
29F,52,5.79,1964.00,468.75,394.61
37F,07,10.73,1962.00,3733.28,5152.03
70A,30,19.61,1962.00,126.18,281.90
65B,08,18.38,1948.00,429.13,910.53
65A,05,14.78,1941.00,131.73,234.80
42,05,12.13,1940.00,1410.55,2146.90
25,24A,3.96,1938.00,1340.76,834.18
06A,35,9.45,1936.00,542.92,676.62
05,06B,11.92,1935.00,2616.28,3926.91
35,06A,11.05,1926.00,3036.40,4289.12
43,09,11.50,1924.00,2439.70,3556.34
70B,32,13.61,1922.00,714.62,1192.49
05,16,5.75,1922.00,2045.75,1713.74
24B,70A,11.10,1916.00,7273.85,10306.95
54,04,8.65,1910.00,22.96,26.64
05,44,8.97,1910.00,3200.31,3826.14
30,21B,14.55,1902.00,2300.11,4047.68
43,44,16.35,1899.00,716.25,1383.83
06B,02F,13.57,1898.00,695.56,1157.70
02F,06B,17.13,1898.00,277.04,555.57
23,70B,12.93,1897.00,3751.82,6009.23
04,54,9.03,1897.00,7.88,9.47
08,06B,9.80,1893.00,4350.47,5584.15
70B,52,23.15,1877.00,330.51,843.06
21A,25,6.50,1872.00,409.02,378.14
07,69B,13.85,1871.00,3467.13,5866.83
30,21A,14.50,1862.00,1767.42,3102.62
70B,26,10.74,1861.00,539.41,744.90
06B,69A,8.96,1856.00,22662.36,27070.14
24B,06A,8.67,1856.00,16969.98,19739.70
23,21B,9.36,1855.00,3545.59,4385.43
18,45,10.69,1848.00,83.59,114.99
08,65B,19.76,1845.00,1070.35,2405.60
57,06B,5.15,1843.00,1461.31,1120.88
21B,37F,9.88,1835.00,502.64,649.20
46F,44,10.68,1832.00,544.43,748.28
07,24B,13.42,1829.00,5779.46,9533.42
44,05,8.86,1826.00,1748.02,2069.59
21B,44,12.30,1821.00,771.89,1187.44
70B,30F,19.45,1816.00,798.58,1772.32
12F,30F,8.20,1815.00,483.30,537.53
25,70B,13.79,1807.00,2519.80,4248.98
09,38,18.44,1805.00,471.54,1002.91
38,09,19.71,1805.00,1145.44,2569.11
06B,30,11.40,1804.00,972.97,1409.13
44,43,16.49,1803.00,949.61,1846.86
70A,44,11.87,1801.00,781.59,1169.24
44,70A,11.41,1801.00,2572.08,3728.04
30F,12F,7.84,1798.00,370.31,397.57
21B,30,11.00,1787.00,424.85,597.76
59,02F,5.95,1787.00,243.35,209.57
38,65B,24.77,1786.00,621.45,1673.30
65B,38,21.25,1786.00,144.94,345.29
22,57,3.49,1784.00,1098.85,617.45
06B,57,5.18,1774.00,3771.92,2906.50
12F,11F,6.46,1771.00,115.72,106.39
46F,70B,19.36,1767.00,1517.61,3356.38
45,60,5.88,1765.00,320.40,273.11
34,21B,8.73,1763.00,5331.72,6239.63
25,21A,7.22,1763.00,3475.59,3493.33
65B,21B,11.11,1757.00,4396.44,6235.63
60,45,6.14,1756.00,67.32,59.41
24B,07,12.21,1754.00,6851.33,10477.80
37F,21B,12.07,1751.00,3362.56,5097.48
65B,16,8.95,1740.00,392.19,467.95
26,70B,11.93,1738.00,2237.69,3359.40
40,07,7.81,1720.00,1622.06,1735.64
24B,34,10.34,1710.00,3986.70,5338.49
06B,35,7.32,1710.00,5171.33,5256.65
30F,21B,15.07,1704.00,1058.44,1916.17
65B,18,19.88,1703.00,500.00,1129.29
18,65B,21.44,1703.00,668.32,1603.71
30,06B,13.11,1700.00,901.51,1460.02
42,21B,15.06,1693.00,2901.70,5249.77
30F,17,8.80,1689.00,377.72,444.81
39F,37F,9.51,1681.00,426.45,533.96
06B,65A,13.49,1681.00,2842.74,4709.25
65A,06B,11.47,1681.00,220.98,321.49
41,68B,19.35,1680.00,1187.22,2624.38
17,30F,8.83,1671.00,385.75,455.30
11F,12F,8.71,1670.00,316.61,369.67
37F,39F,8.06,1668.00,292.84,321.41
70A,37F,13.88,1667.00,240.62,407.74
69A,30F,16.03,1662.00,396.16,753.24
30F,69A,17.96,1662.00,1041.52,2168.70
21B,30F,12.66,1661.00,1052.13,1656.32
68B,37F,20.48,1660.00,183.39,424.27
14F,15,6.69,1649.00,28.38,26.83
07,40,7.28,1647.00,514.47,520.56
21B,65B,10.76,1638.00,1454.05,2010.55
46F,63F,8.46,1637.00,2.37,2.71
21A,30F,12.75,1634.00,764.57,1211.08
43,02F,16.02,1629.00,332.47,632.01
68A,21A,9.86,1627.00,5338.96,6886.39
44,21B,11.57,1626.00,3248.95,4761.67
21A,22,8.45,1610.00,1095.59,1248.73
34,17,14.11,1608.00,248.80,427.15
45,18,12.69,1606.00,263.43,415.68
70A,61,16.59,1602.00,203.51,397.81
57,22,4.05,1601.00,1486.34,940.79
68A,30,21.72,1596.00,139.96,339.33
15,14F,7.11,1593.00,170.80,169.55
63F,46F,7.32,1578.00,3.03,3.08
25,65A,6.73,1577.00,2078.21,1975.00
35,70A,13.28,1572.00,1477.64,2416.83
65A,25,5.41,1570.00,137.92,110.11
34,21A,11.23,1565.00,2463.01,3523.99
22,68B,16.02,1554.00,500.50,951.37
21A,18,13.15,1549.00,822.81,1335.48
37F,70A,13.18,1548.00,2173.52,3533.69
70A,35,13.13,1541.00,617.03,1000.30
52,37F,11.34,1539.00,211.91,305.48
11F,43,17.09,1537.00,515.34,1031.30
21A,34,11.44,1536.00,1093.03,1587.45
37F,52,11.31,1530.00,714.68,1028.61
02F,43,19.70,1522.00,390.15,874.98
17,34,14.65,1517.00,161.24,285.28
35,06B,8.19,1507.00,1606.97,1785.72
09,43,13.91,1506.00,4074.28,6917.20
45,03,12.66,1502.00,55.59,87.52
61,70A,19.50,1488.00,1269.38,2823.02
65A,43,8.88,1481.00,685.72,813.50
22,21A,8.65,1476.00,1757.09,2041.20
43,41,17.34,1475.00,370.25,749.56
21A,42,19.52,1474.00,257.90,574.07
38,20,15.21,1468.00,152.80,278.63
07,65B,18.08,1464.00,1151.99,2411.48
24A,70B,13.89,1463.00,1309.97,2220.77
60,32,15.15,1453.00,155.87,283.35
07,52,15.19,1446.00,957.40,1743.85
13,07,10.99,1443.00,888.98,1250.26
68B,22,16.30,1441.00,626.04,1206.21
30F,21A,14.06,1437.00,928.53,1590.35
39F,06B,14.32,1435.00,645.10,1121.06
25,21B,9.88,1430.00,2429.47,3138.33
21B,25,8.43,1430.00,329.69,375.14
21B,42,15.24,1430.00,573.38,1047.12
68A,65A,12.06,1425.00,1855.10,2810.69
09,65B,17.08,1417.00,1450.06,2900.24
65B,09,15.41,1417.00,848.25,1562.79
11F,30F,11.62,1413.00,598.07,879.36
30F,11F,10.17,1413.00,110.08,145.50
70B,24A,15.24,1407.00,362.31,661.82
38,22,10.30,1405.00,2260.94,3019.45
69B,09,12.40,1402.00,712.55,1103.37
02F,11F,17.16,1400.00,41.04,82.43
60,10,2.89,1400.00,42.29,20.42
06A,02F,15.76,1399.00,90.15,169.10
16,65B,9.88,1398.00,1845.00,2381.97
45,49F,5.53,1397.00,34.54,28.03
06A,69B,9.53,1394.00,1410.19,1769.44
42,21A,18.90,1392.00,1407.46,3053.04
24B,44,13.49,1389.00,1408.12,2333.29
34,02F,11.74,1388.00,290.16,430.06
49F,45,5.77,1384.00,4.91,4.13
06B,39F,12.26,1381.00,336.67,516.67
02F,06A,19.72,1380.00,719.96,1615.77
65A,21B,7.85,1377.00,1482.55,1592.33
38,30F,11.41,1376.00,2931.94,4247.70
30F,38,10.63,1376.00,256.73,351.53
10,60,2.61,1371.00,28.40,12.65
68B,24A,15.42,1370.00,309.84,571.18
65B,06B,15.16,1369.00,751.72,1367.06
70A,16,6.86,1368.00,615.48,593.55
16,70A,9.85,1368.00,4486.89,5782.14
07,13,8.87,1367.00,545.20,645.67
59,11F,13.46,1359.00,22.92,37.90
69B,24A,10.65,1354.00,231.04,316.75
65B,07,16.60,1354.00,1727.57,3378.67
02F,18,14.88,1352.00,420.29,752.83
65A,68A,11.10,1348.00,222.92,315.87
05,02F,23.48,1345.00,208.33,537.43
43,23,7.88,1338.00,397.28,428.21
41,43,19.03,1335.00,977.02,2130.72
22,38,8.52,1324.00,286.41,328.56
11F,51F,6.29,1318.00,76.60,68.93
37F,30F,13.67,1316.00,834.71,1397.76
24A,69B,11.49,1316.00,532.40,775.81
11F,02F,15.45,1315.00,104.45,192.84
39F,06A,17.29,1311.00,1524.57,3079.68
02F,70B,24.63,1310.00,850.62,2279.96
51F,11F,6.85,1304.00,62.51,60.23
18,69B,17.27,1303.00,1822.17,3676.94
09,61,20.42,1299.00,357.34,824.57
30,68A,23.49,1295.00,265.41,684.95
44,24B,13.97,1294.00,1961.48,3341.02
44,01,5.43,1293.00,502.89,402.71
03,45,11.72,1292.00,11.83,17.51
61,09,21.03,1290.00,525.94,1242.64
18,09,8.50,1289.00,4962.76,5683.01
43,11F,16.95,1288.00,143.17,284.65
24A,69A,12.26,1285.00,1161.87,1782.89
11F,30,9.49,1281.00,273.42,341.91
06B,65B,15.96,1276.00,1627.27,3083.75
21A,68A,9.27,1276.00,1368.51,1678.83
21B,65A,8.71,1272.00,2769.03,3233.54
41,68A,15.48,1272.00,748.54,1384.02
39F,34,10.32,1270.00,1428.69,1910.90
44,09,12.25,1269.00,1076.37,1650.86
38,52,13.15,1264.00,1293.84,2099.87
52,38,13.37,1264.00,198.19,326.01
32,60,15.60,1257.00,49.99,93.02
20,38,14.53,1256.00,135.28,237.81
01,44,5.86,1251.00,1910.31,1625.61
43,17,16.04,1250.00,410.70,781.53
06A,57,7.51,1247.00,313.53,325.19
69A,24A,12.42,1243.00,183.98,285.24
16,09,10.13,1242.00,2047.00,2696.66
61,21A,15.39,1242.00,2020.24,3718.98
21A,61,11.97,1242.00,305.68,460.19
30,11F,7.91,1236.00,368.42,398.29
17,24B,17.90,1231.00,259.24,538.35
30,68B,22.28,1228.00,731.31,1809.36
09,44,13.87,1227.00,1523.02,2579.90
37F,02F,8.83,1225.00,617.27,728.91
50,38,28.98,1225.00,2.35,7.16
38,50,28.97,1225.00,2.80,8.54
06A,32,7.05,1218.00,640.13,631.10
16,43,16.99,1218.00,1162.50,2315.90
24B,17,17.66,1216.00,453.79,932.45
68B,30,20.15,1214.00,198.39,453.00
57,06A,7.63,1211.00,2293.06,2408.17
11F,59,12.19,1209.00,18.37,28.05
69B,18,16.07,1205.00,416.38,793.18
38,57,8.55,1205.00,1272.95,1464.32
24B,41,22.66,1197.00,290.19,727.73
03,70B,30.96,1197.00,346.19,1114.36
02F,34,13.97,1196.00,479.53,816.78
34,39F,8.20,1192.00,234.96,261.40
05,18,11.68,1192.00,3119.44,4604.86
39F,05,26.32,1190.00,189.27,535.01
30F,37F,14.00,1188.00,113.78,194.15
30,42,23.14,1184.00,228.70,583.26
42,30,22.67,1184.00,124.38,312.00
02F,37F,10.98,1183.00,196.36,275.93
65B,37F,20.99,1179.00,114.12,269.25
20,70A,12.75,1179.00,1122.23,1776.55
12F,24B,18.74,1171.00,255.33,550.09
68B,23,10.32,1169.00,221.41,296.05
09,69B,13.77,1166.00,3940.49,6636.37
68A,41,14.12,1163.00,436.93,750.85
38,60,19.19,1163.00,308.78,678.09
23,43,8.07,1162.00,2827.01,3106.65
07,44,17.24,1159.00,878.11,1769.65
24B,09,14.11,1154.00,2168.06,3723.10
65A,69A,7.73,1152.00,2131.08,2262.51
24B,12F,18.48,1152.00,322.33,686.86
02F,05,26.92,1149.00,111.15,319.94
39F,68A,26.42,1147.00,179.02,507.61
70B,02F,22.86,1146.00,178.40,450.56
57,38,6.75,1146.00,321.85,306.64
23,68B,12.58,1142.00,1463.29,2292.61
69A,18,13.02,1135.00,686.37,1105.44
09,16,10.12,1134.00,752.03,989.65
69A,65A,7.83,1131.00,2069.74,2219.28
14F,24B,16.30,1114.00,176.73,340.65
07,30,18.38,1113.00,340.19,721.54
18,02F,12.21,1110.00,636.61,973.94
09,18,8.30,1110.00,7019.16,7889.20
65B,42,24.43,1104.00,228.59,608.89
03,42,18.56,1101.00,120.03,256.58
43,65A,10.84,1093.00,2934.73,4081.37
37F,68B,20.67,1092.00,855.62,1993.45
09,52,20.00,1091.00,620.39,1407.90
52,09,19.44,1091.00,288.52,640.13
65B,41,22.19,1090.00,141.11,348.04
52,07,16.31,1080.00,968.73,1868.24
24A,68B,15.57,1074.00,384.37,714.21
18,40,9.92,1073.00,226.27,293.17
68A,06A,9.76,1072.00,7833.82,10017.04
32,52,10.88,1071.00,201.97,281.82
65B,34,19.75,1066.00,509.56,1144.93
08,35,11.82,1063.00,1999.62,2981.02
35,08,11.24,1063.00,715.30,1024.38
32,02F,9.85,1063.00,129.82,167.25
18,21A,15.10,1059.00,3237.32,5867.79
39F,21B,17.67,1058.00,1330.57,2735.47
60,38,18.40,1057.00,91.35,193.93
18,69A,13.64,1056.00,7248.35,12115.97
70A,01,6.58,1053.00,393.98,367.64
09,34,13.71,1053.00,2589.59,4346.41
26,46F,5.96,1052.00,73.95,63.73
44,07,14.76,1049.00,1754.39,3122.38
52,32,10.77,1048.00,353.50,489.17
65B,01,11.77,1048.00,133.62,198.51
17,43,15.47,1047.00,233.90,432.42
42,65B,24.21,1043.00,357.29,944.67
68B,25,13.73,1042.00,195.02,327.66
41,21B,16.29,1041.00,2246.12,4327.22
60,13,8.34,1039.00,133.44,150.49
13,60,8.27,1039.00,170.03,190.38
32,38,8.22,1037.00,228.99,255.21
14F,42,33.43,1037.00,12.02,41.15
70A,22,14.63,1035.00,467.56,826.59
61,69A,14.80,1035.00,3997.12,7129.67
34,68B,17.31,1029.00,1012.19,2046.68
38,69B,20.57,1028.00,1593.07,3697.13
43,52,19.11,1026.00,444.13,971.82
41,24B,21.27,1026.00,1158.84,2762.87
69B,23,5.99,1022.00,233.46,202.12
42,60,13.63,1022.00,336.28,561.72
01,65B,11.79,1022.00,681.38,1013.71
46F,26,8.82,1019.00,237.53,280.21
40,70A,8.70,1016.00,1147.42,1338.06
42,03,16.52,1016.00,184.40,359.15
23,69B,8.20,1015.00,2598.81,2891.06
18,05,12.30,1014.00,2014.12,3099.39
41,69A,16.70,1011.00,2983.94,5864.31
42,14F,33.45,1008.00,35.61,121.93
25,18,17.87,1008.00,270.72,561.45
69B,06A,9.72,1005.00,3422.90,4364.05
52,43,20.04,1000.00,433.68,986.04
37F,65B,22.46,999.00,308.95,769.43
22,70A,13.56,996.00,721.29,1200.07
32,43,9.50,994.00,842.32,1054.30
60,42,13.60,994.00,348.78,581.42
09,02F,20.20,994.00,320.07,732.28
38,32,9.42,993.00,1887.08,2345.10
17,68A,28.76,992.00,34.32,104.16
02F,65B,33.11,991.00,74.09,251.62
07,65A,17.24,991.00,1580.53,3185.49
20,70B,15.65,991.00,1953.04,3643.01
68A,17,29.89,985.00,92.66,289.99
68B,34,18.20,983.00,918.35,1932.61
37F,17,14.14,981.00,298.32,513.17
65A,34,14.90,981.00,150.62,270.14
34,65A,15.46,981.00,675.54,1247.95
17,37F,14.12,981.00,43.90,75.44
21B,41,15.63,980.00,277.44,517.14
32,34,4.83,978.00,2010.21,1465.71
69B,25,8.92,971.00,164.36,195.56
59,38,10.18,969.00,102.08,135.04
30,07,18.24,964.00,1285.00,2708.93
34,09,13.17,962.00,870.96,1415.10
61,05,17.95,961.00,613.39,1277.07
24B,02F,20.91,959.00,261.34,614.68
02F,24B,24.05,959.00,388.21,1021.04
70A,40,7.42,949.00,209.26,214.96
65B,02F,30.16,949.00,58.63,184.78
41,21A,19.90,947.00,1149.73,2599.16
25,69B,9.60,945.00,1446.61,1826.30
18,39F,16.81,939.00,132.79,262.25
06A,68A,9.53,935.00,754.72,946.74
09,06B,10.16,931.00,4103.39,5417.27
16,69B,9.67,931.00,3402.46,4318.91
18,65A,20.01,928.00,957.42,2174.12
43,32,8.79,923.00,1570.91,1847.08
30F,39F,9.01,923.00,115.10,138.05
02F,32,12.36,920.00,233.44,360.55
23,24A,5.02,918.00,1095.33,822.86
12F,37F,18.62,914.00,27.26,58.43
25,68B,13.96,914.00,908.00,1545.84
37F,12F,18.54,914.00,134.99,288.37
26,68A,8.71,906.00,625.14,729.70
09,24B,15.47,905.00,4881.93,9024.41
69A,61,11.30,903.00,280.60,403.44
69A,42,15.97,903.00,315.43,597.89
37F,30,10.43,902.00,436.94,589.48
30,37F,10.71,902.00,393.45,542.01
42,35,10.09,901.00,1376.54,1807.59
70A,65A,13.49,901.00,1090.74,1806.60
30,02F,16.87,894.00,168.08,332.98
22,25,5.58,889.00,244.87,200.37
69B,16,8.45,889.00,239.17,272.61
34,65B,18.78,885.00,366.83,791.73
07,34,9.34,884.00,4973.52,6138.92
57,07,10.34,883.00,998.79,1337.84
69B,42,20.42,882.00,178.08,410.88
69B,34,15.00,878.00,480.21,866.12
16,24B,15.39,878.00,2100.05,3865.70
24A,65A,9.37,876.00,565.05,699.55
25,22,5.92,875.00,1358.21,1163.94
07,57,11.78,871.00,661.60,983.69
24A,23,4.47,868.00,177.78,121.76
02F,09,22.88,868.00,181.09,457.65
06B,17,17.90,867.00,495.25,1028.47
06B,60,19.81,866.00,315.24,710.00
60,06B,20.35,866.00,197.09,453.56
57,21A,8.68,866.00,1234.17,1436.82
05,39F,24.94,866.00,72.94,197.48
06A,41,11.03,865.00,239.95,338.35
02F,30,19.17,862.00,67.48,148.03
30F,69B,17.36,857.00,448.65,909.32
69B,30F,16.00,857.00,367.09,696.94
11F,18,21.64,857.00,197.34,476.94
41,06A,13.22,855.00,3743.03,6099.97
24B,14F,15.99,854.00,275.26,522.47
32,70A,9.96,849.00,995.57,1293.70
30F,70A,19.67,849.00,478.50,1071.77
68A,26,8.36,846.00,638.87,721.93
01,70A,8.92,846.00,2885.66,3432.91
41,06B,13.95,843.00,976.03,1660.57
13,06A,14.97,843.00,598.79,1078.02
39F,30F,9.61,841.00,1432.05,1809.21
29F,60,6.34,839.00,198.65,179.87
35,42,9.50,838.00,941.83,1179.25
68B,35,21.12,838.00,396.10,938.93
05,24A,18.75,835.00,295.01,635.81
24A,05,19.53,835.00,103.37,230.23
60,29F,9.41,833.00,98.49,122.28
44,63F,4.56,831.00,12.63,8.79
32,06A,7.80,830.00,2310.50,2469.88
70A,32,10.37,830.00,649.53,871.63
42,69A,16.42,828.00,3411.18,6611.08
07,45,14.66,824.00,54.45,96.42
63F,44,4.78,824.00,94.25,68.07
21B,57,6.34,824.00,1023.55,926.70
65A,24A,8.03,818.00,125.70,137.50
57,21B,7.31,817.00,2279.27,2312.71
07,60,17.58,814.00,363.43,744.02
69B,14F,13.20,814.00,102.54,166.93
29F,70B,16.79,814.00,602.22,1188.43
21A,57,8.39,814.00,431.03,488.36
45,07,16.21,811.00,389.51,747.21
12F,39F,9.31,809.00,45.72,56.28
39F,12F,10.36,809.00,366.78,491.90
11F,70B,25.97,807.00,759.78,2124.84
65A,70A,12.44,803.00,454.34,705.27
52,21B,21.57,802.00,631.41,1522.28
21B,52,20.30,802.00,239.70,550.60
63F,68B,7.51,800.00,129.08,133.81
18,29F,5.12,800.00,1252.63,956.44
68B,63F,7.15,800.00,9.78,9.76
54,35,17.40,798.00,93.55,189.91
06B,41,13.22,796.00,955.63,1557.50
01,21B,12.09,795.00,2038.43,3093.41
54,52,9.73,786.00,262.21,334.53
39F,22,10.85,785.00,707.40,984.39
69A,34,13.40,781.00,651.91,1074.33
08,16,12.99,780.00,450.77,724.43
34,69A,12.41,780.00,3690.14,5717.31
30F,34,12.85,778.00,533.20,849.88
38,08,18.27,776.00,959.54,2026.02
21B,01,15.17,774.00,78.52,142.87
35,68B,21.72,774.00,534.64,1296.12
16,06A,12.90,772.00,3728.01,5958.86
05,26,12.89,771.00,461.72,737.42
70A,52,19.99,767.00,233.39,529.58
52,70A,20.07,765.00,561.30,1277.72
41,65B,24.23,763.00,323.05,854.76
21A,12F,22.03,763.00,76.24,186.92
70A,60,25.88,763.00,70.82,197.54
15,24B,19.16,762.00,341.77,749.37
24B,15,18.78,762.00,78.37,169.12
12F,21A,21.96,760.00,161.54,395.03
38,42,17.41,759.00,994.12,2019.76
38,69A,18.83,756.00,4720.36,10208.46
60,07,19.40,755.00,597.60,1323.85
03,18,23.37,753.00,109.52,281.56
63F,70B,11.99,752.00,137.02,206.58
09,60,22.00,747.00,260.55,638.26
60,09,22.03,747.00,196.08,480.74
38,35,8.27,742.00,3727.22,4176.12
24A,11F,15.32,741.00,25.22,46.25
60,49F,10.03,741.00,23.06,30.14
43,35,10.81,738.00,1581.61,2195.03
42,69B,20.28,738.00,900.10,2065.51
35,43,11.97,738.00,1401.20,2109.11
38,59,10.40,738.00,119.14,160.30
39F,18,17.46,738.00,496.70,1011.10
08,20,7.84,736.00,630.03,676.46
37F,65A,19.25,736.00,524.79,1155.41
05,61,16.26,735.00,494.99,952.28
35,54,13.86,735.00,21.41,36.26
34,35,6.39,734.00,2122.69,1933.89
60,70A,23.15,733.00,368.13,939.30
20,68B,22.09,731.00,361.62,888.72
34,07,9.28,730.00,4142.40,5090.06
08,65A,19.87,730.00,1319.88,2980.55
17,70B,24.78,725.00,310.64,836.80
16,37F,21.88,725.00,109.55,267.17
34,32,5.30,724.00,2025.20,1588.52
65B,15,8.71,723.00,169.97,198.43
41,20,7.45,722.00,317.10,326.71
42,37F,11.95,720.00,427.49,642.69
11F,21B,21.97,720.00,525.50,1285.73
51F,30,15.30,719.00,25.67,47.05
35,38,7.35,715.00,755.26,769.96
70B,14F,20.64,713.00,134.83,313.79
43,40,17.24,712.00,67.37,135.78
11F,24A,16.05,710.00,87.41,166.38
42,44,22.31,708.00,291.62,722.27
15,44,11.62,706.00,233.07,342.57
44,15,10.73,706.00,89.74,123.83
22,37F,10.17,705.00,154.34,204.06
37F,22,10.72,705.00,853.56,1177.00
30,65B,21.27,703.00,342.16,815.89
13,70B,17.95,703.00,767.26,1597.08
15,65B,9.41,698.00,512.70,636.61
17,51F,9.40,696.00,12.76,15.84
49F,60,9.62,695.00,16.98,21.46
52,54,8.58,694.00,48.57,56.03
68B,40,18.04,694.00,58.78,122.85
21B,32,9.89,693.00,755.08,976.20
35,21B,13.81,693.00,1773.73,2993.90
57,30F,8.72,691.00,510.10,595.92
08,52,17.04,691.00,844.60,1686.27
22,39F,9.77,691.00,70.08,89.71
45,09,17.99,688.00,133.75,278.85
09,45,18.03,688.00,40.44,84.49
14F,70B,19.98,687.00,270.24,612.94
16,46F,11.28,687.00,74.07,106.34
57,70A,10.98,686.00,776.77,1091.76
20,41,8.35,686.00,435.41,491.34
37F,60,16.96,685.00,161.68,321.67
16,08,13.37,684.00,846.38,1391.96
32,08,8.66,684.00,457.31,531.35
08,32,9.71,684.00,1943.95,2476.40
51F,17,9.19,683.00,89.24,108.79
22,69A,12.00,683.00,1672.14,2521.95
15,70B,19.59,681.00,750.82,1675.94
12F,22,13.46,680.00,112.71,186.39
22,12F,13.55,680.00,88.91,147.79
34,68A,16.93,678.00,426.67,847.64
06A,52,17.11,678.00,145.23,290.96
52,06A,18.36,678.00,955.72,2025.56
68A,34,17.04,678.00,858.46,1714.07
29F,18,6.03,677.00,840.69,731.97
02F,70A,22.28,676.00,395.95,979.80
70A,02F,19.48,676.00,129.48,287.71
26,05,13.07,673.00,290.94,469.99
45,70B,23.09,673.00,441.52,1124.14
18,60,14.39,673.00,442.70,772.32
11F,22,14.43,671.00,243.93,426.49
43,14F,20.93,670.00,120.07,282.57
05,17,30.05,669.00,157.48,494.90
37F,42,12.54,667.00,784.63,1225.72
40,43,17.48,666.00,218.89,445.97
40,68B,15.81,666.00,336.03,632.05
40,18,9.90,665.00,418.77,541.67
23,70A,14.70,665.00,1106.44,1963.61
59,43,20.69,663.00,121.53,283.43
22,11F,13.56,663.00,44.39,73.83
46F,65A,18.05,663.00,343.13,717.47
34,69B,14.65,660.00,1065.13,1885.12
42,38,16.77,658.00,282.52,556.84
52,08,16.22,658.00,298.65,573.17
21A,35,15.20,658.00,359.91,655.87
39F,69A,21.47,658.00,1258.95,3023.95
65A,07,14.63,655.00,374.42,661.70
46F,16,12.81,654.00,99.40,157.98
35,34,6.35,653.00,3070.11,2785.56
06B,69B,11.72,653.00,5335.56,7898.19
60,43,25.00,653.00,243.21,659.86
69B,06B,10.48,653.00,856.22,1158.74
24B,57,6.22,652.00,2334.87,2082.41
32,29F,3.87,651.00,291.23,177.70
30,69B,18.10,650.00,835.74,1751.14
38,21A,16.99,650.00,3168.72,6313.85
69B,30,15.30,650.00,122.43,224.24
22,65B,15.34,650.00,232.83,427.53
22,18,13.61,647.00,338.94,565.39
08,38,17.32,645.00,528.28,1068.60
42,49F,13.23,644.00,34.03,55.51
21B,11F,19.21,643.00,67.90,149.23
02F,21A,25.48,642.00,300.38,827.38
14F,69B,13.28,638.00,170.20,278.52
22,17,12.43,636.00,135.78,210.67
49F,42,13.69,636.00,22.20,37.21
18,44,21.08,635.00,479.32,1134.61
06B,61,21.72,634.00,309.64,750.70
14F,43,20.34,633.00,76.58,176.18
02F,08,20.13,631.00,168.49,384.37
08,02F,18.07,631.00,395.25,827.20
29F,32,5.39,630.00,404.54,321.63
65B,22,16.06,629.00,421.10,802.10
70A,57,12.05,628.00,267.46,404.70
40,21B,14.33,628.00,548.93,954.25
70A,30F,19.24,627.00,430.02,946.12
68A,57,16.06,627.00,204.65,389.82
37F,16,22.72,627.00,54.96,138.13
30,65A,16.54,626.00,706.75,1377.76
20,06A,12.34,626.00,1703.87,2629.09
17,06B,18.47,626.00,88.17,187.74
26,69A,10.16,625.00,2132.49,2815.81
35,21A,17.15,621.00,878.02,1762.51
16,61,11.07,620.00,517.48,731.92
42,06B,11.43,617.00,1605.35,2328.87
68B,14F,14.46,616.00,240.37,420.88
02F,04,15.17,616.00,14.31,26.04
30,51F,13.88,615.00,30.18,51.15
60,34,18.97,614.00,260.89,567.65
44,42,21.39,613.00,239.30,573.05
40,05,7.03,612.00,719.25,707.64
60,06A,22.35,612.00,562.69,1395.67
46F,68A,15.29,611.00,362.20,663.29
68A,46F,13.05,611.00,66.58,107.37
34,25,11.81,611.00,129.26,192.48
25,34,13.11,611.00,505.73,818.92
32,42,7.98,610.00,506.41,551.30
42,32,9.11,609.00,1108.12,1340.83
06B,68A,12.91,608.00,2352.31,3761.71
68A,06B,12.30,608.00,1431.71,2203.02
49F,70B,26.98,606.00,45.90,132.37
11F,09,27.36,606.00,125.77,366.73
09,11F,29.33,606.00,73.15,225.48
61,21B,17.91,605.00,1952.95,4058.81
20,08,8.22,605.00,936.33,1044.01
46F,24B,23.17,604.00,461.19,1177.54
15,46F,7.47,604.00,42.53,43.94
14F,21A,15.31,603.00,174.10,319.10
21B,61,17.24,603.00,199.58,402.30
52,20,8.68,602.00,115.11,134.00
20,52,8.60,602.00,597.57,690.66
04,02F,17.11,602.00,17.73,35.52
46F,70A,22.02,601.00,447.29,1096.36
30,06A,15.11,600.00,2338.06,4240.97
21A,02F,22.45,599.00,76.19,189.65
21A,14F,14.96,597.00,105.63,190.10
21B,17,18.66,596.00,185.11,397.41
34,30F,11.17,596.00,1038.24,1478.94
51F,59,8.39,594.00,9.47,10.73
69A,26,8.57,594.00,285.69,329.27
69A,22,12.14,594.00,434.03,661.08
59,51F,8.25,594.00,15.38,17.20
14F,68B,14.44,593.00,190.97,334.09
44,18,18.38,593.00,469.36,995.52
32,21B,10.73,592.00,1113.18,1535.76
50,03,11.00,586.00,10.31,14.51
65A,37F,16.81,586.00,29.93,59.13
03,50,11.04,582.00,2.64,3.73
60,18,15.10,580.00,409.29,742.06
06B,09,9.28,579.00,5619.45,6901.60
46F,15,8.75,578.00,87.31,102.36
61,06B,22.56,577.00,392.24,980.09
16,21B,11.92,576.00,3984.25,5977.20
18,03,20.75,575.00,171.49,400.83
24B,11F,18.72,574.00,157.12,338.23
11F,24B,19.77,574.00,570.42,1282.92
14F,18,28.70,573.00,23.62,71.56
18,14F,30.06,573.00,64.74,203.51
25,05,18.94,573.00,208.69,453.46
24A,38,12.58,572.00,95.34,149.34
07,26,18.72,572.00,221.70,477.22
65A,18,17.17,572.00,112.75,226.50
26,07,18.01,572.00,426.36,889.96
65A,57,10.56,571.00,63.48,86.49
02F,16,32.26,570.00,14.20,47.24
16,02F,28.81,570.00,67.01,203.59
57,68A,15.52,568.00,151.86,281.45
57,24B,6.48,568.00,2546.90,2348.17
65B,30,19.45,568.00,139.24,309.02
21B,35,12.00,567.00,782.35,1180.24
07,29F,8.18,567.00,601.92,668.09
59,24B,24.78,567.00,125.60,338.36
70A,23,14.77,567.00,65.12,115.96
46F,21A,20.29,564.00,522.48,1199.59
29F,07,10.37,564.00,685.41,920.43
03,21B,33.24,562.00,148.71,506.63
65A,14F,11.05,562.00,45.23,63.89
61,16,12.18,561.00,244.53,373.34
69B,26,7.29,560.00,364.03,368.85
60,37F,16.17,558.00,90.88,174.03
37F,24A,12.52,558.00,277.68,433.26
30F,68B,21.40,557.00,391.56,938.07
45,21B,23.72,557.00,207.09,538.77
09,13,13.04,553.00,283.03,456.33
09,30F,23.51,549.00,765.92,1977.97
30F,65B,19.61,549.00,198.96,444.48
65B,30F,19.79,549.00,441.17,992.76
05,37F,16.89,548.00,379.72,752.83
06B,11F,18.39,547.00,182.39,387.15
16,69A,8.35,546.00,11334.91,12794.16
69A,16,4.35,546.00,979.13,655.91
69A,01,6.57,546.00,253.11,235.75
17,22,12.45,541.00,122.11,189.66
65A,06A,11.17,541.00,801.34,1141.96
13,09,13.15,540.00,262.50,426.18
30F,18,19.59,540.00,228.28,509.55
17,07,22.91,540.00,157.97,399.60
18,30F,20.01,540.00,768.57,1744.74
22,06B,8.65,537.00,732.70,851.13
06B,22,8.74,537.00,3417.40,4001.17
07,17,23.93,534.00,251.43,658.75
69A,25,9.68,533.00,150.96,191.86
05,40,6.69,530.00,601.99,569.09
18,68A,15.34,529.00,1235.26,2267.26
68A,18,14.09,529.00,1248.21,2140.79
07,61,23.44,528.00,241.48,622.16
61,07,23.00,528.00,1039.95,2639.29
05,25,19.30,528.00,138.91,306.42
59,70B,27.08,527.00,241.66,698.84
18,11F,22.90,526.00,87.20,220.56
02F,39F,14.33,524.00,48.25,83.91
39F,02F,13.36,524.00,228.90,376.21
14F,65A,10.46,523.00,193.73,261.92
17,21B,20.72,523.00,220.01,513.60
34,60,20.50,521.00,91.83,212.61
13,21B,18.44,521.00,360.02,765.62
65B,63F,9.30,521.00,3.79,4.66
46F,09,22.83,519.00,200.62,506.13
63F,65B,10.17,516.00,30.02,39.66
57,65A,12.39,515.00,314.68,487.01
17,24A,13.79,514.00,44.09,74.33
60,68B,32.33,513.00,182.81,609.16
34,05,16.80,512.00,454.82,897.83
08,12F,31.03,509.00,129.19,416.54
30F,57,9.18,509.00,221.57,269.81
65A,30,13.66,508.00,47.50,79.47
25,69A,11.48,508.00,2515.33,3661.99
34,14F,25.64,507.00,37.47,103.72
14F,34,26.51,507.00,27.85,79.18
54,70B,32.28,505.00,257.94,858.30
70A,14F,23.23,504.00,56.07,143.45
14F,70A,22.69,504.00,79.91,200.61
53,54,7.02,504.00,5.10,5.02
54,53,7.61,504.00,6.98,7.31
12F,43,17.18,503.00,204.81,411.72
24A,65B,14.08,501.00,200.75,344.03
65B,24A,14.82,501.00,219.22,391.52
09,03,22.41,500.00,202.31,502.85
43,60,24.84,500.00,133.59,360.59
03,09,25.24,500.00,95.71,261.67
45,52,9.14,499.00,260.32,315.95
52,45,9.01,499.00,35.82,42.96
09,32,11.54,498.00,1393.27,2037.33
26,69B,8.14,498.00,1337.89,1479.57
34,52,14.76,498.00,348.32,620.20
32,09,10.74,498.00,412.12,569.16
52,34,13.93,498.00,554.90,942.94
43,12F,18.00,490.00,253.75,529.47
42,12F,31.57,489.00,62.54,204.46
42,65A,23.66,489.00,466.96,1212.02
12F,42,31.26,489.00,26.25,85.14
60,05,25.94,482.00,120.18,335.80
05,60,25.85,482.00,165.98,462.43
06A,30,14.36,481.00,107.27,186.78
21B,29F,13.83,478.00,94.08,158.98
15,21B,20.07,478.00,354.00,805.74
20,45,7.86,477.00,37.92,40.78
06A,69A,6.20,477.00,8268.54,7359.46
24A,17,13.82,473.00,79.72,134.61
57,02F,14.50,472.00,56.87,99.81
42,52,12.93,472.00,735.35,1177.31
54,60,9.64,472.00,135.72,171.93
52,42,12.26,472.00,491.76,754.61
22,23,7.01,469.00,99.64,97.79
08,14F,29.14,468.00,93.66,287.18
08,39F,22.07,468.00,104.68,257.06
39F,08,21.95,468.00,230.58,563.75
14F,08,27.76,468.00,18.53,54.67
17,02F,17.61,464.00,29.93,61.35
02F,17,18.20,464.00,93.79,197.44
29F,21B,16.01,463.00,327.80,622.80
24A,37F,13.38,462.00,64.78,106.60
30,69A,17.76,460.00,2154.55,4447.63
24B,29F,18.54,458.00,114.98,245.63
35,59,12.18,454.00,24.53,37.44
06B,42,10.92,454.00,2748.54,3845.68
05,12F,32.55,452.00,104.42,349.80
37F,05,18.73,452.00,440.78,949.25
12F,05,33.42,452.00,28.80,98.54
37F,69A,15.67,450.00,2786.57,5204.05
18,25,19.07,450.00,117.71,257.14
69A,06A,6.34,450.00,8727.52,7902.38
01,69A,8.69,450.00,5507.74,6419.64
60,54,8.80,447.00,40.24,47.39
69B,12F,25.24,447.00,43.86,119.89
12F,69B,25.23,447.00,90.03,246.07
30,25,10.35,447.00,201.39,269.89
59,35,12.26,446.00,124.25,190.65
45,20,7.74,444.00,57.44,61.01
18,24A,16.65,443.00,309.19,606.16
11F,06A,21.65,443.00,593.50,1435.04
24A,18,16.70,443.00,163.25,320.77
39F,70A,21.00,441.00,725.45,1712.12
70A,25,16.89,438.00,77.59,153.86
06A,22,10.53,436.00,411.78,559.42
30,18,17.73,436.00,563.84,1162.35
18,30,17.68,436.00,300.05,617.04
02F,69B,28.64,435.00,174.98,529.26
18,22,15.59,435.00,795.64,1480.05
07,03,21.29,434.00,199.53,476.05
03,07,25.70,434.00,218.38,605.64
06B,44,17.29,433.00,961.56,1942.26
21A,11F,22.68,433.00,35.97,90.25
25,30,9.44,433.00,258.23,321.69
11F,21A,22.76,433.00,373.81,940.94
44,06B,15.35,433.00,588.27,1080.45
70B,17,27.82,432.00,149.20,440.85
12F,24A,14.38,430.00,43.77,76.31
09,30,21.99,430.00,266.72,653.14
30,09,21.74,430.00,382.36,927.66
24A,61,18.90,426.00,39.24,85.12
14F,46F,10.98,426.00,7.38,10.37
46F,14F,15.56,426.00,70.42,130.77
06B,40,13.48,425.00,165.24,273.63
18,52,11.51,422.00,1360.39,1985.46
59,54,10.10,421.00,10.46,13.75
26,30,23.48,416.00,27.75,71.59
05,34,16.11,416.00,1649.45,3148.77
06A,65A,11.97,415.00,630.95,950.03
11F,34,14.84,415.00,422.19,754.65
40,69B,17.78,414.00,200.50,414.13
49F,06A,24.84,413.00,29.41,79.37
54,43,28.54,413.00,96.84,292.08
23,69A,10.44,413.00,3981.19,5372.59
65B,23,8.79,413.00,199.67,234.75
69A,23,6.35,413.00,225.51,204.39
23,65B,10.06,413.00,975.84,1278.86
41,16,16.61,410.00,125.09,244.75
16,41,15.96,410.00,284.52,539.17
40,06A,11.90,410.00,872.08,1307.14
70B,12F,30.26,408.00,98.09,310.01
68B,52,29.40,408.00,179.25,553.57
40,06B,13.35,407.00,201.43,330.86
65A,22,9.34,405.00,209.35,258.57
35,41,13.99,403.00,221.29,377.49
41,35,13.80,403.00,666.32,1124.06
39F,42,21.79,402.00,220.07,535.00
24A,57,5.91,398.00,277.94,237.99
61,24A,21.47,397.00,120.68,289.87
09,37F,14.28,397.00,604.40,1047.79
52,18,12.08,395.00,733.34,1112.08
63F,16,4.67,394.00,25.85,18.35
65B,17,28.36,392.00,82.12,246.39
17,65B,27.63,392.00,39.33,115.60
25,70A,15.24,388.00,787.16,1437.26
39F,68B,26.13,388.00,453.75,1275.31
25,06A,12.75,386.00,1600.98,2534.98
05,30F,24.00,385.00,645.53,1695.25
30F,05,24.67,385.00,124.71,334.71
34,11F,14.29,384.00,94.25,163.54
16,17,32.64,384.00,64.65,217.06
60,69A,28.25,384.00,448.36,1341.36
16,42,19.08,384.00,390.74,854.22
16,65A,13.61,384.00,1213.00,2023.31
42,16,17.13,384.00,129.81,260.34
70A,13,16.64,383.00,65.36,128.06
54,06B,25.53,382.00,64.98,179.27
52,68B,28.98,382.00,260.83,796.27
12F,70B,26.86,381.00,285.56,820.36
23,06B,12.15,380.00,670.41,1021.29
06B,23,11.15,378.00,297.64,423.47
57,68B,15.57,377.00,374.35,695.42
57,69A,10.98,377.00,1410.40,1981.38
04,53,7.54,374.00,2.82,2.93
53,04,7.44,374.00,4.81,4.96
68B,11F,29.61,371.00,44.83,139.23
24A,12F,14.02,371.00,60.24,102.91
11F,68B,30.15,371.00,208.10,655.70
23,22,7.00,371.00,1270.13,1245.15
17,05,30.20,369.00,32.67,103.07
22,65A,10.85,367.00,580.86,808.58
69A,57,11.27,367.00,195.20,280.16
54,59,10.31,364.00,13.45,17.97
02F,68B,30.84,363.00,200.22,642.39
68B,02F,28.12,363.00,103.19,307.49
54,70A,29.70,363.00,116.10,361.50
01,42,17.55,363.00,243.39,497.52
20,21B,15.76,361.00,953.54,1788.52
22,06A,10.39,360.00,1748.85,2352.11
13,70A,15.06,360.00,415.22,751.31
02F,57,18.10,358.00,60.50,126.79
07,11F,24.51,355.00,93.27,249.06
37F,69B,18.20,354.00,832.05,1751.15
69B,37F,17.65,354.00,87.81,180.34
68B,57,15.96,354.00,252.94,479.32
29F,24B,18.41,352.00,218.05,463.17
65B,35,23.82,351.00,203.43,531.02
35,65B,24.38,351.00,180.99,481.28
01,69B,10.92,349.00,1404.04,1964.60
69B,01,11.05,348.00,82.49,116.50
13,49F,10.58,347.00,9.90,13.50
26,15,7.49,347.00,66.65,69.01
02F,69A,25.82,346.00,534.84,1488.90
69A,02F,23.96,346.00,54.71,143.47
16,63F,4.57,342.00,16.32,11.38
30,61,27.67,342.00,71.28,209.72
61,30,27.06,342.00,83.06,240.08
46F,42,31.80,342.00,70.05,230.37
09,25,20.02,341.00,146.87,333.62
20,02F,10.91,340.00,195.55,273.33
57,24A,5.60,340.00,344.06,282.33
02F,20,13.24,340.00,42.97,70.13
37F,68A,19.85,340.00,374.12,843.94
61,06A,20.75,339.00,1596.10,3730.72
03,13,16.85,338.00,20.96,41.48
13,03,16.10,338.00,36.10,68.87
23,37F,16.60,337.00,104.51,204.38
60,03,16.83,336.00,69.12,136.69
03,60,16.89,336.00,54.65,108.37
15,26,8.29,333.00,136.16,152.85
24B,35,15.72,333.00,1001.08,1874.51
11F,07,23.47,332.00,404.26,1042.65
30F,09,22.20,331.00,181.09,446.81
45,70A,20.16,331.00,220.72,504.24
38,24A,12.36,330.00,696.51,1075.70
59,17,15.12,329.00,46.68,84.73
17,59,14.68,329.00,4.71,8.35
60,21B,25.72,328.00,387.62,1075.55
03,41,17.86,327.00,65.98,136.81
39F,51F,9.15,327.00,59.32,72.03
41,65A,24.37,327.00,398.65,1059.50
40,68A,11.61,326.00,251.25,369.24
65A,01,14.96,326.00,13.92,25.05
01,65A,15.09,326.00,519.58,941.22
12F,57,16.02,322.00,30.86,58.64
25,09,17.96,322.00,273.09,568.70
21B,02F,17.65,322.00,167.01,342.98
02F,21B,22.39,322.00,509.55,1265.54
18,49F,16.61,321.00,31.68,61.98
69B,02F,25.39,321.00,44.99,123.57
20,60,10.53,317.00,202.72,275.45
60,20,10.65,317.00,66.68,91.44
49F,13,10.58,316.00,5.35,7.30
12F,02F,22.59,316.00,19.63,49.12
61,01,14.46,315.00,102.25,179.09
42,01,17.15,315.00,76.39,153.32
57,65B,16.18,315.00,147.82,283.23
06B,20,9.39,314.00,435.72,540.46
20,06B,11.14,314.00,607.13,863.24
07,49F,18.01,313.00,33.00,68.88
57,12F,16.26,312.00,43.61,83.85
30,26,25.16,312.00,50.47,137.64
49F,18,17.62,312.00,19.41,39.80
13,08,9.67,311.00,350.11,444.32
08,13,9.58,311.00,518.28,652.99
25,30F,7.98,310.00,1186.01,1291.43
20,09,11.46,309.00,669.56,973.33
04,70A,37.64,308.00,28.71,108.03
65A,26,9.55,308.00,65.74,82.59
32,41,11.97,308.00,114.55,172.50
01,06A,12.37,308.00,2135.49,3300.34
35,22,14.50,306.00,322.27,565.57
35,24B,16.01,306.00,1159.90,2203.84
51F,12F,14.41,305.00,28.24,49.32
12F,51F,14.18,305.00,6.05,10.44
24B,32,13.72,304.00,862.05,1447.85
68A,15,15.13,303.00,70.61,128.20
32,24B,13.50,303.00,618.81,1025.48
49F,07,20.79,303.00,33.61,78.67
15,68A,16.68,303.00,154.18,302.63
42,30F,24.96,302.00,336.43,911.52
09,57,15.28,302.00,441.76,808.61
30F,42,25.42,302.00,93.62,257.39
06B,16,16.23,301.00,286.56,550.25
52,24B,23.88,300.00,452.86,1184.47
16,06B,15.36,300.00,763.72,1403.45
24B,52,24.04,300.00,375.61,987.59
37F,09,15.06,300.00,802.65,1451.64
68A,37F,19.36,298.00,168.22,372.04
37F,51F,14.83,298.00,26.63,47.57
68A,40,11.11,298.00,127.04,180.20
38,41,21.81,295.00,322.75,785.05
41,38,20.51,295.00,170.98,395.96
51F,37F,16.59,294.00,20.88,40.80
44,14F,15.26,294.00,113.10,206.80
01,61,13.10,294.00,194.73,315.01
14F,44,13.91,294.00,60.84,103.31
06B,52,15.81,293.00,972.95,1830.04
70A,03,27.46,292.00,50.66,148.14
54,07,26.10,291.00,171.42,481.30
06A,24A,11.05,290.00,165.58,233.86
45,06A,20.36,289.00,308.24,709.71
65B,11F,28.81,288.00,30.95,94.04
41,32,12.43,287.00,539.12,836.34
44,06A,13.65,285.00,2561.16,4282.97
03,44,38.77,285.00,24.10,92.85
29F,02F,7.02,285.00,167.83,164.84
09,20,10.42,285.00,361.20,486.72
06A,44,14.48,285.00,239.42,419.82
68B,30F,20.62,283.00,621.84,1445.92
49F,50,7.18,283.00,0.63,0.63
50,49F,7.45,282.00,2.66,2.74
29F,70A,14.25,282.00,318.52,551.42
18,23,19.04,281.00,75.71,165.20
23,18,17.95,280.00,351.01,730.78
32,65B,21.26,280.00,90.18,214.95
65B,32,21.54,280.00,163.29,393.21
13,35,8.81,279.00,335.87,395.61
13,32,9.54,279.00,187.54,235.60
35,13,8.61,279.00,165.15,191.10
02F,29F,9.06,279.00,105.76,127.44
32,13,9.05,279.00,56.61,68.19
65B,57,16.79,279.00,149.43,294.86
20,35,6.70,277.00,1121.80,1062.21
25,65B,11.63,277.00,558.05,821.06
26,65A,9.93,277.00,634.40,822.58
35,20,6.88,277.00,210.98,203.95
46F,69A,18.25,276.00,1180.74,2490.79
16,57,18.90,274.00,122.91,266.66
03,70A,28.36,272.00,157.31,472.02
37F,21A,14.86,270.00,1694.02,3032.71
06B,24A,9.69,270.00,1231.59,1566.20
24A,68A,17.08,270.00,128.83,257.77
30F,25,8.22,270.00,157.80,175.85
68A,24A,16.99,270.00,209.21,416.74
24A,06B,10.62,270.00,353.10,483.06
06A,65B,13.99,268.00,370.38,631.57
65B,06A,14.25,268.00,2929.77,5070.74
52,59,10.31,267.00,29.72,39.71
60,30,26.25,267.00,36.11,101.85
30,60,27.48,267.00,61.20,179.07
63F,17,36.06,264.00,0.91,3.32
39F,61,31.89,264.00,45.80,150.96
45,61,37.40,264.00,9.34,34.97
61,39F,33.95,264.00,21.11,73.14
70A,11F,28.78,263.00,28.57,86.74
11F,70A,25.23,263.00,306.73,838.36
38,40,22.81,262.00,53.09,133.85
40,38,20.91,262.00,31.09,73.11
61,08,24.55,262.00,278.08,743.44
08,30F,23.76,262.00,741.01,1929.89
08,61,23.42,262.00,268.32,691.00
30F,08,22.32,262.00,129.04,319.75
08,17,27.44,262.00,212.27,620.42
70A,29F,14.26,261.00,83.57,144.71
68A,14F,19.14,261.00,112.41,246.32
52,06B,16.06,260.00,362.48,690.46
46F,05,18.98,259.00,246.69,536.93
59,52,9.88,259.00,167.68,216.58
57,37F,6.29,259.00,285.10,256.64
22,42,20.16,258.00,106.62,243.57
65B,25,12.28,258.00,159.47,244.99
32,39F,12.78,257.00,30.45,48.32
39F,32,13.64,257.00,312.06,521.41
14F,09,24.79,256.00,32.28,86.97
09,14F,26.61,256.00,113.64,324.05
45,02F,13.47,256.00,63.16,104.48
26,21A,11.71,255.00,877.70,1298.43
21A,26,10.26,255.00,243.55,324.19
14F,68A,18.78,254.00,45.54,98.29
39F,52,17.22,254.00,261.67,526.84
52,39F,17.37,254.00,37.81,76.65
57,39F,9.11,254.00,56.97,68.94
06A,30F,14.95,253.00,324.31,583.40
45,32,14.61,253.00,76.22,134.59
22,35,13.88,252.00,190.42,322.68
18,16,18.84,246.00,157.58,340.95
16,18,16.97,246.00,715.20,1423.64
37F,57,7.52,246.00,673.60,699.04
23,30F,9.53,246.00,1090.07,1367.26
30F,23,9.35,245.00,78.13,96.55
20,03,18.21,245.00,54.55,114.87
03,20,18.85,244.00,13.64,29.53
02F,45,14.01,243.00,12.86,21.97
59,32,15.19,242.00,53.11,96.72
03,38,33.55,242.00,17.61,60.44
41,57,19.50,241.00,121.78,270.81
57,41,18.71,241.00,44.53,95.82
18,57,12.00,239.00,521.18,786.05
32,68B,18.35,239.00,283.80,601.28
57,18,10.28,239.00,419.28,558.99
17,68B,28.58,238.00,86.19,260.22
68B,17,28.74,238.00,122.31,370.94
23,06A,12.50,238.00,2180.52,3398.44
16,60,33.31,236.00,48.39,165.14
68A,29F,20.43,236.00,55.40,127.90
40,24B,19.38,236.00,263.72,583.74
08,44,16.97,234.00,1005.95,2001.78
11F,65B,29.82,234.00,90.75,283.45
44,08,15.31,234.00,496.53,910.01
24A,06A,11.82,232.00,980.68,1462.03
49F,70A,24.09,232.00,21.96,57.82
43,13,18.91,232.00,87.92,190.84
30F,06A,16.57,232.00,960.80,1875.85
53,37F,27.31,231.00,2.57,7.48
21A,37F,13.13,229.00,210.03,340.53
51F,02F,14.14,229.00,30.43,52.36
02F,51F,13.03,229.00,17.96,28.94
29F,68A,20.70,227.00,58.97,137.59
01,18,16.02,226.00,422.55,803.26
25,07,16.44,226.00,770.30,1494.96
18,01,17.56,226.00,106.90,218.68
68B,32,19.28,226.00,311.84,687.23
07,25,18.35,226.00,155.69,329.83
05,22,18.87,226.00,657.19,1423.70
32,05,14.65,226.00,188.45,333.45
05,32,15.02,226.00,723.17,1305.30
22,05,18.69,226.00,155.58,334.54
54,24B,32.80,225.00,108.72,366.46
42,34,13.17,225.00,1390.36,2259.49
35,44,25.46,225.00,115.06,316.72
44,35,23.31,225.00,170.44,437.23
50,11F,37.97,224.00,0.54,2.03
59,04,15.20,224.00,4.90,8.93
04,59,14.50,224.00,2.70,4.74
11F,50,35.96,224.00,0.38,1.39
51F,39F,9.25,223.00,28.12,34.45
13,43,18.69,222.00,207.88,446.86
41,03,16.05,221.00,176.89,336.71
10,35,15.08,220.00,1.91,3.45
02F,12F,24.09,220.00,41.67,109.74
42,22,20.64,220.00,309.44,720.26
16,30F,25.19,220.00,283.78,774.66
09,01,9.01,219.00,558.71,670.32
69B,08,16.12,219.00,303.61,579.91
08,69B,16.15,219.00,2832.57,5417.62
69B,41,20.54,218.00,89.62,207.77
41,14F,33.75,218.00,31.68,109.27
65A,41,21.57,218.00,25.12,60.57
41,69B,20.64,218.00,786.65,1831.20
14F,41,31.99,218.00,6.69,22.10
42,02F,15.09,217.00,283.98,514.62
11F,54,21.52,216.00,6.66,16.04
54,11F,24.68,216.00,10.34,27.76
69A,35,15.47,216.00,284.24,525.35
35,69A,17.05,216.00,1624.32,3245.36
22,69B,12.18,215.00,653.38,997.33
22,52,21.41,215.00,70.17,168.18
26,09,16.23,214.00,221.93,426.32
09,26,16.98,214.00,302.51,602.42
32,30F,16.71,212.00,146.22,287.40
60,30F,29.67,212.00,92.69,288.38
39F,24B,16.11,212.00,1407.87,2687.94
30F,60,31.41,212.00,23.14,75.34
24B,39F,14.45,212.00,216.38,378.62
11F,37F,13.83,211.00,123.03,207.86
20,49F,13.12,211.00,12.44,20.16
49F,20,12.85,211.00,2.96,4.71
20,68A,19.13,210.00,194.50,426.05
30F,06B,14.53,210.00,362.88,637.82
46F,07,25.55,210.00,378.74,1045.51
54,57,26.92,210.00,14.25,41.01
06B,30F,13.53,210.00,2267.75,3764.99
34,22,7.53,209.00,1438.40,1494.35
02F,03,25.72,209.00,29.50,81.88
06B,29F,8.60,208.00,599.29,692.55
61,40,25.51,207.00,22.19,61.20
61,42,30.36,207.00,170.99,541.89
40,61,23.21,207.00,23.44,59.93
42,61,28.16,207.00,93.02,277.58
16,21A,12.32,206.00,2847.49,4386.60
30F,44,23.67,204.00,94.62,245.74
68A,30F,22.41,204.00,431.37,1072.19
44,30F,23.47,204.00,251.47,648.70
06A,29F,9.09,201.00,93.77,113.27
65A,11F,23.78,201.00,7.64,19.91
42,39F,21.69,200.00,54.33,131.56
39F,69B,22.51,200.00,461.32,1150.60
03,43,35.57,198.00,77.03,277.04
11F,06B,18.80,196.00,228.58,493.69
39F,57,10.50,195.00,292.66,396.77
13,29F,6.55,194.00,97.10,90.22
29F,13,6.38,194.00,74.87,68.12
68A,22,17.58,194.00,440.86,902.55
37F,11F,13.97,193.00,118.97,202.62
02F,42,16.52,192.00,235.26,458.36
16,30,24.49,192.00,91.56,244.35
45,37F,16.62,192.00,39.13,76.59
37F,45,18.93,192.00,13.53,29.38
34,59,14.82,191.00,19.91,35.56
59,07,22.04,191.00,158.54,388.86
46F,69B,16.65,191.00,571.35,1119.88
44,34,20.43,190.00,381.95,881.77
44,32,20.98,190.00,138.05,325.52
34,44,20.76,190.00,208.05,486.53
09,22,18.34,190.00,791.75,1676.43
30,44,24.81,190.00,174.33,470.13
32,44,21.91,190.00,58.87,143.72
22,68A,16.90,190.00,181.46,359.94
44,30,23.12,190.00,79.02,201.39
60,44,35.72,190.00,44.28,159.81
35,09,13.92,189.00,648.16,1100.89
54,21B,30.60,189.00,142.02,452.90
09,35,14.23,189.00,1396.77,2414.91
15,39F,33.80,188.00,4.85,16.74
39F,15,34.46,188.00,8.31,29.15
25,14F,14.38,187.00,69.48,121.13
14F,25,15.15,187.00,10.32,18.75
20,32,6.78,187.00,719.69,687.57
35,10,13.48,187.00,2.56,4.24
32,20,6.50,187.00,89.53,82.72
26,63F,6.47,186.00,2.27,2.09
63F,26,6.29,186.00,16.19,14.57
59,42,20.67,185.00,51.63,120.32
14F,30F,22.36,184.00,34.01,84.41
59,34,15.50,184.00,133.86,247.73
04,42,30.09,184.00,14.68,46.18
03,21A,36.91,184.00,92.13,341.25
46F,01,14.24,183.00,47.38,81.98
43,29F,12.09,183.00,201.92,306.49
01,46F,12.64,183.00,31.06,48.84
65A,42,23.35,182.00,42.10,108.15
07,23,17.30,182.00,112.37,227.07
23,07,16.19,182.00,1040.70,1994.48
04,60,17.85,180.00,15.74,32.62
60,04,17.49,180.00,10.81,22.04
29F,37F,6.36,180.00,192.43,174.82
26,70A,14.65,178.00,565.36,1000.42
59,06A,22.25,178.00,194.36,480.31
70A,26,13.76,178.00,173.26,291.62
30F,14F,21.82,178.00,30.59,74.42
18,54,18.59,177.00,34.02,72.83
69B,22,11.93,177.00,415.06,623.35
57,17,13.65,177.00,79.51,132.95
60,24B,28.62,177.00,275.11,831.62
24B,60,31.17,177.00,113.65,367.74
69B,17,24.23,176.00,61.18,161.87
17,69B,24.61,176.00,87.65,234.82
26,24A,18.63,174.00,40.28,86.39
24A,26,17.23,174.00,27.65,55.70
24A,02F,20.32,174.00,29.76,68.40
29F,09,13.75,174.00,165.07,277.62
02F,24A,22.71,174.00,43.95,110.40
18,59,18.62,174.00,29.96,64.22
20,34,11.41,174.00,666.53,965.62
34,20,12.18,174.00,80.94,123.54
68A,03,31.52,173.00,52.34,170.88
03,68A,32.29,173.00,47.40,157.77
45,29F,10.60,173.00,35.27,48.18
29F,45,11.32,173.00,6.49,9.34
63F,21A,15.21,173.00,32.21,58.72
52,11F,21.55,172.00,29.94,72.14
34,54,20.10,172.00,12.25,27.92
11F,69B,26.45,172.00,203.86,578.54
69B,11F,24.86,172.00,22.61,61.06
11F,52,19.72,172.00,121.81,273.31
54,34,22.67,172.00,94.82,237.88
29F,06A,13.07,171.00,539.50,871.42
29F,43,15.12,171.00,218.05,395.73
02F,53,15.48,171.00,3.23,5.98
01,08,11.96,171.00,556.65,837.60
01,09,8.79,171.00,1430.13,1682.61
08,01,11.98,171.00,312.55,470.75
60,41,17.48,171.00,107.51,219.06
53,02F,17.25,171.00,6.83,13.77
25,38,14.27,168.00,140.56,243.57
38,25,15.75,168.00,213.85,401.07
59,70A,25.10,167.00,107.22,291.81
02F,41,21.31,166.00,72.05,172.02
41,02F,18.80,166.00,165.81,358.15
60,21A,29.28,166.00,228.39,702.96
29F,06B,9.80,165.00,278.77,357.63
17,09,26.63,164.00,49.41,141.01
09,17,28.40,164.00,200.60,602.59
03,68B,36.30,164.00,92.99,339.87
54,18,21.97,162.00,100.38,245.57
53,10,11.41,162.00,0.22,0.32
15,35,33.74,162.00,26.66,91.91
37F,25,15.60,161.00,89.20,165.98
25,37F,15.20,161.00,95.17,173.48
12F,34,18.25,159.00,112.20,236.63
09,29F,12.81,159.00,275.30,437.61
34,12F,17.31,159.00,128.50,259.86
59,37F,12.74,158.00,50.11,79.30
14F,26,11.48,158.00,26.63,38.76
37F,59,12.18,158.00,35.50,54.21
54,32,20.07,157.00,46.13,104.96
52,22,21.89,156.00,122.78,299.53
60,65A,34.09,156.00,87.56,304.37
17,57,13.62,155.00,39.49,65.94
03,02F,26.44,155.00,23.11,65.55
32,49F,19.74,154.00,2.98,6.68
24A,32,15.04,154.00,77.19,139.47
49F,32,19.81,154.00,5.89,13.26
12F,06A,23.38,153.00,204.52,525.91
06A,12F,24.06,153.00,37.26,98.04
15,70A,22.35,152.00,219.82,545.25
01,63F,6.23,151.00,4.63,4.13
30F,32,17.37,151.00,111.24,225.60
20,40,11.10,151.00,44.25,62.75
06B,01,17.12,150.00,151.79,304.21
25,17,16.84,150.00,101.87,201.48
49F,68B,32.93,150.00,11.38,38.47
17,25,16.66,150.00,15.07,29.55
01,06B,15.13,150.00,414.21,752.22
63F,01,6.02,150.00,9.17,7.97
52,12F,27.50,150.00,36.79,107.71
12F,52,26.84,150.00,26.42,75.86
22,32,12.31,148.00,158.71,244.40
32,22,12.89,148.00,154.57,246.87
65A,32,17.99,147.00,39.36,82.08
39F,65A,21.90,147.00,344.06,839.52
39F,14F,30.60,147.00,26.88,85.69
05,23,16.63,147.00,119.99,234.97
23,05,18.32,147.00,291.89,617.71
37F,23,17.00,145.00,48.15,95.99
13,41,9.05,145.00,191.55,230.54
63F,69A,11.79,145.00,98.04,145.79
41,13,8.21,145.00,320.53,356.90
32,24A,14.08,144.00,57.36,98.34
68B,29F,23.52,144.00,51.02,131.80
29F,68B,23.00,144.00,118.46,300.64
01,43,17.19,144.00,598.11,1202.61
43,01,18.01,144.00,91.34,190.69
16,15,14.76,144.00,61.70,109.84
15,16,15.39,144.00,34.86,64.16
24A,14F,17.66,142.00,24.28,49.88
49F,09,21.44,141.00,13.36,32.06
43,26,16.78,141.00,202.39,399.27
09,49F,20.37,141.00,28.99,66.76
03,69B,37.84,140.00,64.52,243.81
39F,59,12.16,139.00,30.24,46.09
59,18,18.39,139.00,94.51,200.54
32,65A,18.95,139.00,141.70,308.01
59,39F,11.98,139.00,23.72,35.75
13,52,8.23,138.00,336.97,376.14
15,65A,13.09,138.00,330.24,534.14
52,13,8.11,138.00,161.70,178.35
65A,15,13.42,138.00,12.04,19.86
08,03,20.30,137.00,243.68,559.59
03,08,22.32,137.00,88.17,218.47
69A,12F,27.03,136.00,41.43,119.62
38,13,16.76,136.00,154.55,304.49
13,38,16.16,136.00,56.55,108.21
12F,69A,25.53,136.00,218.49,602.72
38,68A,23.69,136.00,641.84,1668.17
45,41,12.40,135.00,97.16,150.44
39F,35,12.54,135.00,562.57,878.99
35,39F,12.00,135.00,91.18,137.57
41,45,11.32,135.00,46.00,66.25
15,63F,12.96,134.00,0.51,0.82
45,68B,29.46,134.00,100.12,309.73
63F,15,12.00,134.00,1.61,2.43
40,21A,17.64,134.00,276.51,567.67
40,20,10.64,133.00,29.39,40.26
37F,29F,6.52,133.00,391.36,362.72
04,70B,39.95,133.00,66.88,263.92
34,29F,8.57,132.00,188.09,216.88
29F,34,9.05,132.00,376.38,452.94
70A,17,26.92,132.00,83.93,241.59
37F,08,13.44,131.00,725.01,1197.74
17,18,21.64,131.00,73.46,177.55
18,17,22.19,131.00,238.86,589.02
08,37F,12.55,131.00,773.65,1209.39
02F,30F,22.15,128.00,165.74,408.14
26,14F,11.90,127.00,67.35,100.94
40,03,19.91,127.00,21.72,49.12
44,02F,30.02,127.00,47.46,149.04
02F,44,34.20,127.00,48.15,167.79
07,22,15.22,126.00,1023.27,1866.75
17,70A,24.41,126.00,122.01,324.75
23,02F,23.63,126.00,54.68,141.80
02F,23,27.81,126.00,9.38,27.70
02F,49F,19.59,126.00,6.02,13.44
49F,02F,19.03,126.00,4.49,9.80
60,69B,31.85,125.00,142.08,467.78
07,30F,19.94,125.00,947.33,2145.19
15,41,30.98,124.00,19.04,61.30
26,35,25.80,124.00,50.40,140.19
26,21B,13.54,124.00,859.69,1428.30
24A,41,24.06,124.00,27.68,72.81
35,26,26.01,124.00,32.81,91.88
41,24A,23.82,124.00,93.26,243.43
41,15,31.63,124.00,14.16,46.36
69B,35,18.94,124.00,175.15,380.50
68A,25,16.69,123.00,108.18,212.45
25,68A,16.22,123.00,271.22,520.64
34,42,13.55,120.00,557.21,926.41
68B,13,28.04,118.00,38.22,113.65
40,65B,20.65,118.00,84.08,195.75
45,06B,19.02,118.00,102.61,223.70
22,34,7.92,118.00,1007.02,1089.53
14F,21B,19.03,118.00,147.53,321.78
01,52,28.42,118.00,68.85,206.94
46F,35,35.12,118.00,48.61,173.04
65B,40,20.58,118.00,29.53,68.56
29F,69A,18.89,117.00,328.94,713.22
59,69A,27.97,117.00,156.60,464.71
07,24A,15.96,116.00,412.48,781.52
11F,65A,25.27,116.00,157.63,431.37
24A,07,15.49,116.00,457.36,846.22
53,70B,38.91,116.00,27.58,106.58
42,57,16.99,115.00,177.13,352.79
68A,02F,25.81,114.00,100.34,279.26
22,09,16.13,114.00,245.89,469.88
02F,68A,29.26,114.00,89.72,275.99
14F,24A,18.45,113.00,13.92,29.63
30F,65A,14.90,112.00,430.13,771.40
21B,14F,19.32,112.00,85.86,189.55
37F,20,10.79,110.00,124.14,172.06
60,53,13.85,110.00,4.06,6.86
15,69A,17.29,110.00,666.38,1346.04
53,60,13.77,110.00,10.35,17.43
20,37F,9.86,110.00,225.69,291.03
41,60,16.50,109.00,207.77,404.41
41,22,23.07,109.00,224.37,570.84
57,11F,14.64,109.00,26.89,47.55
22,41,22.23,109.00,44.67,110.33
54,12F,31.72,108.00,12.52,41.08
32,57,9.17,108.00,118.23,143.90
13,21A,22.32,108.00,187.64,464.88
11F,49F,34.58,108.00,1.92,6.75
49F,11F,35.96,108.00,0.61,2.20
39F,16,28.76,108.00,29.09,88.27
65A,12F,21.85,106.00,18.10,44.09
12F,65A,22.73,106.00,78.32,196.91
61,23,16.19,105.00,67.91,130.17
23,61,15.17,105.00,151.35,275.37
68A,63F,6.85,105.00,8.75,8.43
51F,70B,29.83,105.00,140.61,439.36
25,57,8.41,104.00,260.37,295.66
57,25,8.65,104.00,71.97,83.61
26,43,17.73,103.00,297.42,612.98
59,30F,20.86,102.00,64.21,150.70
54,06A,27.68,102.00,190.32,560.17
22,07,13.42,101.00,839.72,1385.41
42,15,32.54,101.00,14.77,49.48
04,03,32.47,100.00,3.83,12.81
63F,68A,7.57,100.00,51.24,53.45
03,04,33.56,100.00,1.88,6.46
40,69A,13.93,100.00,811.05,1378.43
